Workbook

Sheet SEED
B2: ID Person / ID Institution | C2: ID Employee | D2: Name Person / Institution | E2: Bank Name | F2: RefID Bank | G2: Account Number | H2: Owner Account | I2: Currency_RefID | J2: Bank Branch | K2: Bank Branch Address | M2: SYS_PID Prediction | N2: SQL Syntax
M3: 167000000000000
B4: 124000000000001 | D4: =IF(EXACT($B4, ""), "", IF((FLOOR($B4/1000000000000, 1) = 124), VLOOKUP($B4, '[1]DataLookUp - InstitutionBranch'!$B$4:$C$2000, 2, FALSE), IF((FLOOR($B4/1000000000000, 1) = 25), VLOOKUP($B4, [2]DataLookUp!$B$4:$D$2000, 2, FALSE), "xx"))) -> PT. QDC Technologies | E4: Bank Central Asia | F4: =VLOOKUP($E4, OFFSET([3]MAIN!$B$2, 0, 0, 100, 6), 5, FALSE) -> 166000000000005 | G4: 0063032911 | H4: PT QDC Technologies | I4: 62000000000001 | M4: =M3 + IF(EXACT(N4, ""), 0, 1) -> 167000000000001 | N4: =IF(OR(EXACT(B4, ""), EXACT(G4, "")), "", CONCATENATE("PERFORM ""SchData-OLTP-Master"".""Func_TblBankAccount_SET""(varSystemLoginSession, null, null, null, null, null, varInstitutionBranchID, varBaseCurrencyID, ", F4, ", '", G4, "', '", H4, "', ", I4, ", ", B4, ");")) -> PERFORM "SchData-OLTP-Master"."Func_TblBankAccount_SET"(varSystemLoginSession, null, null, null, null, null, varInstitutionBranchID, varBaseCurrencyID, 166000000000005, '0063032911', 'PT QDC Technologies', 62000000000001, 124000000000001);
B5: 124000000000001 | D5: =IF(EXACT($B5, ""), "", IF((FLOOR($B5/1000000000000, 1) = 124), VLOOKUP($B5, '[1]DataLookUp - InstitutionBranch'!$B$4:$C$2000, 2, FALSE), IF((FLOOR($B5/1000000000000, 1) = 25), VLOOKUP($B5, [2]DataLookUp!$B$4:$D$2000, 2, FALSE), "xx"))) -> PT. QDC Technologies | E5: Bank Central Asia | F5: =VLOOKUP($E5, OFFSET([3]MAIN!$B$2, 0, 0, 100, 6), 5, FALSE) -> 166000000000005 | G5: 0065557750 | H5: PT QDC Technologies | I5: 62000000000001 | M5: =M4 + IF(EXACT(N5, ""), 0, 1) -> 167000000000002 | N5: =IF(OR(EXACT(B5, ""), EXACT(G5, "")), "", CONCATENATE("PERFORM ""SchData-OLTP-Master"".""Func_TblBankAccount_SET""(varSystemLoginSession, null, null, null, null, null, varInstitutionBranchID, varBaseCurrencyID, ", F5, ", '", G5, "', '", H5, "', ", I5, ", ", B5, ");")) -> PERFORM "SchData-OLTP-Master"."Func_TblBankAccount_SET"(varSystemLoginSession, null, null, null, null, null, varInstitutionBranchID, varBaseCurrencyID, 166000000000005, '0065557750', 'PT QDC Technologies', 62000000000001, 124000000000001);
B6: 124000000000001 | D6: =IF(EXACT($B6, ""), "", IF((FLOOR($B6/1000000000000, 1) = 124), VLOOKUP($B6, '[1]DataLookUp - InstitutionBranch'!$B$4:$C$2000, 2, FALSE), IF((FLOOR($B6/1000000000000, 1) = 25), VLOOKUP($B6, [2]DataLookUp!$B$4:$D$2000, 2, FALSE), "xx"))) -> PT. QDC Technologies | E6: Bank Central Asia | F6: =VLOOKUP($E6, OFFSET([3]MAIN!$B$2, 0, 0, 100, 6), 5, FALSE) -> 166000000000005 | G6: 0068502911 | H6: PT QDC Technologies | I6: 62000000000001 | M6: =M5 + IF(EXACT(N6, ""), 0, 1) -> 167000000000003 | N6: =IF(OR(EXACT(B6, ""), EXACT(G6, "")), "", CONCATENATE("PERFORM ""SchData-OLTP-Master"".""Func_TblBankAccount_SET""(varSystemLoginSession, null, null, null, null, null, varInstitutionBranchID, varBaseCurrencyID, ", F6, ", '", G6, "', '", H6, "', ", I6, ", ", B6, ");")) -> PERFORM "SchData-OLTP-Master"."Func_TblBankAccount_SET"(varSystemLoginSession, null, null, null, null, null, varInstitutionBranchID, varBaseCurrencyID, 166000000000005, '0068502911', 'PT QDC Technologies', 62000000000001, 124000000000001);
B7: 124000000000001 | D7: =IF(EXACT($B7, ""), "", IF((FLOOR($B7/1000000000000, 1) = 124), VLOOKUP($B7, '[1]DataLookUp - InstitutionBranch'!$B$4:$C$2000, 2, FALSE), IF((FLOOR($B7/1000000000000, 1) = 25), VLOOKUP($B7, [2]DataLookUp!$B$4:$D$2000, 2, FALSE), "xx"))) -> PT. QDC Technologies | E7: Bank Central Asia | F7: =VLOOKUP($E7, OFFSET([3]MAIN!$B$2, 0, 0, 100, 6), 5, FALSE) -> 166000000000005 | G7: 2173050101 | H7: PT QDC Technologies | I7: 62000000000001 | M7: =M6 + IF(EXACT(N7, ""), 0, 1) -> 167000000000004 | N7: =IF(OR(EXACT(B7, ""), EXACT(G7, "")), "", CONCATENATE("PERFORM ""SchData-OLTP-Master"".""Func_TblBankAccount_SET""(varSystemLoginSession, null, null, null, null, null, varInstitutionBranchID, varBaseCurrencyID, ", F7, ", '", G7, "', '", H7, "', ", I7, ", ", B7, ");")) -> PERFORM "SchData-OLTP-Master"."Func_TblBankAccount_SET"(varSystemLoginSession, null, null, null, null, null, varInstitutionBranchID, varBaseCurrencyID, 166000000000005, '2173050101', 'PT QDC Technologies', 62000000000001, 124000000000001);
B8: 124000000000001 | D8: =IF(EXACT($B8, ""), "", IF((FLOOR($B8/1000000000000, 1) = 124), VLOOKUP($B8, '[1]DataLookUp - InstitutionBranch'!$B$4:$C$2000, 2, FALSE), IF((FLOOR($B8/1000000000000, 1) = 25), VLOOKUP($B8, [2]DataLookUp!$B$4:$D$2000, 2, FALSE), "xx"))) -> PT. QDC Technologies | E8: Bank Central Asia | F8: =VLOOKUP($E8, OFFSET([3]MAIN!$B$2, 0, 0, 100, 6), 5, FALSE) -> 166000000000005 | G8: 2173108214 | H8: PT QDC Technologies | I8: 62000000000001 | M8: =M7 + IF(EXACT(N8, ""), 0, 1) -> 167000000000005 | N8: =IF(OR(EXACT(B8, ""), EXACT(G8, "")), "", CONCATENATE("PERFORM ""SchData-OLTP-Master"".""Func_TblBankAccount_SET""(varSystemLoginSession, null, null, null, null, null, varInstitutionBranchID, varBaseCurrencyID, ", F8, ", '", G8, "', '", H8, "', ", I8, ", ", B8, ");")) -> PERFORM "SchData-OLTP-Master"."Func_TblBankAccount_SET"(varSystemLoginSession, null, null, null, null, null, varInstitutionBranchID, varBaseCurrencyID, 166000000000005, '2173108214', 'PT QDC Technologies', 62000000000001, 124000000000001);
B9: 124000000000001 | D9: =IF(EXACT($B9, ""), "", IF((FLOOR($B9/1000000000000, 1) = 124), VLOOKUP($B9, '[1]DataLookUp - InstitutionBranch'!$B$4:$C$2000, 2, FALSE), IF((FLOOR($B9/1000000000000, 1) = 25), VLOOKUP($B9, [2]DataLookUp!$B$4:$D$2000, 2, FALSE), "xx"))) -> PT. QDC Technologies | E9: Bank CIMB Niaga | F9: =VLOOKUP($E9, OFFSET([3]MAIN!$B$2, 0, 0, 100, 6), 5, FALSE) -> 166000000000017 | G9: 762375277200 | H9: PT QDC Technologies | I9: 62000000000001 | M9: =M8 + IF(EXACT(N9, ""), 0, 1) -> 167000000000006 | N9: =IF(OR(EXACT(B9, ""), EXACT(G9, "")), "", CONCATENATE("PERFORM ""SchData-OLTP-Master"".""Func_TblBankAccount_SET""(varSystemLoginSession, null, null, null, null, null, varInstitutionBranchID, varBaseCurrencyID, ", F9, ", '", G9, "', '", H9, "', ", I9, ", ", B9, ");")) -> PERFORM "SchData-OLTP-Master"."Func_TblBankAccount_SET"(varSystemLoginSession, null, null, null, null, null, varInstitutionBranchID, varBaseCurrencyID, 166000000000017, '762375277200', 'PT QDC Technologies', 62000000000001, 124000000000001);
B10: 124000000000001 | D10: =IF(EXACT($B10, ""), "", IF((FLOOR($B10/1000000000000, 1) = 124), VLOOKUP($B10, '[1]DataLookUp - InstitutionBranch'!$B$4:$C$2000, 2, FALSE), IF((FLOOR($B10/1000000000000, 1) = 25), VLOOKUP($B10, [2]DataLookUp!$B$4:$D$2000, 2, FALSE), "xx"))) -> PT. QDC Technologies | E10: Bank CIMB Niaga | F10: =VLOOKUP($E10, OFFSET([3]MAIN!$B$2, 0, 0, 100, 6), 5, FALSE) -> 166000000000017 | G10: 800039839400 | H10: PT QDC Technologies | I10: 62000000000001 | M10: =M9 + IF(EXACT(N10, ""), 0, 1) -> 167000000000007 | N10: =IF(OR(EXACT(B10, ""), EXACT(G10, "")), "", CONCATENATE("PERFORM ""SchData-OLTP-Master"".""Func_TblBankAccount_SET""(varSystemLoginSession, null, null, null, null, null, varInstitutionBranchID, varBaseCurrencyID, ", F10, ", '", G10, "', '", H10, "', ", I10, ", ", B10, ");")) -> PERFORM "SchData-OLTP-Master"."Func_TblBankAccount_SET"(varSystemLoginSession, null, null, null, null, null, varInstitutionBranchID, varBaseCurrencyID, 166000000000017, '800039839400', 'PT QDC Technologies', 62000000000001, 124000000000001);
B11: 124000000000001 | D11: =IF(EXACT($B11, ""), "", IF((FLOOR($B11/1000000000000, 1) = 124), VLOOKUP($B11, '[1]DataLookUp - InstitutionBranch'!$B$4:$C$2000, 2, FALSE), IF((FLOOR($B11/1000000000000, 1) = 25), VLOOKUP($B11, [2]DataLookUp!$B$4:$D$2000, 2, FALSE), "xx"))) -> PT. QDC Technologies | E11: Bank CIMB Niaga | F11: =VLOOKUP($E11, OFFSET([3]MAIN!$B$2, 0, 0, 100, 6), 5, FALSE) -> 166000000000017 | G11: 800039840100 | H11: PT QDC Technologies | I11: 62000000000001 | M11: =M10 + IF(EXACT(N11, ""), 0, 1) -> 167000000000008 | N11: =IF(OR(EXACT(B11, ""), EXACT(G11, "")), "", CONCATENATE("PERFORM ""SchData-OLTP-Master"".""Func_TblBankAccount_SET""(varSystemLoginSession, null, null, null, null, null, varInstitutionBranchID, varBaseCurrencyID, ", F11, ", '", G11, "', '", H11, "', ", I11, ", ", B11, ");")) -> PERFORM "SchData-OLTP-Master"."Func_TblBankAccount_SET"(varSystemLoginSession, null, null, null, null, null, varInstitutionBranchID, varBaseCurrencyID, 166000000000017, '800039840100', 'PT QDC Technologies', 62000000000001, 124000000000001);
B12: 124000000000001 | D12: =IF(EXACT($B12, ""), "", IF((FLOOR($B12/1000000000000, 1) = 124), VLOOKUP($B12, '[1]DataLookUp - InstitutionBranch'!$B$4:$C$2000, 2, FALSE), IF((FLOOR($B12/1000000000000, 1) = 25), VLOOKUP($B12, [2]DataLookUp!$B$4:$D$2000, 2, FALSE), "xx"))) -> PT. QDC Technologies | E12: Bank CIMB Niaga | F12: =VLOOKUP($E12, OFFSET([3]MAIN!$B$2, 0, 0, 100, 6), 5, FALSE) -> 166000000000017 | G12: 860012900500 | H12: PT QDC Technologies | I12: 62000000000001 | M12: =M11 + IF(EXACT(N12, ""), 0, 1) -> 167000000000009 | N12: =IF(OR(EXACT(B12, ""), EXACT(G12, "")), "", CONCATENATE("PERFORM ""SchData-OLTP-Master"".""Func_TblBankAccount_SET""(varSystemLoginSession, null, null, null, null, null, varInstitutionBranchID, varBaseCurrencyID, ", F12, ", '", G12, "', '", H12, "', ", I12, ", ", B12, ");")) -> PERFORM "SchData-OLTP-Master"."Func_TblBankAccount_SET"(varSystemLoginSession, null, null, null, null, null, varInstitutionBranchID, varBaseCurrencyID, 166000000000017, '860012900500', 'PT QDC Technologies', 62000000000001, 124000000000001);
B13: 124000000000001 | D13: =IF(EXACT($B13, ""), "", IF((FLOOR($B13/1000000000000, 1) = 124), VLOOKUP($B13, '[1]DataLookUp - InstitutionBranch'!$B$4:$C$2000, 2, FALSE), IF((FLOOR($B13/1000000000000, 1) = 25), VLOOKUP($B13, [2]DataLookUp!$B$4:$D$2000, 2, FALSE), "xx"))) -> PT. QDC Technologies | E13: Bank Commonwealth | F13: =VLOOKUP($E13, OFFSET([3]MAIN!$B$2, 0, 0, 100, 6), 5, FALSE) -> 166000000000015 | G13: 1051189606 | H13: PT QDC Technologies | I13: 62000000000001 | M13: =M12 + IF(EXACT(N13, ""), 0, 1) -> 167000000000010 | N13: =IF(OR(EXACT(B13, ""), EXACT(G13, "")), "", CONCATENATE("PERFORM ""SchData-OLTP-Master"".""Func_TblBankAccount_SET""(varSystemLoginSession, null, null, null, null, null, varInstitutionBranchID, varBaseCurrencyID, ", F13, ", '", G13, "', '", H13, "', ", I13, ", ", B13, ");")) -> PERFORM "SchData-OLTP-Master"."Func_TblBankAccount_SET"(varSystemLoginSession, null, null, null, null, null, varInstitutionBranchID, varBaseCurrencyID, 166000000000015, '1051189606', 'PT QDC Technologies', 62000000000001, 124000000000001);
B14: 124000000000001 | D14: =IF(EXACT($B14, ""), "", IF((FLOOR($B14/1000000000000, 1) = 124), VLOOKUP($B14, '[1]DataLookUp - InstitutionBranch'!$B$4:$C$2000, 2, FALSE), IF((FLOOR($B14/1000000000000, 1) = 25), VLOOKUP($B14, [2]DataLookUp!$B$4:$D$2000, 2, FALSE), "xx"))) -> PT. QDC Technologies | E14: Bank Commonwealth | F14: =VLOOKUP($E14, OFFSET([3]MAIN!$B$2, 0, 0, 100, 6), 5, FALSE) -> 166000000000015 | G14: 1051189707 | H14: PT QDC Technologies | I14: 62000000000002 | M14: =M13 + IF(EXACT(N14, ""), 0, 1) -> 167000000000011 | N14: =IF(OR(EXACT(B14, ""), EXACT(G14, "")), "", CONCATENATE("PERFORM ""SchData-OLTP-Master"".""Func_TblBankAccount_SET""(varSystemLoginSession, null, null, null, null, null, varInstitutionBranchID, varBaseCurrencyID, ", F14, ", '", G14, "', '", H14, "', ", I14, ", ", B14, ");")) -> PERFORM "SchData-OLTP-Master"."Func_TblBankAccount_SET"(varSystemLoginSession, null, null, null, null, null, varInstitutionBranchID, varBaseCurrencyID, 166000000000015, '1051189707', 'PT QDC Technologies', 62000000000002, 124000000000001);
B15: 124000000000001 | D15: =IF(EXACT($B15, ""), "", IF((FLOOR($B15/1000000000000, 1) = 124), VLOOKUP($B15, '[1]DataLookUp - InstitutionBranch'!$B$4:$C$2000, 2, FALSE), IF((FLOOR($B15/1000000000000, 1) = 25), VLOOKUP($B15, [2]DataLookUp!$B$4:$D$2000, 2, FALSE), "xx"))) -> PT. QDC Technologies | E15: Bank KB Bukopin | F15: =VLOOKUP($E15, OFFSET([3]MAIN!$B$2, 0, 0, 100, 6), 5, FALSE) -> 166000000000009 | G15: 1001327468 | H15: PT QDC Technologies | I15: 62000000000001 | M15: =M14 + IF(EXACT(N15, ""), 0, 1) -> 167000000000012 | N15: =IF(OR(EXACT(B15, ""), EXACT(G15, "")), "", CONCATENATE("PERFORM ""SchData-OLTP-Master"".""Func_TblBankAccount_SET""(varSystemLoginSession, null, null, null, null, null, varInstitutionBranchID, varBaseCurrencyID, ", F15, ", '", G15, "', '", H15, "', ", I15, ", ", B15, ");")) -> PERFORM "SchData-OLTP-Master"."Func_TblBankAccount_SET"(varSystemLoginSession, null, null, null, null, null, varInstitutionBranchID, varBaseCurrencyID, 166000000000009, '1001327468', 'PT QDC Technologies', 62000000000001, 124000000000001);
... B59: 124000000000001 | D59: =IF(EXACT($B59, ""), "", IF((FLOOR($B59/1000000000000, 1) = 124), VLOOKUP($B59, '[1]DataLookUp - InstitutionBranch'!$B$4:$C$2000, 2, FALSE), IF((FLOOR($B59/1000000000000, 1) = 25), VLOOKUP($B59, [2]DataLookUp!$B$4:$D$2000, 2, FALSE), "xx"))) -> PT. QDC Technologies | E59: Bank Tabungan Negara | F59: =VLOOKUP($E59, OFFSET([3]MAIN!$B$2, 0, 0, 100, 6), 5, FALSE) -> 166000000000004 | G59: 0100201300000052 | H59: PT QDC Technologies | I59: 62000000000001 | M59: =M58 + IF(EXACT(N59, ""), 0, 1) -> 167000000000056 | N59: =IF(OR(EXACT(B59, ""), EXACT(G59, "")), "", CONCATENATE("PERFORM ""SchData-OLTP-Master"".""Func_TblBankAccount_SET""(varSystemLoginSession, null, null, null, null, null, varInstitutionBranchID, varBaseCurrencyID, ", F59, ", '", G59, "', '", H59, "', ", I59, ", ", B59, ");")) -> PERFORM "SchData-OLTP-Master"."Func_TblBankAccount_SET"(varSystemLoginSession, null, null, null, null, null, varInstitutionBranchID, varBaseCurrencyID, 166000000000004, '0100201300000052', 'PT QDC Technologies', 62000000000001, 124000000000001);
M60: =M59 + IF(EXACT(N60, ""), 0, 1) -> 167000000000056 | N60: =IF(OR(EXACT(B60, ""), EXACT(G60, "")), "", CONCATENATE("PERFORM ""SchData-OLTP-Master"".""Func_TblBankAccount_SET""(varSystemLoginSession, null, null, null, null, null, varInstitutionBranchID, varBaseCurrencyID, ", F60, ", '", G60, "', '", H60, "', ", I60, ", ", B60, ");"))
B61: 25000000000439 | C61: =_xlfn.IFNA(IF(EXACT($B61, ""), "", VLOOKUP($B61, [4]DataLookUp!$C$4:$G$999, 3, FALSE )), "") -> 030717839 | D61: =IF(EXACT($B61, ""), "", IF((FLOOR($B61/1000000000000, 1) = 124), VLOOKUP($B61, '[1]DataLookUp - InstitutionBranch'!$B$4:$C$97, 2, FALSE), IF((FLOOR($B61/1000000000000, 1) = 25), VLOOKUP($B61, [2]DataLookUp!$B$4:$D$632, 2, FALSE), "xx"))) -> Teguh Pratama Januzir Sukin | E61: Bank Central Asia | F61: =IF(EXACT(E61, ""), "", VLOOKUP($E61, OFFSET([3]MAIN!$B$2, 0, 0, 100, 6), 5, FALSE)) -> 166000000000005 | G61: 6550289791 | H61: Teguh Pratama Januzir S | I61: 62000000000001 | M61: =M60 + IF(EXACT(N61, ""), 0, 1) -> 167000000000057 | N61: =IF(OR(EXACT(B61, ""), EXACT(G61, "")), "", CONCATENATE("PERFORM ""SchData-OLTP-Master"".""Func_TblBankAccount_SET""(varSystemLoginSession, null, null, null, null, null, varInstitutionBranchID, varBaseCurrencyID, ", F61, ", '", G61, "', '", H61, "', ", I61, ", ", B61, ");")) -> PERFORM "SchData-OLTP-Master"."Func_TblBankAccount_SET"(varSystemLoginSession, null, null, null, null, null, varInstitutionBranchID, varBaseCurrencyID, 166000000000005, '6550289791', 'Teguh Pratama Januzir S', 62000000000001, 25000000000439);
B62: 25000000000439 | C62: =_xlfn.IFNA(IF(EXACT($B62, ""), "", VLOOKUP($B62, [4]DataLookUp!$C$4:$G$999, 3, FALSE )), "") -> 030717839 | D62: =IF(EXACT($B62, ""), "", IF((FLOOR($B62/1000000000000, 1) = 124), VLOOKUP($B62, '[1]DataLookUp - InstitutionBranch'!$B$4:$C$97, 2, FALSE), IF((FLOOR($B62/1000000000000, 1) = 25), VLOOKUP($B62, [2]DataLookUp!$B$4:$D$632, 2, FALSE), "xx"))) -> Teguh Pratama Januzir Sukin | E62: Bank Mandiri | F62: =IF(EXACT(E62, ""), "", VLOOKUP($E62, OFFSET([3]MAIN!$B$2, 0, 0, 100, 6), 5, FALSE)) -> 166000000000001 | G62: 121-00-0599441-7 | H62: Teguh Pratama Januzi | I62: 62000000000001 | M62: =M61 + IF(EXACT(N62, ""), 0, 1) -> 167000000000058 | N62: =IF(OR(EXACT(B62, ""), EXACT(G62, "")), "", CONCATENATE("PERFORM ""SchData-OLTP-Master"".""Func_TblBankAccount_SET""(varSystemLoginSession, null, null, null, null, null, varInstitutionBranchID, varBaseCurrencyID, ", F62, ", '", G62, "', '", H62, "', ", I62, ", ", B62, ");")) -> PERFORM "SchData-OLTP-Master"."Func_TblBankAccount_SET"(varSystemLoginSession, null, null, null, null, null, varInstitutionBranchID, varBaseCurrencyID, 166000000000001, '121-00-0599441-7', 'Teguh Pratama Januzi', 62000000000001, 25000000000439);
B63: 25000000000439 | C63: =_xlfn.IFNA(IF(EXACT($B63, ""), "", VLOOKUP($B63, [4]DataLookUp!$C$4:$G$999, 3, FALSE )), "") -> 030717839 | D63: =IF(EXACT($B63, ""), "", IF((FLOOR($B63/1000000000000, 1) = 124), VLOOKUP($B63, '[1]DataLookUp - InstitutionBranch'!$B$4:$C$97, 2, FALSE), IF((FLOOR($B63/1000000000000, 1) = 25), VLOOKUP($B63, [2]DataLookUp!$B$4:$D$632, 2, FALSE), "xx"))) -> Teguh Pratama Januzir Sukin | E63: Bank Rakyat Indonesia | F63: =IF(EXACT(E63, ""), "", VLOOKUP($E63, OFFSET([3]MAIN!$B$2, 0, 0, 100, 6), 5, FALSE)) -> 166000000000002 | G63: 0206-01-095647-50-4 | H63: Teguh Pratama Januzi | I63: 62000000000001 | M63: =M62 + IF(EXACT(N63, ""), 0, 1) -> 167000000000059 | N63: =IF(OR(EXACT(B63, ""), EXACT(G63, "")), "", CONCATENATE("PERFORM ""SchData-OLTP-Master"".""Func_TblBankAccount_SET""(varSystemLoginSession, null, null, null, null, null, varInstitutionBranchID, varBaseCurrencyID, ", F63, ", '", G63, "', '", H63, "', ", I63, ", ", B63, ");")) -> PERFORM "SchData-OLTP-Master"."Func_TblBankAccount_SET"(varSystemLoginSession, null, null, null, null, null, varInstitutionBranchID, varBaseCurrencyID, 166000000000002, '0206-01-095647-50-4', 'Teguh Pratama Januzi', 62000000000001, 25000000000439);
B64: 25000000000382 | C64: =_xlfn.IFNA(IF(EXACT($B64, ""), "", VLOOKUP($B64, [4]DataLookUp!$C$4:$G$999, 3, FALSE )), "") -> 210904088 | D64: =IF(EXACT($B64, ""), "", IF((FLOOR($B64/1000000000000, 1) = 124), VLOOKUP($B64, '[1]DataLookUp - InstitutionBranch'!$B$4:$C$97, 2, FALSE), IF((FLOOR($B64/1000000000000, 1) = 25), VLOOKUP($B64, [2]DataLookUp!$B$4:$D$632, 2, FALSE), "xx"))) -> Abdul Samad | E64: Bank Central Asia | F64: =IF(EXACT(E64, ""), "", VLOOKUP($E64, OFFSET([3]MAIN!$B$2, 0, 0, 100, 6), 5, FALSE)) -> 166000000000005 | G64: 0060262641 | H64: Abd Samad | I64: 62000000000001 | M64: =M63 + IF(EXACT(N64, ""), 0, 1) -> 167000000000060 | N64: =IF(OR(EXACT(B64, ""), EXACT(G64, "")), "", CONCATENATE("PERFORM ""SchData-OLTP-Master"".""Func_TblBankAccount_SET""(varSystemLoginSession, null, null, null, null, null, varInstitutionBranchID, varBaseCurrencyID, ", F64, ", '", G64, "', '", H64, "', ", I64, ", ", B64, ");")) -> PERFORM "SchData-OLTP-Master"."Func_TblBankAccount_SET"(varSystemLoginSession, null, null, null, null, null, varInstitutionBranchID, varBaseCurrencyID, 166000000000005, '0060262641', 'Abd Samad', 62000000000001, 25000000000382);
B65: 25000000000514 | C65: =_xlfn.IFNA(IF(EXACT($B65, ""), "", VLOOKUP($B65, [4]DataLookUp!$C$4:$G$999, 3, FALSE )), "") -> 110422962 | D65: =IF(EXACT($B65, ""), "", IF((FLOOR($B65/1000000000000, 1) = 124), VLOOKUP($B65, '[1]DataLookUp - InstitutionBranch'!$B$4:$C$97, 2, FALSE), IF((FLOOR($B65/1000000000000, 1) = 25), VLOOKUP($B65, [2]DataLookUp!$B$4:$D$632, 2, FALSE), "xx"))) -> Achmad Yunadi | E65: Bank Central Asia | F65: =IF(EXACT(E65, ""), "", VLOOKUP($E65, OFFSET([3]MAIN!$B$2, 0, 0, 100, 6), 5, FALSE)) -> 166000000000005 | G65: 2040089643 | H65: Achmad Yunadi | I65: 62000000000001 | M65: =M64 + IF(EXACT(N65, ""), 0, 1) -> 167000000000061 | N65: =IF(OR(EXACT(B65, ""), EXACT(G65, "")), "", CONCATENATE("PERFORM ""SchData-OLTP-Master"".""Func_TblBankAccount_SET""(varSystemLoginSession, null, null, null, null, null, varInstitutionBranchID, varBaseCurrencyID, ", F65, ", '", G65, "', '", H65, "', ", I65, ", ", B65, ");")) -> PERFORM "SchData-OLTP-Master"."Func_TblBankAccount_SET"(varSystemLoginSession, null, null, null, null, null, varInstitutionBranchID, varBaseCurrencyID, 166000000000005, '2040089643', 'Achmad Yunadi', 62000000000001, 25000000000514);
B66: 25000000000012 | C66: =_xlfn.IFNA(IF(EXACT($B66, ""), "", VLOOKUP($B66, [4]DataLookUp!$C$4:$G$999, 3, FALSE )), "") -> 010703020 | D66: =IF(EXACT($B66, ""), "", IF((FLOOR($B66/1000000000000, 1) = 124), VLOOKUP($B66, '[1]DataLookUp - InstitutionBranch'!$B$4:$C$97, 2, FALSE), IF((FLOOR($B66/1000000000000, 1) = 25), VLOOKUP($B66, [2]DataLookUp!$B$4:$D$632, 2, FALSE), "xx"))) -> Agnes Sutedja | E66: Bank Central Asia | F66: =IF(EXACT(E66, ""), "", VLOOKUP($E66, OFFSET([3]MAIN!$B$2, 0, 0, 100, 6), 5, FALSE)) -> 166000000000005 | G66: 0350780718 | H66: The Giok Ing Agnes Suted | I66: 62000000000001 | M66: =M65 + IF(EXACT(N66, ""), 0, 1) -> 167000000000062 | N66: =IF(OR(EXACT(B66, ""), EXACT(G66, "")), "", CONCATENATE("PERFORM ""SchData-OLTP-Master"".""Func_TblBankAccount_SET""(varSystemLoginSession, null, null, null, null, null, varInstitutionBranchID, varBaseCurrencyID, ", F66, ", '", G66, "', '", H66, "', ", I66, ", ", B66, ");")) -> PERFORM "SchData-OLTP-Master"."Func_TblBankAccount_SET"(varSystemLoginSession, null, null, null, null, null, varInstitutionBranchID, varBaseCurrencyID, 166000000000005, '0350780718', 'The Giok Ing Agnes Suted', 62000000000001, 25000000000012);
B67: 25000000000549 | C67: =_xlfn.IFNA(IF(EXACT($B67, ""), "", VLOOKUP($B67, [4]DataLookUp!$C$4:$G$999, 3, FALSE )), "") -> 311022972 | D67: =IF(EXACT($B67, ""), "", IF((FLOOR($B67/1000000000000, 1) = 124), VLOOKUP($B67, '[1]DataLookUp - InstitutionBranch'!$B$4:$C$97, 2, FALSE), IF((FLOOR($B67/1000000000000, 1) = 25), VLOOKUP($B67, [2]DataLookUp!$B$4:$D$632, 2, FALSE), "xx"))) -> Agus Nuryadi | E67: Bank Central Asia | F67: =IF(EXACT(E67, ""), "", VLOOKUP($E67, OFFSET([3]MAIN!$B$2, 0, 0, 100, 6), 5, FALSE)) -> 166000000000005 | G67: 6821221339 | H67: Agus Nuryadi | I67: 62000000000001 | M67: =M66 + IF(EXACT(N67, ""), 0, 1) -> 167000000000063 | N67: =IF(OR(EXACT(B67, ""), EXACT(G67, "")), "", CONCATENATE("PERFORM ""SchData-OLTP-Master"".""Func_TblBankAccount_SET""(varSystemLoginSession, null, null, null, null, null, varInstitutionBranchID, varBaseCurrencyID, ", F67, ", '", G67, "', '", H67, "', ", I67, ", ", B67, ");")) -> PERFORM "SchData-OLTP-Master"."Func_TblBankAccount_SET"(varSystemLoginSession, null, null, null, null, null, varInstitutionBranchID, varBaseCurrencyID, 166000000000005, '6821221339', 'Agus Nuryadi', 62000000000001, 25000000000549);
B68: 25000000000015 | C68: =_xlfn.IFNA(IF(EXACT($B68, ""), "", VLOOKUP($B68, [4]DataLookUp!$C$4:$G$999, 3, FALSE )), "") -> 130223978 | D68: =IF(EXACT($B68, ""), "", IF((FLOOR($B68/1000000000000, 1) = 124), VLOOKUP($B68, '[1]DataLookUp - InstitutionBranch'!$B$4:$C$97, 2, FALSE), IF((FLOOR($B68/1000000000000, 1) = 25), VLOOKUP($B68, [2]DataLookUp!$B$4:$D$632, 2, FALSE), "xx"))) -> Agus Salim | E68: Bank Central Asia | F68: =IF(EXACT(E68, ""), "", VLOOKUP($E68, OFFSET([3]MAIN!$B$2, 0, 0, 100, 6), 5, FALSE)) -> 166000000000005 | G68: 5750423347 | H68: Agus Salim | I68: 62000000000001 | M68: =M67 + IF(EXACT(N68, ""), 0, 1) -> 167000000000064 | N68: =IF(OR(EXACT(B68, ""), EXACT(G68, "")), "", CONCATENATE("PERFORM ""SchData-OLTP-Master"".""Func_TblBankAccount_SET""(varSystemLoginSession, null, null, null, null, null, varInstitutionBranchID, varBaseCurrencyID, ", F68, ", '", G68, "', '", H68, "', ", I68, ", ", B68, ");")) -> PERFORM "SchData-OLTP-Master"."Func_TblBankAccount_SET"(varSystemLoginSession, null, null, null, null, null, varInstitutionBranchID, varBaseCurrencyID, 166000000000005, '5750423347', 'Agus Salim', 62000000000001, 25000000000015);
B69: 25000000000019 | C69: =_xlfn.IFNA(IF(EXACT($B69, ""), "", VLOOKUP($B69, [4]DataLookUp!$C$4:$G$999, 3, FALSE )), "") -> 150506222 | D69: =IF(EXACT($B69, ""), "", IF((FLOOR($B69/1000000000000, 1) = 124), VLOOKUP($B69, '[1]DataLookUp - InstitutionBranch'!$B$4:$C$97, 2, FALSE), IF((FLOOR($B69/1000000000000, 1) = 25), VLOOKUP($B69, [2]DataLookUp!$B$4:$D$632, 2, FALSE), "xx"))) -> Ahmad Syaifulloh | E69: Bank Central Asia | F69: =IF(EXACT(E69, ""), "", VLOOKUP($E69, OFFSET([3]MAIN!$B$2, 0, 0, 100, 6), 5, FALSE)) -> 166000000000005 | G69: 7150306269 | H69: Ahmad Syaifulloh | I69: 62000000000001 | M69: =M68 + IF(EXACT(N69, ""), 0, 1) -> 167000000000065 | N69: =IF(OR(EXACT(B69, ""), EXACT(G69, "")), "", CONCATENATE("PERFORM ""SchData-OLTP-Master"".""Func_TblBankAccount_SET""(varSystemLoginSession, null, null, null, null, null, varInstitutionBranchID, varBaseCurrencyID, ", F69, ", '", G69, "', '", H69, "', ", I69, ", ", B69, ");")) -> PERFORM "SchData-OLTP-Master"."Func_TblBankAccount_SET"(varSystemLoginSession, null, null, null, null, null, varInstitutionBranchID, varBaseCurrencyID, 166000000000005, '7150306269', 'Ahmad Syaifulloh', 62000000000001, 25000000000019);
B70: 25000000000513 | C70: =_xlfn.IFNA(IF(EXACT($B70, ""), "", VLOOKUP($B70, [4]DataLookUp!$C$4:$G$999, 3, FALSE )), "") -> 191022969 | D70: =IF(EXACT($B70, ""), "", IF((FLOOR($B70/1000000000000, 1) = 124), VLOOKUP($B70, '[1]DataLookUp - InstitutionBranch'!$B$4:$C$97, 2, FALSE), IF((FLOOR($B70/1000000000000, 1) = 25), VLOOKUP($B70, [2]DataLookUp!$B$4:$D$632, 2, FALSE), "xx"))) -> Ahmad Choerul | E70: Bank Central Asia | F70: =IF(EXACT(E70, ""), "", VLOOKUP($E70, OFFSET([3]MAIN!$B$2, 0, 0, 100, 6), 5, FALSE)) -> 166000000000005 | G70: 2670159496 | H70: Ahmad Choerul | I70: 62000000000001 | M70: =M69 + IF(EXACT(N70, ""), 0, 1) -> 167000000000066 | N70: =IF(OR(EXACT(B70, ""), EXACT(G70, "")), "", CONCATENATE("PERFORM ""SchData-OLTP-Master"".""Func_TblBankAccount_SET""(varSystemLoginSession, null, null, null, null, null, varInstitutionBranchID, varBaseCurrencyID, ", F70, ", '", G70, "', '", H70, "', ", I70, ", ", B70, ");")) -> PERFORM "SchData-OLTP-Master"."Func_TblBankAccount_SET"(varSystemLoginSession, null, null, null, null, null, varInstitutionBranchID, varBaseCurrencyID, 166000000000005, '2670159496', 'Ahmad Choerul', 62000000000001, 25000000000513);
B71: 25000000000023 | C71: =_xlfn.IFNA(IF(EXACT($B71, ""), "", VLOOKUP($B71, [4]DataLookUp!$C$4:$G$999, 3, FALSE )), "") -> 141020935 | D71: =IF(EXACT($B71, ""), "", IF((FLOOR($B71/1000000000000, 1) = 124), VLOOKUP($B71, '[1]DataLookUp - InstitutionBranch'!$B$4:$C$97, 2, FALSE), IF((FLOOR($B71/1000000000000, 1) = 25), VLOOKUP($B71, [2]DataLookUp!$B$4:$D$632, 2, FALSE), "xx"))) -> Aldi Mulyadi | E71: Bank Central Asia | F71: =IF(EXACT(E71, ""), "", VLOOKUP($E71, OFFSET([3]MAIN!$B$2, 0, 0, 100, 6), 5, FALSE)) -> 166000000000005 | G71: 5520607058 | H71: Aldi Mulyadi | I71: 62000000000001 | M71: =M70 + IF(EXACT(N71, ""), 0, 1) -> 167000000000067 | N71: =IF(OR(EXACT(B71, ""), EXACT(G71, "")), "", CONCATENATE("PERFORM ""SchData-OLTP-Master"".""Func_TblBankAccount_SET""(varSystemLoginSession, null, null, null, null, null, varInstitutionBranchID, varBaseCurrencyID, ", F71, ", '", G71, "', '", H71, "', ", I71, ", ", B71, ");")) -> PERFORM "SchData-OLTP-Master"."Func_TblBankAccount_SET"(varSystemLoginSession, null, null, null, null, null, varInstitutionBranchID, varBaseCurrencyID, 166000000000005, '5520607058', 'Aldi Mulyadi', 62000000000001, 25000000000023);
B72: 25000000000039 | C72: =_xlfn.IFNA(IF(EXACT($B72, ""), "", VLOOKUP($B72, [4]DataLookUp!$C$4:$G$999, 3, FALSE )), "") -> 100419903 | D72: =IF(EXACT($B72, ""), "", IF((FLOOR($B72/1000000000000, 1) = 124), VLOOKUP($B72, '[1]DataLookUp - InstitutionBranch'!$B$4:$C$97, 2, FALSE), IF((FLOOR($B72/1000000000000, 1) = 25), VLOOKUP($B72, [2]DataLookUp!$B$4:$D$632, 2, FALSE), "xx"))) -> Annisa Dewi Arumsari | E72: Bank Central Asia | F72: =IF(EXACT(E72, ""), "", VLOOKUP($E72, OFFSET([3]MAIN!$B$2, 0, 0, 100, 6), 5, FALSE)) -> 166000000000005 | G72: 5520537742 | H72: Annisa Dewi Arumsari | I72: 62000000000001 | M72: =M71 + IF(EXACT(N72, ""), 0, 1) -> 167000000000068 | N72: =IF(OR(EXACT(B72, ""), EXACT(G72, "")), "", CONCATENATE("PERFORM ""SchData-OLTP-Master"".""Func_TblBankAccount_SET""(varSystemLoginSession, null, null, null, null, null, varInstitutionBranchID, varBaseCurrencyID, ", F72, ", '", G72, "', '", H72, "', ", I72, ", ", B72, ");")) -> PERFORM "SchData-OLTP-Master"."Func_TblBankAccount_SET"(varSystemLoginSession, null, null, null, null, null, varInstitutionBranchID, varBaseCurrencyID, 166000000000005, '5520537742', 'Annisa Dewi Arumsari', 62000000000001, 25000000000039);
B73: 25000000000044 | C73: =_xlfn.IFNA(IF(EXACT($B73, ""), "", VLOOKUP($B73, [4]DataLookUp!$C$4:$G$999, 3, FALSE )), "") -> 310821007 | D73: =IF(EXACT($B73, ""), "", IF((FLOOR($B73/1000000000000, 1) = 124), VLOOKUP($B73, '[1]DataLookUp - InstitutionBranch'!$B$4:$C$97, 2, FALSE), IF((FLOOR($B73/1000000000000, 1) = 25), VLOOKUP($B73, [2]DataLookUp!$B$4:$D$632, 2, FALSE), "xx"))) -> Anugerah Januariansyah | E73: Bank Central Asia | F73: =IF(EXACT(E73, ""), "", VLOOKUP($E73, OFFSET([3]MAIN!$B$2, 0, 0, 100, 6), 5, FALSE)) -> 166000000000005 | G73: 4565061969 | H73: Anugerah Januariansyah | I73: 62000000000001 | M73: =M72 + IF(EXACT(N73, ""), 0, 1) -> 167000000000069 | N73: =IF(OR(EXACT(B73, ""), EXACT(G73, "")), "", CONCATENATE("PERFORM ""SchData-OLTP-Master"".""Func_TblBankAccount_SET""(varSystemLoginSession, null, null, null, null, null, varInstitutionBranchID, varBaseCurrencyID, ", F73, ", '", G73, "', '", H73, "', ", I73, ", ", B73, ");")) -> PERFORM "SchData-OLTP-Master"."Func_TblBankAccount_SET"(varSystemLoginSession, null, null, null, null, null, varInstitutionBranchID, varBaseCurrencyID, 166000000000005, '4565061969', 'Anugerah Januariansyah', 62000000000001, 25000000000044);
B74: 25000000000075 | C74: =_xlfn.IFNA(IF(EXACT($B74, ""), "", VLOOKUP($B74, [4]DataLookUp!$C$4:$G$999, 3, FALSE )), "") -> 100920934 | D74: =IF(EXACT($B74, ""), "", IF((FLOOR($B74/1000000000000, 1) = 124), VLOOKUP($B74, '[1]DataLookUp - InstitutionBranch'!$B$4:$C$97, 2, FALSE), IF((FLOOR($B74/1000000000000, 1) = 25), VLOOKUP($B74, [2]DataLookUp!$B$4:$D$632, 2, FALSE), "xx"))) -> Belina Lindarwani | E74: Bank Central Asia | F74: =IF(EXACT(E74, ""), "", VLOOKUP($E74, OFFSET([3]MAIN!$B$2, 0, 0, 100, 6), 5, FALSE)) -> 166000000000005 | G74: 5520579321 | H74: Belina Lindarwani | I74: 62000000000001 | M74: =M73 + IF(EXACT(N74, ""), 0, 1) -> 167000000000070 | N74: =IF(OR(EXACT(B74, ""), EXACT(G74, "")), "", CONCATENATE("PERFORM ""SchData-OLTP-Master"".""Func_TblBankAccount_SET""(varSystemLoginSession, null, null, null, null, null, varInstitutionBranchID, varBaseCurrencyID, ", F74, ", '", G74, "', '", H74, "', ", I74, ", ", B74, ");")) -> PERFORM "SchData-OLTP-Master"."Func_TblBankAccount_SET"(varSystemLoginSession, null, null, null, null, null, varInstitutionBranchID, varBaseCurrencyID, 166000000000005, '5520579321', 'Belina Lindarwani', 62000000000001, 25000000000075);
B75: 25000000000082 | C75: =_xlfn.IFNA(IF(EXACT($B75, ""), "", VLOOKUP($B75, [4]DataLookUp!$C$4:$G$999, 3, FALSE )), "") -> 060515769 | D75: =IF(EXACT($B75, ""), "", IF((FLOOR($B75/1000000000000, 1) = 124), VLOOKUP($B75, '[1]DataLookUp - InstitutionBranch'!$B$4:$C$97, 2, FALSE), IF((FLOOR($B75/1000000000000, 1) = 25), VLOOKUP($B75, [2]DataLookUp!$B$4:$D$632, 2, FALSE), "xx"))) -> Budianto | E75: Bank Central Asia | F75: =IF(EXACT(E75, ""), "", VLOOKUP($E75, OFFSET([3]MAIN!$B$2, 0, 0, 100, 6), 5, FALSE)) -> 166000000000005 | G75: 1280247568 | H75: Budianto | I75: 62000000000001 | M75: =M74 + IF(EXACT(N75, ""), 0, 1) -> 167000000000071 | N75: =IF(OR(EXACT(B75, ""), EXACT(G75, "")), "", CONCATENATE("PERFORM ""SchData-OLTP-Master"".""Func_TblBankAccount_SET""(varSystemLoginSession, null, null, null, null, null, varInstitutionBranchID, varBaseCurrencyID, ", F75, ", '", G75, "', '", H75, "', ", I75, ", ", B75, ");")) -> PERFORM "SchData-OLTP-Master"."Func_TblBankAccount_SET"(varSystemLoginSession, null, null, null, null, null, varInstitutionBranchID, varBaseCurrencyID, 166000000000005, '1280247568', 'Budianto', 62000000000001, 25000000000082);
B76: 25000000000092 | C76: =_xlfn.IFNA(IF(EXACT($B76, ""), "", VLOOKUP($B76, [4]DataLookUp!$C$4:$G$999, 3, FALSE )), "") -> 031212631 | D76: =IF(EXACT($B76, ""), "", IF((FLOOR($B76/1000000000000, 1) = 124), VLOOKUP($B76, '[1]DataLookUp - InstitutionBranch'!$B$4:$C$97, 2, FALSE), IF((FLOOR($B76/1000000000000, 1) = 25), VLOOKUP($B76, [2]DataLookUp!$B$4:$D$632, 2, FALSE), "xx"))) -> Darsito | E76: Bank Central Asia | F76: =IF(EXACT(E76, ""), "", VLOOKUP($E76, OFFSET([3]MAIN!$B$2, 0, 0, 100, 6), 5, FALSE)) -> 166000000000005 | G76: 2211206120 | H76: Darsito S Pd | I76: 62000000000001 | M76: =M75 + IF(EXACT(N76, ""), 0, 1) -> 167000000000072 | N76: =IF(OR(EXACT(B76, ""), EXACT(G76, "")), "", CONCATENATE("PERFORM ""SchData-OLTP-Master"".""Func_TblBankAccount_SET""(varSystemLoginSession, null, null, null, null, null, varInstitutionBranchID, varBaseCurrencyID, ", F76, ", '", G76, "', '", H76, "', ", I76, ", ", B76, ");")) -> PERFORM "SchData-OLTP-Master"."Func_TblBankAccount_SET"(varSystemLoginSession, null, null, null, null, null, varInstitutionBranchID, varBaseCurrencyID, 166000000000005, '2211206120', 'Darsito S Pd', 62000000000001, 25000000000092);
B77: 25000000000094 | C77: =_xlfn.IFNA(IF(EXACT($B77, ""), "", VLOOKUP($B77, [4]DataLookUp!$C$4:$G$999, 3, FALSE )), "") -> 171215791 | D77: =IF(EXACT($B77, ""), "", IF((FLOOR($B77/1000000000000, 1) = 124), VLOOKUP($B77, '[1]DataLookUp - InstitutionBranch'!$B$4:$C$97, 2, FALSE), IF((FLOOR($B77/1000000000000, 1) = 25), VLOOKUP($B77, [2]DataLookUp!$B$4:$D$632, 2, FALSE), "xx"))) -> Deddy Rochman | E77: Bank Central Asia | F77: =IF(EXACT(E77, ""), "", VLOOKUP($E77, OFFSET([3]MAIN!$B$2, 0, 0, 100, 6), 5, FALSE)) -> 166000000000005 | G77: 2839669733 | H77: Dedi Rohman | I77: 62000000000001 | M77: =M76 + IF(EXACT(N77, ""), 0, 1) -> 167000000000073 | N77: =IF(OR(EXACT(B77, ""), EXACT(G77, "")), "", CONCATENATE("PERFORM ""SchData-OLTP-Master"".""Func_TblBankAccount_SET""(varSystemLoginSession, null, null, null, null, null, varInstitutionBranchID, varBaseCurrencyID, ", F77, ", '", G77, "', '", H77, "', ", I77, ", ", B77, ");")) -> PERFORM "SchData-OLTP-Master"."Func_TblBankAccount_SET"(varSystemLoginSession, null, null, null, null, null, varInstitutionBranchID, varBaseCurrencyID, 166000000000005, '2839669733', 'Dedi Rohman', 62000000000001, 25000000000094);
B78: 25000000000106 | C78: =_xlfn.IFNA(IF(EXACT($B78, ""), "", VLOOKUP($B78, [4]DataLookUp!$C$4:$G$999, 3, FALSE )), "") -> 010605133 | D78: =IF(EXACT($B78, ""), "", IF((FLOOR($B78/1000000000000, 1) = 124), VLOOKUP($B78, '[1]DataLookUp - InstitutionBranch'!$B$4:$C$97, 2, FALSE), IF((FLOOR($B78/1000000000000, 1) = 25), VLOOKUP($B78, [2]DataLookUp!$B$4:$D$632, 2, FALSE), "xx"))) -> Dionesius Sostenist Duka | E78: Bank Central Asia | F78: =IF(EXACT(E78, ""), "", VLOOKUP($E78, OFFSET([3]MAIN!$B$2, 0, 0, 100, 6), 5, FALSE)) -> 166000000000005 | G78: 2731371123 | H78: Dionesius Sostenist Duka | I78: 62000000000001 | M78: =M77 + IF(EXACT(N78, ""), 0, 1) -> 167000000000074 | N78: =IF(OR(EXACT(B78, ""), EXACT(G78, "")), "", CONCATENATE("PERFORM ""SchData-OLTP-Master"".""Func_TblBankAccount_SET""(varSystemLoginSession, null, null, null, null, null, varInstitutionBranchID, varBaseCurrencyID, ", F78, ", '", G78, "', '", H78, "', ", I78, ", ", B78, ");")) -> PERFORM "SchData-OLTP-Master"."Func_TblBankAccount_SET"(varSystemLoginSession, null, null, null, null, null, varInstitutionBranchID, varBaseCurrencyID, 166000000000005, '2731371123', 'Dionesius Sostenist Duka', 62000000000001, 25000000000106);
B79: 25000000000116 | C79: =_xlfn.IFNA(IF(EXACT($B79, ""), "", VLOOKUP($B79, [4]DataLookUp!$C$4:$G$999, 3, FALSE )), "") -> 040803040 | D79: =IF(EXACT($B79, ""), "", IF((FLOOR($B79/1000000000000, 1) = 124), VLOOKUP($B79, '[1]DataLookUp - InstitutionBranch'!$B$4:$C$97, 2, FALSE), IF((FLOOR($B79/1000000000000, 1) = 25), VLOOKUP($B79, [2]DataLookUp!$B$4:$D$632, 2, FALSE), "xx"))) -> Edi Waluyo | E79: Bank Central Asia | F79: =IF(EXACT(E79, ""), "", VLOOKUP($E79, OFFSET([3]MAIN!$B$2, 0, 0, 100, 6), 5, FALSE)) -> 166000000000005 | G79: 0060185646 | H79: Edi Waluyo | I79: 62000000000001 | M79: =M78 + IF(EXACT(N79, ""), 0, 1) -> 167000000000075 | N79: =IF(OR(EXACT(B79, ""), EXACT(G79, "")), "", CONCATENATE("PERFORM ""SchData-OLTP-Master"".""Func_TblBankAccount_SET""(varSystemLoginSession, null, null, null, null, null, varInstitutionBranchID, varBaseCurrencyID, ", F79, ", '", G79, "', '", H79, "', ", I79, ", ", B79, ");")) -> PERFORM "SchData-OLTP-Master"."Func_TblBankAccount_SET"(varSystemLoginSession, null, null, null, null, null, varInstitutionBranchID, varBaseCurrencyID, 166000000000005, '0060185646', 'Edi Waluyo', 62000000000001, 25000000000116);
B80: 25000000000123 | C80: =_xlfn.IFNA(IF(EXACT($B80, ""), "", VLOOKUP($B80, [4]DataLookUp!$C$4:$G$999, 3, FALSE )), "") -> 200420932 | D80: =IF(EXACT($B80, ""), "", IF((FLOOR($B80/1000000000000, 1) = 124), VLOOKUP($B80, '[1]DataLookUp - InstitutionBranch'!$B$4:$C$97, 2, FALSE), IF((FLOOR($B80/1000000000000, 1) = 25), VLOOKUP($B80, [2]DataLookUp!$B$4:$D$632, 2, FALSE), "xx"))) -> Eka Bagus Dwi Putra | E80: Bank Central Asia | F80: =IF(EXACT(E80, ""), "", VLOOKUP($E80, OFFSET([3]MAIN!$B$2, 0, 0, 100, 6), 5, FALSE)) -> 166000000000005 | G80: 5211078091 | H80: Eka Bagus Dwi Putra | I80: 62000000000001 | M80: =M79 + IF(EXACT(N80, ""), 0, 1) -> 167000000000076 | N80: =IF(OR(EXACT(B80, ""), EXACT(G80, "")), "", CONCATENATE("PERFORM ""SchData-OLTP-Master"".""Func_TblBankAccount_SET""(varSystemLoginSession, null, null, null, null, null, varInstitutionBranchID, varBaseCurrencyID, ", F80, ", '", G80, "', '", H80, "', ", I80, ", ", B80, ");")) -> PERFORM "SchData-OLTP-Master"."Func_TblBankAccount_SET"(varSystemLoginSession, null, null, null, null, null, varInstitutionBranchID, varBaseCurrencyID, 166000000000005, '5211078091', 'Eka Bagus Dwi Putra', 62000000000001, 25000000000123);
B81: 25000000000125 | C81: =_xlfn.IFNA(IF(EXACT($B81, ""), "", VLOOKUP($B81, [4]DataLookUp!$C$4:$G$999, 3, FALSE )), "") -> 060121944 | D81: =IF(EXACT($B81, ""), "", IF((FLOOR($B81/1000000000000, 1) = 124), VLOOKUP($B81, '[1]DataLookUp - InstitutionBranch'!$B$4:$C$97, 2, FALSE), IF((FLOOR($B81/1000000000000, 1) = 25), VLOOKUP($B81, [2]DataLookUp!$B$4:$D$632, 2, FALSE), "xx"))) -> Eka Purwanti | E81: Bank Central Asia | F81: =IF(EXACT(E81, ""), "", VLOOKUP($E81, OFFSET([3]MAIN!$B$2, 0, 0, 100, 6), 5, FALSE)) -> 166000000000005 | G81: 5855178874 | H81: Eka Purwanti | I81: 62000000000001 | M81: =M80 + IF(EXACT(N81, ""), 0, 1) -> 167000000000077 | N81: =IF(OR(EXACT(B81, ""), EXACT(G81, "")), "", CONCATENATE("PERFORM ""SchData-OLTP-Master"".""Func_TblBankAccount_SET""(varSystemLoginSession, null, null, null, null, null, varInstitutionBranchID, varBaseCurrencyID, ", F81, ", '", G81, "', '", H81, "', ", I81, ", ", B81, ");")) -> PERFORM "SchData-OLTP-Master"."Func_TblBankAccount_SET"(varSystemLoginSession, null, null, null, null, null, varInstitutionBranchID, varBaseCurrencyID, 166000000000005, '5855178874', 'Eka Purwanti', 62000000000001, 25000000000125);
B82: 25000000000138 | C82: =_xlfn.IFNA(IF(EXACT($B82, ""), "", VLOOKUP($B82, [4]DataLookUp!$C$4:$G$999, 3, FALSE )), "") -> 010806250 | D82: =IF(EXACT($B82, ""), "", IF((FLOOR($B82/1000000000000, 1) = 124), VLOOKUP($B82, '[1]DataLookUp - InstitutionBranch'!$B$4:$C$97, 2, FALSE), IF((FLOOR($B82/1000000000000, 1) = 25), VLOOKUP($B82, [2]DataLookUp!$B$4:$D$632, 2, FALSE), "xx"))) -> Endang Sutrisna | E82: Bank Central Asia | F82: =IF(EXACT(E82, ""), "", VLOOKUP($E82, OFFSET([3]MAIN!$B$2, 0, 0, 100, 6), 5, FALSE)) -> 166000000000005 | G82: 5750226541 | H82: Endang Sutrisno | I82: 62000000000001 | M82: =M81 + IF(EXACT(N82, ""), 0, 1) -> 167000000000078 | N82: =IF(OR(EXACT(B82, ""), EXACT(G82, "")), "", CONCATENATE("PERFORM ""SchData-OLTP-Master"".""Func_TblBankAccount_SET""(varSystemLoginSession, null, null, null, null, null, varInstitutionBranchID, varBaseCurrencyID, ", F82, ", '", G82, "', '", H82, "', ", I82, ", ", B82, ");")) -> PERFORM "SchData-OLTP-Master"."Func_TblBankAccount_SET"(varSystemLoginSession, null, null, null, null, null, varInstitutionBranchID, varBaseCurrencyID, 166000000000005, '5750226541', 'Endang Sutrisno', 62000000000001, 25000000000138);
B83: 25000000000522 | C83: =_xlfn.IFNA(IF(EXACT($B83, ""), "", VLOOKUP($B83, [4]DataLookUp!$C$4:$G$999, 3, FALSE )), "") -> 191022968 | D83: =IF(EXACT($B83, ""), "", IF((FLOOR($B83/1000000000000, 1) = 124), VLOOKUP($B83, '[1]DataLookUp - InstitutionBranch'!$B$4:$C$97, 2, FALSE), IF((FLOOR($B83/1000000000000, 1) = 25), VLOOKUP($B83, [2]DataLookUp!$B$4:$D$632, 2, FALSE), "xx"))) -> Ferdian Kriswantoro | E83: Bank Central Asia | F83: =IF(EXACT(E83, ""), "", VLOOKUP($E83, OFFSET([3]MAIN!$B$2, 0, 0, 100, 6), 5, FALSE)) -> 166000000000005 | G83: 8760378217 | H83: Ferdian Kriswantoro | I83: 62000000000001 | M83: =M82 + IF(EXACT(N83, ""), 0, 1) -> 167000000000079 | N83: =IF(OR(EXACT(B83, ""), EXACT(G83, "")), "", CONCATENATE("PERFORM ""SchData-OLTP-Master"".""Func_TblBankAccount_SET""(varSystemLoginSession, null, null, null, null, null, varInstitutionBranchID, varBaseCurrencyID, ", F83, ", '", G83, "', '", H83, "', ", I83, ", ", B83, ");")) -> PERFORM "SchData-OLTP-Master"."Func_TblBankAccount_SET"(varSystemLoginSession, null, null, null, null, null, varInstitutionBranchID, varBaseCurrencyID, 166000000000005, '8760378217', 'Ferdian Kriswantoro', 62000000000001, 25000000000522);
B84: 25000000000159 | C84: =_xlfn.IFNA(IF(EXACT($B84, ""), "", VLOOKUP($B84, [4]DataLookUp!$C$4:$G$999, 3, FALSE )), "") -> 181114748 | D84: =IF(EXACT($B84, ""), "", IF((FLOOR($B84/1000000000000, 1) = 124), VLOOKUP($B84, '[1]DataLookUp - InstitutionBranch'!$B$4:$C$97, 2, FALSE), IF((FLOOR($B84/1000000000000, 1) = 25), VLOOKUP($B84, [2]DataLookUp!$B$4:$D$632, 2, FALSE), "xx"))) -> Frando Judi Siahaan | E84: Bank Central Asia | F84: =IF(EXACT(E84, ""), "", VLOOKUP($E84, OFFSET([3]MAIN!$B$2, 0, 0, 100, 6), 5, FALSE)) -> 166000000000005 | G84: 8200472447 | H84: Frando Judi Siahaan | I84: 62000000000001 | M84: =M83 + IF(EXACT(N84, ""), 0, 1) -> 167000000000080 | N84: =IF(OR(EXACT(B84, ""), EXACT(G84, "")), "", CONCATENATE("PERFORM ""SchData-OLTP-Master"".""Func_TblBankAccount_SET""(varSystemLoginSession, null, null, null, null, null, varInstitutionBranchID, varBaseCurrencyID, ", F84, ", '", G84, "', '", H84, "', ", I84, ", ", B84, ");")) -> PERFORM "SchData-OLTP-Master"."Func_TblBankAccount_SET"(varSystemLoginSession, null, null, null, null, null, varInstitutionBranchID, varBaseCurrencyID, 166000000000005, '8200472447', 'Frando Judi Siahaan', 62000000000001, 25000000000159);
B85: 25000000000168 | C85: =_xlfn.IFNA(IF(EXACT($B85, ""), "", VLOOKUP($B85, [4]DataLookUp!$C$4:$G$999, 3, FALSE )), "") -> 070806256 | D85: =IF(EXACT($B85, ""), "", IF((FLOOR($B85/1000000000000, 1) = 124), VLOOKUP($B85, '[1]DataLookUp - InstitutionBranch'!$B$4:$C$97, 2, FALSE), IF((FLOOR($B85/1000000000000, 1) = 25), VLOOKUP($B85, [2]DataLookUp!$B$4:$D$632, 2, FALSE), "xx"))) -> Gunawan | E85: Bank Central Asia | F85: =IF(EXACT(E85, ""), "", VLOOKUP($E85, OFFSET([3]MAIN!$B$2, 0, 0, 100, 6), 5, FALSE)) -> 166000000000005 | G85: 1281467889 | H85: Gunawan Ir | I85: 62000000000001 | M85: =M84 + IF(EXACT(N85, ""), 0, 1) -> 167000000000081 | N85: =IF(OR(EXACT(B85, ""), EXACT(G85, "")), "", CONCATENATE("PERFORM ""SchData-OLTP-Master"".""Func_TblBankAccount_SET""(varSystemLoginSession, null, null, null, null, null, varInstitutionBranchID, varBaseCurrencyID, ", F85, ", '", G85, "', '", H85, "', ", I85, ", ", B85, ");")) -> PERFORM "SchData-OLTP-Master"."Func_TblBankAccount_SET"(varSystemLoginSession, null, null, null, null, null, varInstitutionBranchID, varBaseCurrencyID, 166000000000005, '1281467889', 'Gunawan Ir', 62000000000001, 25000000000168);
B86: 25000000000434 | C86: =_xlfn.IFNA(IF(EXACT($B86, ""), "", VLOOKUP($B86, [4]DataLookUp!$C$4:$G$999, 3, FALSE )), "") -> 070703034 | D86: =IF(EXACT($B86, ""), "", IF((FLOOR($B86/1000000000000, 1) = 124), VLOOKUP($B86, '[1]DataLookUp - InstitutionBranch'!$B$4:$C$97, 2, FALSE), IF((FLOOR($B86/1000000000000, 1) = 25), VLOOKUP($B86, [2]DataLookUp!$B$4:$D$632, 2, FALSE), "xx"))) -> Tajuddin Assubki Ismail | E86: Bank Central Asia | F86: =IF(EXACT(E86, ""), "", VLOOKUP($E86, OFFSET([3]MAIN!$B$2, 0, 0, 100, 6), 5, FALSE)) -> 166000000000005 | G86: 3191643869 | H86: H T Assubki Ismail Ir | I86: 62000000000001 | M86: =M85 + IF(EXACT(N86, ""), 0, 1) -> 167000000000082 | N86: =IF(OR(EXACT(B86, ""), EXACT(G86, "")), "", CONCATENATE("PERFORM ""SchData-OLTP-Master"".""Func_TblBankAccount_SET""(varSystemLoginSession, null, null, null, null, null, varInstitutionBranchID, varBaseCurrencyID, ", F86, ", '", G86, "', '", H86, "', ", I86, ", ", B86, ");")) -> PERFORM "SchData-OLTP-Master"."Func_TblBankAccount_SET"(varSystemLoginSession, null, null, null, null, null, varInstitutionBranchID, varBaseCurrencyID, 166000000000005, '3191643869', 'H T Assubki Ismail Ir', 62000000000001, 25000000000434);
B87: 25000000000196 | C87: =_xlfn.IFNA(IF(EXACT($B87, ""), "", VLOOKUP($B87, [4]DataLookUp!$C$4:$G$999, 3, FALSE )), "") -> 191015786 | D87: =IF(EXACT($B87, ""), "", IF((FLOOR($B87/1000000000000, 1) = 124), VLOOKUP($B87, '[1]DataLookUp - InstitutionBranch'!$B$4:$C$97, 2, FALSE), IF((FLOOR($B87/1000000000000, 1) = 25), VLOOKUP($B87, [2]DataLookUp!$B$4:$D$632, 2, FALSE), "xx"))) -> Icha Mailinda Syamsoedin | E87: Bank Central Asia | F87: =IF(EXACT(E87, ""), "", VLOOKUP($E87, OFFSET([3]MAIN!$B$2, 0, 0, 100, 6), 5, FALSE)) -> 166000000000005 | G87: 5520226500 | H87: Icha Mailinda | I87: 62000000000001 | M87: =M86 + IF(EXACT(N87, ""), 0, 1) -> 167000000000083 | N87: =IF(OR(EXACT(B87, ""), EXACT(G87, "")), "", CONCATENATE("PERFORM ""SchData-OLTP-Master"".""Func_TblBankAccount_SET""(varSystemLoginSession, null, null, null, null, null, varInstitutionBranchID, varBaseCurrencyID, ", F87, ", '", G87, "', '", H87, "', ", I87, ", ", B87, ");")) -> PERFORM "SchData-OLTP-Master"."Func_TblBankAccount_SET"(varSystemLoginSession, null, null, null, null, null, varInstitutionBranchID, varBaseCurrencyID, 166000000000005, '5520226500', 'Icha Mailinda', 62000000000001, 25000000000196);
B88: 25000000000204 | C88: =_xlfn.IFNA(IF(EXACT($B88, ""), "", VLOOKUP($B88, [4]DataLookUp!$C$4:$G$999, 3, FALSE )), "") -> 170217825 | D88: =IF(EXACT($B88, ""), "", IF((FLOOR($B88/1000000000000, 1) = 124), VLOOKUP($B88, '[1]DataLookUp - InstitutionBranch'!$B$4:$C$97, 2, FALSE), IF((FLOOR($B88/1000000000000, 1) = 25), VLOOKUP($B88, [2]DataLookUp!$B$4:$D$632, 2, FALSE), "xx"))) -> Ilham Akbar | E88: Bank Central Asia | F88: =IF(EXACT(E88, ""), "", VLOOKUP($E88, OFFSET([3]MAIN!$B$2, 0, 0, 100, 6), 5, FALSE)) -> 166000000000005 | G88: 5520464753 | H88: Ilham | I88: 62000000000001 | M88: =M87 + IF(EXACT(N88, ""), 0, 1) -> 167000000000084 | N88: =IF(OR(EXACT(B88, ""), EXACT(G88, "")), "", CONCATENATE("PERFORM ""SchData-OLTP-Master"".""Func_TblBankAccount_SET""(varSystemLoginSession, null, null, null, null, null, varInstitutionBranchID, varBaseCurrencyID, ", F88, ", '", G88, "', '", H88, "', ", I88, ", ", B88, ");")) -> PERFORM "SchData-OLTP-Master"."Func_TblBankAccount_SET"(varSystemLoginSession, null, null, null, null, null, varInstitutionBranchID, varBaseCurrencyID, 166000000000005, '5520464753', 'Ilham', 62000000000001, 25000000000204);
B89: 25000000000527 | C89: =_xlfn.IFNA(IF(EXACT($B89, ""), "", VLOOKUP($B89, [4]DataLookUp!$C$4:$G$999, 3, FALSE )), "") -> 040822965 | D89: =IF(EXACT($B89, ""), "", IF((FLOOR($B89/1000000000000, 1) = 124), VLOOKUP($B89, '[1]DataLookUp - InstitutionBranch'!$B$4:$C$97, 2, FALSE), IF((FLOOR($B89/1000000000000, 1) = 25), VLOOKUP($B89, [2]DataLookUp!$B$4:$D$632, 2, FALSE), "xx"))) -> Irma Maulidawati | E89: Bank Central Asia | F89: =IF(EXACT(E89, ""), "", VLOOKUP($E89, OFFSET([3]MAIN!$B$2, 0, 0, 100, 6), 5, FALSE)) -> 166000000000005 | G89: 5520696425 | H89: Irma Maulidawati | I89: 62000000000001 | M89: =M88 + IF(EXACT(N89, ""), 0, 1) -> 167000000000085 | N89: =IF(OR(EXACT(B89, ""), EXACT(G89, "")), "", CONCATENATE("PERFORM ""SchData-OLTP-Master"".""Func_TblBankAccount_SET""(varSystemLoginSession, null, null, null, null, null, varInstitutionBranchID, varBaseCurrencyID, ", F89, ", '", G89, "', '", H89, "', ", I89, ", ", B89, ");")) -> PERFORM "SchData-OLTP-Master"."Func_TblBankAccount_SET"(varSystemLoginSession, null, null, null, null, null, varInstitutionBranchID, varBaseCurrencyID, 166000000000005, '5520696425', 'Irma Maulidawati', 62000000000001, 25000000000527);
B90: 25000000000217 | C90: =_xlfn.IFNA(IF(EXACT($B90, ""), "", VLOOKUP($B90, [4]DataLookUp!$C$4:$G$999, 3, FALSE )), "") -> 150805153 | D90: =IF(EXACT($B90, ""), "", IF((FLOOR($B90/1000000000000, 1) = 124), VLOOKUP($B90, '[1]DataLookUp - InstitutionBranch'!$B$4:$C$97, 2, FALSE), IF((FLOOR($B90/1000000000000, 1) = 25), VLOOKUP($B90, [2]DataLookUp!$B$4:$D$632, 2, FALSE), "xx"))) -> Isa Taufiq | E90: Bank Central Asia | F90: =IF(EXACT(E90, ""), "", VLOOKUP($E90, OFFSET([3]MAIN!$B$2, 0, 0, 100, 6), 5, FALSE)) -> 166000000000005 | G90: 7660328771 | H90: Isa Taufiq | I90: 62000000000001 | M90: =M89 + IF(EXACT(N90, ""), 0, 1) -> 167000000000086 | N90: =IF(OR(EXACT(B90, ""), EXACT(G90, "")), "", CONCATENATE("PERFORM ""SchData-OLTP-Master"".""Func_TblBankAccount_SET""(varSystemLoginSession, null, null, null, null, null, varInstitutionBranchID, varBaseCurrencyID, ", F90, ", '", G90, "', '", H90, "', ", I90, ", ", B90, ");")) -> PERFORM "SchData-OLTP-Master"."Func_TblBankAccount_SET"(varSystemLoginSession, null, null, null, null, null, varInstitutionBranchID, varBaseCurrencyID, 166000000000005, '7660328771', 'Isa Taufiq', 62000000000001, 25000000000217);
B91: 25000000000528 | C91: =_xlfn.IFNA(IF(EXACT($B91, ""), "", VLOOKUP($B91, [4]DataLookUp!$C$4:$G$999, 3, FALSE )), "") -> 170322960 | D91: =IF(EXACT($B91, ""), "", IF((FLOOR($B91/1000000000000, 1) = 124), VLOOKUP($B91, '[1]DataLookUp - InstitutionBranch'!$B$4:$C$97, 2, FALSE), IF((FLOOR($B91/1000000000000, 1) = 25), VLOOKUP($B91, [2]DataLookUp!$B$4:$D$632, 2, FALSE), "xx"))) -> Istikaro Fauziah | E91: Bank Central Asia | F91: =IF(EXACT(E91, ""), "", VLOOKUP($E91, OFFSET([3]MAIN!$B$2, 0, 0, 100, 6), 5, FALSE)) -> 166000000000005 | G91: 4980153300 | H91: Istikaro Fauziah | I91: 62000000000001 | M91: =M90 + IF(EXACT(N91, ""), 0, 1) -> 167000000000087 | N91: =IF(OR(EXACT(B91, ""), EXACT(G91, "")), "", CONCATENATE("PERFORM ""SchData-OLTP-Master"".""Func_TblBankAccount_SET""(varSystemLoginSession, null, null, null, null, null, varInstitutionBranchID, varBaseCurrencyID, ", F91, ", '", G91, "', '", H91, "', ", I91, ", ", B91, ");")) -> PERFORM "SchData-OLTP-Master"."Func_TblBankAccount_SET"(varSystemLoginSession, null, null, null, null, null, varInstitutionBranchID, varBaseCurrencyID, 166000000000005, '4980153300', 'Istikaro Fauziah', 62000000000001, 25000000000528);
B92: 25000000000232 | C92: =_xlfn.IFNA(IF(EXACT($B92, ""), "", VLOOKUP($B92, [4]DataLookUp!$C$4:$G$999, 3, FALSE )), "") -> 040515767 | D92: =IF(EXACT($B92, ""), "", IF((FLOOR($B92/1000000000000, 1) = 124), VLOOKUP($B92, '[1]DataLookUp - InstitutionBranch'!$B$4:$C$97, 2, FALSE), IF((FLOOR($B92/1000000000000, 1) = 25), VLOOKUP($B92, [2]DataLookUp!$B$4:$D$632, 2, FALSE), "xx"))) -> Jimmywal | E92: Bank Central Asia | F92: =IF(EXACT(E92, ""), "", VLOOKUP($E92, OFFSET([3]MAIN!$B$2, 0, 0, 100, 6), 5, FALSE)) -> 166000000000005 | G92: 5520190068 | H92: Jimmywal Amd | I92: 62000000000001 | M92: =M91 + IF(EXACT(N92, ""), 0, 1) -> 167000000000088 | N92: =IF(OR(EXACT(B92, ""), EXACT(G92, "")), "", CONCATENATE("PERFORM ""SchData-OLTP-Master"".""Func_TblBankAccount_SET""(varSystemLoginSession, null, null, null, null, null, varInstitutionBranchID, varBaseCurrencyID, ", F92, ", '", G92, "', '", H92, "', ", I92, ", ", B92, ");")) -> PERFORM "SchData-OLTP-Master"."Func_TblBankAccount_SET"(varSystemLoginSession, null, null, null, null, null, varInstitutionBranchID, varBaseCurrencyID, 166000000000005, '5520190068', 'Jimmywal Amd', 62000000000001, 25000000000232);
B93: 25000000000253 | C93: =_xlfn.IFNA(IF(EXACT($B93, ""), "", VLOOKUP($B93, [4]DataLookUp!$C$4:$G$999, 3, FALSE )), "") -> 190803044 | D93: =IF(EXACT($B93, ""), "", IF((FLOOR($B93/1000000000000, 1) = 124), VLOOKUP($B93, '[1]DataLookUp - InstitutionBranch'!$B$4:$C$97, 2, FALSE), IF((FLOOR($B93/1000000000000, 1) = 25), VLOOKUP($B93, [2]DataLookUp!$B$4:$D$632, 2, FALSE), "xx"))) -> Kornelius Sakan | E93: Bank Central Asia | F93: =IF(EXACT(E93, ""), "", VLOOKUP($E93, OFFSET([3]MAIN!$B$2, 0, 0, 100, 6), 5, FALSE)) -> 166000000000005 | G93: 0060238634 | H93: Kornelius Sakan | I93: 62000000000001 | M93: =M92 + IF(EXACT(N93, ""), 0, 1) -> 167000000000089 | N93: =IF(OR(EXACT(B93, ""), EXACT(G93, "")), "", CONCATENATE("PERFORM ""SchData-OLTP-Master"".""Func_TblBankAccount_SET""(varSystemLoginSession, null, null, null, null, null, varInstitutionBranchID, varBaseCurrencyID, ", F93, ", '", G93, "', '", H93, "', ", I93, ", ", B93, ");")) -> PERFORM "SchData-OLTP-Master"."Func_TblBankAccount_SET"(varSystemLoginSession, null, null, null, null, null, varInstitutionBranchID, varBaseCurrencyID, 166000000000005, '0060238634', 'Kornelius Sakan', 62000000000001, 25000000000253);
B94: 25000000000157 | C94: =_xlfn.IFNA(IF(EXACT($B94, ""), "", VLOOKUP($B94, [4]DataLookUp!$C$4:$G$999, 3, FALSE )), "") -> 070305123 | D94: =IF(EXACT($B94, ""), "", IF((FLOOR($B94/1000000000000, 1) = 124), VLOOKUP($B94, '[1]DataLookUp - InstitutionBranch'!$B$4:$C$97, 2, FALSE), IF((FLOOR($B94/1000000000000, 1) = 25), VLOOKUP($B94, [2]DataLookUp!$B$4:$D$632, 2, FALSE), "xx"))) -> Fitriastuti Kurnia | E94: Bank Central Asia | F94: =IF(EXACT(E94, ""), "", VLOOKUP($E94, OFFSET([3]MAIN!$B$2, 0, 0, 100, 6), 5, FALSE)) -> 166000000000005 | G94: 0060202915 | H94: Kurnia Fitriastuti | I94: 62000000000001 | M94: =M93 + IF(EXACT(N94, ""), 0, 1) -> 167000000000090 | N94: =IF(OR(EXACT(B94, ""), EXACT(G94, "")), "", CONCATENATE("PERFORM ""SchData-OLTP-Master"".""Func_TblBankAccount_SET""(varSystemLoginSession, null, null, null, null, null, varInstitutionBranchID, varBaseCurrencyID, ", F94, ", '", G94, "', '", H94, "', ", I94, ", ", B94, ");")) -> PERFORM "SchData-OLTP-Master"."Func_TblBankAccount_SET"(varSystemLoginSession, null, null, null, null, null, varInstitutionBranchID, varBaseCurrencyID, 166000000000005, '0060202915', 'Kurnia Fitriastuti', 62000000000001, 25000000000157);
B95: 25000000000262 | C95: =_xlfn.IFNA(IF(EXACT($B95, ""), "", VLOOKUP($B95, [4]DataLookUp!$C$4:$G$999, 3, FALSE )), "") -> 170918883 | D95: =IF(EXACT($B95, ""), "", IF((FLOOR($B95/1000000000000, 1) = 124), VLOOKUP($B95, '[1]DataLookUp - InstitutionBranch'!$B$4:$C$97, 2, FALSE), IF((FLOOR($B95/1000000000000, 1) = 25), VLOOKUP($B95, [2]DataLookUp!$B$4:$D$632, 2, FALSE), "xx"))) -> Lisma Natalia | E95: Bank Central Asia | F95: =IF(EXACT(E95, ""), "", VLOOKUP($E95, OFFSET([3]MAIN!$B$2, 0, 0, 100, 6), 5, FALSE)) -> 166000000000005 | G95: 5520514947 | H95: Lisma Natalia | I95: 62000000000001 | M95: =M94 + IF(EXACT(N95, ""), 0, 1) -> 167000000000091 | N95: =IF(OR(EXACT(B95, ""), EXACT(G95, "")), "", CONCATENATE("PERFORM ""SchData-OLTP-Master"".""Func_TblBankAccount_SET""(varSystemLoginSession, null, null, null, null, null, varInstitutionBranchID, varBaseCurrencyID, ", F95, ", '", G95, "', '", H95, "', ", I95, ", ", B95, ");")) -> PERFORM "SchData-OLTP-Master"."Func_TblBankAccount_SET"(varSystemLoginSession, null, null, null, null, null, varInstitutionBranchID, varBaseCurrencyID, 166000000000005, '5520514947', 'Lisma Natalia', 62000000000001, 25000000000262);
B96: 25000000000155 | C96: =_xlfn.IFNA(IF(EXACT($B96, ""), "", VLOOKUP($B96, [4]DataLookUp!$C$4:$G$999, 3, FALSE )), "") -> 160916799 | D96: =IF(EXACT($B96, ""), "", IF((FLOOR($B96/1000000000000, 1) = 124), VLOOKUP($B96, '[1]DataLookUp - InstitutionBranch'!$B$4:$C$97, 2, FALSE), IF((FLOOR($B96/1000000000000, 1) = 25), VLOOKUP($B96, [2]DataLookUp!$B$4:$D$632, 2, FALSE), "xx"))) -> M. Fikri Caesarandi Hasibuan | E96: Bank Central Asia | F96: =IF(EXACT(E96, ""), "", VLOOKUP($E96, OFFSET([3]MAIN!$B$2, 0, 0, 100, 6), 5, FALSE)) -> 166000000000005 | G96: 7865198493 | H96: M Fikri Caesarandi Hasib | I96: 62000000000001 | M96: =M95 + IF(EXACT(N96, ""), 0, 1) -> 167000000000092 | N96: =IF(OR(EXACT(B96, ""), EXACT(G96, "")), "", CONCATENATE("PERFORM ""SchData-OLTP-Master"".""Func_TblBankAccount_SET""(varSystemLoginSession, null, null, null, null, null, varInstitutionBranchID, varBaseCurrencyID, ", F96, ", '", G96, "', '", H96, "', ", I96, ", ", B96, ");")) -> PERFORM "SchData-OLTP-Master"."Func_TblBankAccount_SET"(varSystemLoginSession, null, null, null, null, null, varInstitutionBranchID, varBaseCurrencyID, 166000000000005, '7865198493', 'M Fikri Caesarandi Hasib', 62000000000001, 25000000000155);
B97: 25000000000276 | C97: =_xlfn.IFNA(IF(EXACT($B97, ""), "", VLOOKUP($B97, [4]DataLookUp!$C$4:$G$999, 3, FALSE )), "") -> 010513665 | D97: =IF(EXACT($B97, ""), "", IF((FLOOR($B97/1000000000000, 1) = 124), VLOOKUP($B97, '[1]DataLookUp - InstitutionBranch'!$B$4:$C$97, 2, FALSE), IF((FLOOR($B97/1000000000000, 1) = 25), VLOOKUP($B97, [2]DataLookUp!$B$4:$D$632, 2, FALSE), "xx"))) -> Marten Tabun | E97: Bank Central Asia | F97: =IF(EXACT(E97, ""), "", VLOOKUP($E97, OFFSET([3]MAIN!$B$2, 0, 0, 100, 6), 5, FALSE)) -> 166000000000005 | G97: 5750336223 | H97: Marthen Tabun | I97: 62000000000001 | M97: =M96 + IF(EXACT(N97, ""), 0, 1) -> 167000000000093 | N97: =IF(OR(EXACT(B97, ""), EXACT(G97, "")), "", CONCATENATE("PERFORM ""SchData-OLTP-Master"".""Func_TblBankAccount_SET""(varSystemLoginSession, null, null, null, null, null, varInstitutionBranchID, varBaseCurrencyID, ", F97, ", '", G97, "', '", H97, "', ", I97, ", ", B97, ");")) -> PERFORM "SchData-OLTP-Master"."Func_TblBankAccount_SET"(varSystemLoginSession, null, null, null, null, null, varInstitutionBranchID, varBaseCurrencyID, 166000000000005, '5750336223', 'Marthen Tabun', 62000000000001, 25000000000276);
B98: 25000000000553 | C98: =_xlfn.IFNA(IF(EXACT($B98, ""), "", VLOOKUP($B98, [4]DataLookUp!$C$4:$G$999, 3, FALSE )), "") -> 010803042 | D98: =IF(EXACT($B98, ""), "", IF((FLOOR($B98/1000000000000, 1) = 124), VLOOKUP($B98, '[1]DataLookUp - InstitutionBranch'!$B$4:$C$97, 2, FALSE), IF((FLOOR($B98/1000000000000, 1) = 25), VLOOKUP($B98, [2]DataLookUp!$B$4:$D$632, 2, FALSE), "xx"))) -> Masimin | E98: Bank Central Asia | F98: =IF(EXACT(E98, ""), "", VLOOKUP($E98, OFFSET([3]MAIN!$B$2, 0, 0, 100, 6), 5, FALSE)) -> 166000000000005 | G98: 0350189041 | H98: Masimin | I98: 62000000000001 | M98: =M97 + IF(EXACT(N98, ""), 0, 1) -> 167000000000094 | N98: =IF(OR(EXACT(B98, ""), EXACT(G98, "")), "", CONCATENATE("PERFORM ""SchData-OLTP-Master"".""Func_TblBankAccount_SET""(varSystemLoginSession, null, null, null, null, null, varInstitutionBranchID, varBaseCurrencyID, ", F98, ", '", G98, "', '", H98, "', ", I98, ", ", B98, ");")) -> PERFORM "SchData-OLTP-Master"."Func_TblBankAccount_SET"(varSystemLoginSession, null, null, null, null, null, varInstitutionBranchID, varBaseCurrencyID, 166000000000005, '0350189041', 'Masimin', 62000000000001, 25000000000553);
B99: 25000000000301 | C99: =_xlfn.IFNA(IF(EXACT($B99, ""), "", VLOOKUP($B99, [4]DataLookUp!$C$4:$G$999, 3, FALSE )), "") -> 030105116 | D99: =IF(EXACT($B99, ""), "", IF((FLOOR($B99/1000000000000, 1) = 124), VLOOKUP($B99, '[1]DataLookUp - InstitutionBranch'!$B$4:$C$97, 2, FALSE), IF((FLOOR($B99/1000000000000, 1) = 25), VLOOKUP($B99, [2]DataLookUp!$B$4:$D$632, 2, FALSE), "xx"))) -> Mullan Tresna | E99: Bank Central Asia | F99: =IF(EXACT(E99, ""), "", VLOOKUP($E99, OFFSET([3]MAIN!$B$2, 0, 0, 100, 6), 5, FALSE)) -> 166000000000005 | G99: 7660282321 | H99: Mullan Tresna | I99: 62000000000001 | M99: =M98 + IF(EXACT(N99, ""), 0, 1) -> 167000000000095 | N99: =IF(OR(EXACT(B99, ""), EXACT(G99, "")), "", CONCATENATE("PERFORM ""SchData-OLTP-Master"".""Func_TblBankAccount_SET""(varSystemLoginSession, null, null, null, null, null, varInstitutionBranchID, varBaseCurrencyID, ", F99, ", '", G99, "', '", H99, "', ", I99, ", ", B99, ");")) -> PERFORM "SchData-OLTP-Master"."Func_TblBankAccount_SET"(varSystemLoginSession, null, null, null, null, null, varInstitutionBranchID, varBaseCurrencyID, 166000000000005, '7660282321', 'Mullan Tresna', 62000000000001, 25000000000301);
B100: 25000000000307 | C100: =_xlfn.IFNA(IF(EXACT($B100, ""), "", VLOOKUP($B100, [4]DataLookUp!$C$4:$G$999, 3, FALSE )), "") -> 061106279 | D100: =IF(EXACT($B100, ""), "", IF((FLOOR($B100/1000000000000, 1) = 124), VLOOKUP($B100, '[1]DataLookUp - InstitutionBranch'!$B$4:$C$97, 2, FALSE), IF((FLOOR($B100/1000000000000, 1) = 25), VLOOKUP($B100, [2]DataLookUp!$B$4:$D$632, 2, FALSE), "xx"))) -> Nandang Effendi | E100: Bank Central Asia | F100: =IF(EXACT(E100, ""), "", VLOOKUP($E100, OFFSET([3]MAIN!$B$2, 0, 0, 100, 6), 5, FALSE)) -> 166000000000005 | G100: 7000245156 | H100: H Nandang Effendi | I100: 62000000000001 | M100: =M99 + IF(EXACT(N100, ""), 0, 1) -> 167000000000096 | N100: =IF(OR(EXACT(B100, ""), EXACT(G100, "")), "", CONCATENATE("PERFORM ""SchData-OLTP-Master"".""Func_TblBankAccount_SET""(varSystemLoginSession, null, null, null, null, null, varInstitutionBranchID, varBaseCurrencyID, ", F100, ", '", G100, "', '", H100, "', ", I100, ", ", B100, ");")) -> PERFORM "SchData-OLTP-Master"."Func_TblBankAccount_SET"(varSystemLoginSession, null, null, null, null, null, varInstitutionBranchID, varBaseCurrencyID, 166000000000005, '7000245156', 'H Nandang Effendi', 62000000000001, 25000000000307);
B101: 25000000000325 | C101: =_xlfn.IFNA(IF(EXACT($B101, ""), "", VLOOKUP($B101, [4]DataLookUp!$C$4:$G$999, 3, FALSE )), "") -> 070518868 | D101: =IF(EXACT($B101, ""), "", IF((FLOOR($B101/1000000000000, 1) = 124), VLOOKUP($B101, '[1]DataLookUp - InstitutionBranch'!$B$4:$C$97, 2, FALSE), IF((FLOOR($B101/1000000000000, 1) = 25), VLOOKUP($B101, [2]DataLookUp!$B$4:$D$632, 2, FALSE), "xx"))) -> Panca Yudi Baskoro | E101: Bank Central Asia | F101: =IF(EXACT(E101, ""), "", VLOOKUP($E101, OFFSET([3]MAIN!$B$2, 0, 0, 100, 6), 5, FALSE)) -> 166000000000005 | G101: 8760571998 | H101: Panca Yudi Baskoro | I101: 62000000000001 | M101: =M100 + IF(EXACT(N101, ""), 0, 1) -> 167000000000097 | N101: =IF(OR(EXACT(B101, ""), EXACT(G101, "")), "", CONCATENATE("PERFORM ""SchData-OLTP-Master"".""Func_TblBankAccount_SET""(varSystemLoginSession, null, null, null, null, null, varInstitutionBranchID, varBaseCurrencyID, ", F101, ", '", G101, "', '", H101, "', ", I101, ", ", B101, ");")) -> PERFORM "SchData-OLTP-Master"."Func_TblBankAccount_SET"(varSystemLoginSession, null, null, null, null, null, varInstitutionBranchID, varBaseCurrencyID, 166000000000005, '8760571998', 'Panca Yudi Baskoro', 62000000000001, 25000000000325);
B102: 25000000000273 | C102: =_xlfn.IFNA(IF(EXACT($B102, ""), "", VLOOKUP($B102, [4]DataLookUp!$C$4:$G$999, 3, FALSE )), "") -> 160603011 | D102: =IF(EXACT($B102, ""), "", IF((FLOOR($B102/1000000000000, 1) = 124), VLOOKUP($B102, '[1]DataLookUp - InstitutionBranch'!$B$4:$C$97, 2, FALSE), IF((FLOOR($B102/1000000000000, 1) = 25), VLOOKUP($B102, [2]DataLookUp!$B$4:$D$632, 2, FALSE), "xx"))) -> Pantas Banjarnahor Marbun | E102: Bank Central Asia | F102: =IF(EXACT(E102, ""), "", VLOOKUP($E102, OFFSET([3]MAIN!$B$2, 0, 0, 100, 6), 5, FALSE)) -> 166000000000005 | G102: 0060098298 | H102: Pantas Banjar Nahor | I102: 62000000000001 | M102: =M101 + IF(EXACT(N102, ""), 0, 1) -> 167000000000098 | N102: =IF(OR(EXACT(B102, ""), EXACT(G102, "")), "", CONCATENATE("PERFORM ""SchData-OLTP-Master"".""Func_TblBankAccount_SET""(varSystemLoginSession, null, null, null, null, null, varInstitutionBranchID, varBaseCurrencyID, ", F102, ", '", G102, "', '", H102, "', ", I102, ", ", B102, ");")) -> PERFORM "SchData-OLTP-Master"."Func_TblBankAccount_SET"(varSystemLoginSession, null, null, null, null, null, varInstitutionBranchID, varBaseCurrencyID, 166000000000005, '0060098298', 'Pantas Banjar Nahor', 62000000000001, 25000000000273);
B103: 25000000000330 | C103: =_xlfn.IFNA(IF(EXACT($B103, ""), "", VLOOKUP($B103, [4]DataLookUp!$C$4:$G$999, 3, FALSE )), "") -> 260115754 | D103: =IF(EXACT($B103, ""), "", IF((FLOOR($B103/1000000000000, 1) = 124), VLOOKUP($B103, '[1]DataLookUp - InstitutionBranch'!$B$4:$C$97, 2, FALSE), IF((FLOOR($B103/1000000000000, 1) = 25), VLOOKUP($B103, [2]DataLookUp!$B$4:$D$632, 2, FALSE), "xx"))) -> Prayanti Dewi Anggraini | E103: Bank Central Asia | F103: =IF(EXACT(E103, ""), "", VLOOKUP($E103, OFFSET([3]MAIN!$B$2, 0, 0, 100, 6), 5, FALSE)) -> 166000000000005 | G103: 3831252381 | H103: Prayanti Dewi Anggraini | I103: 62000000000001 | M103: =M102 + IF(EXACT(N103, ""), 0, 1) -> 167000000000099 | N103: =IF(OR(EXACT(B103, ""), EXACT(G103, "")), "", CONCATENATE("PERFORM ""SchData-OLTP-Master"".""Func_TblBankAccount_SET""(varSystemLoginSession, null, null, null, null, null, varInstitutionBranchID, varBaseCurrencyID, ", F103, ", '", G103, "', '", H103, "', ", I103, ", ", B103, ");")) -> PERFORM "SchData-OLTP-Master"."Func_TblBankAccount_SET"(varSystemLoginSession, null, null, null, null, null, varInstitutionBranchID, varBaseCurrencyID, 166000000000005, '3831252381', 'Prayanti Dewi Anggraini', 62000000000001, 25000000000330);
B104: 25000000000352 | C104: =_xlfn.IFNA(IF(EXACT($B104, ""), "", VLOOKUP($B104, [4]DataLookUp!$C$4:$G$999, 3, FALSE )), "") -> 221110557 | D104: =IF(EXACT($B104, ""), "", IF((FLOOR($B104/1000000000000, 1) = 124), VLOOKUP($B104, '[1]DataLookUp - InstitutionBranch'!$B$4:$C$97, 2, FALSE), IF((FLOOR($B104/1000000000000, 1) = 25), VLOOKUP($B104, [2]DataLookUp!$B$4:$D$632, 2, FALSE), "xx"))) -> Rhino Priawan | E104: Bank Central Asia | F104: =IF(EXACT(E104, ""), "", VLOOKUP($E104, OFFSET([3]MAIN!$B$2, 0, 0, 100, 6), 5, FALSE)) -> 166000000000005 | G104: 7660268949 | H104: Rhino Priawan | I104: 62000000000001 | M104: =M103 + IF(EXACT(N104, ""), 0, 1) -> 167000000000100 | N104: =IF(OR(EXACT(B104, ""), EXACT(G104, "")), "", CONCATENATE("PERFORM ""SchData-OLTP-Master"".""Func_TblBankAccount_SET""(varSystemLoginSession, null, null, null, null, null, varInstitutionBranchID, varBaseCurrencyID, ", F104, ", '", G104, "', '", H104, "', ", I104, ", ", B104, ");")) -> PERFORM "SchData-OLTP-Master"."Func_TblBankAccount_SET"(varSystemLoginSession, null, null, null, null, null, varInstitutionBranchID, varBaseCurrencyID, 166000000000005, '7660268949', 'Rhino Priawan', 62000000000001, 25000000000352);
B105: 25000000000509 | C105: =_xlfn.IFNA(IF(EXACT($B105, ""), "", VLOOKUP($B105, [4]DataLookUp!$C$4:$G$999, 3, FALSE )), "") -> 260716795 | D105: =IF(EXACT($B105, ""), "", IF((FLOOR($B105/1000000000000, 1) = 124), VLOOKUP($B105, '[1]DataLookUp - InstitutionBranch'!$B$4:$C$97, 2, FALSE), IF((FLOOR($B105/1000000000000, 1) = 25), VLOOKUP($B105, [2]DataLookUp!$B$4:$D$632, 2, FALSE), "xx"))) -> Riza Emir Subekti | E105: Bank Central Asia | F105: =IF(EXACT(E105, ""), "", VLOOKUP($E105, OFFSET([3]MAIN!$B$2, 0, 0, 100, 6), 5, FALSE)) -> 166000000000005 | G105: 2170088924 | H105: Riza Emir Subekti | I105: 62000000000001 | M105: =M104 + IF(EXACT(N105, ""), 0, 1) -> 167000000000101 | N105: =IF(OR(EXACT(B105, ""), EXACT(G105, "")), "", CONCATENATE("PERFORM ""SchData-OLTP-Master"".""Func_TblBankAccount_SET""(varSystemLoginSession, null, null, null, null, null, varInstitutionBranchID, varBaseCurrencyID, ", F105, ", '", G105, "', '", H105, "', ", I105, ", ", B105, ");")) -> PERFORM "SchData-OLTP-Master"."Func_TblBankAccount_SET"(varSystemLoginSession, null, null, null, null, null, varInstitutionBranchID, varBaseCurrencyID, 166000000000005, '2170088924', 'Riza Emir Subekti', 62000000000001, 25000000000509);
B106: 25000000000381 | C106: =_xlfn.IFNA(IF(EXACT($B106, ""), "", VLOOKUP($B106, [4]DataLookUp!$C$4:$G$999, 3, FALSE )), "") -> 161220941 | D106: =IF(EXACT($B106, ""), "", IF((FLOOR($B106/1000000000000, 1) = 124), VLOOKUP($B106, '[1]DataLookUp - InstitutionBranch'!$B$4:$C$97, 2, FALSE), IF((FLOOR($B106/1000000000000, 1) = 25), VLOOKUP($B106, [2]DataLookUp!$B$4:$D$632, 2, FALSE), "xx"))) -> Sakinah Tantriani Lubis | E106: Bank Central Asia | F106: =IF(EXACT(E106, ""), "", VLOOKUP($E106, OFFSET([3]MAIN!$B$2, 0, 0, 100, 6), 5, FALSE)) -> 166000000000005 | G106: 5025005331 | H106: Sakinah Tantriani | I106: 62000000000001 | M106: =M105 + IF(EXACT(N106, ""), 0, 1) -> 167000000000102 | N106: =IF(OR(EXACT(B106, ""), EXACT(G106, "")), "", CONCATENATE("PERFORM ""SchData-OLTP-Master"".""Func_TblBankAccount_SET""(varSystemLoginSession, null, null, null, null, null, varInstitutionBranchID, varBaseCurrencyID, ", F106, ", '", G106, "', '", H106, "', ", I106, ", ", B106, ");")) -> PERFORM "SchData-OLTP-Master"."Func_TblBankAccount_SET"(varSystemLoginSession, null, null, null, null, null, varInstitutionBranchID, varBaseCurrencyID, 166000000000005, '5025005331', 'Sakinah Tantriani', 62000000000001, 25000000000381);
B107: 25000000000391 | C107: =_xlfn.IFNA(IF(EXACT($B107, ""), "", VLOOKUP($B107, [4]DataLookUp!$C$4:$G$999, 3, FALSE )), "") -> 141118892 | D107: =IF(EXACT($B107, ""), "", IF((FLOOR($B107/1000000000000, 1) = 124), VLOOKUP($B107, '[1]DataLookUp - InstitutionBranch'!$B$4:$C$97, 2, FALSE), IF((FLOOR($B107/1000000000000, 1) = 25), VLOOKUP($B107, [2]DataLookUp!$B$4:$D$632, 2, FALSE), "xx"))) -> Seftiyan Hadi Maulana | E107: Bank Central Asia | F107: =IF(EXACT(E107, ""), "", VLOOKUP($E107, OFFSET([3]MAIN!$B$2, 0, 0, 100, 6), 5, FALSE)) -> 166000000000005 | G107: 5325315714 | H107: Seftiyan Hadi Maulana | I107: 62000000000001 | M107: =M106 + IF(EXACT(N107, ""), 0, 1) -> 167000000000103 | N107: =IF(OR(EXACT(B107, ""), EXACT(G107, "")), "", CONCATENATE("PERFORM ""SchData-OLTP-Master"".""Func_TblBankAccount_SET""(varSystemLoginSession, null, null, null, null, null, varInstitutionBranchID, varBaseCurrencyID, ", F107, ", '", G107, "', '", H107, "', ", I107, ", ", B107, ");")) -> PERFORM "SchData-OLTP-Master"."Func_TblBankAccount_SET"(varSystemLoginSession, null, null, null, null, null, varInstitutionBranchID, varBaseCurrencyID, 166000000000005, '5325315714', 'Seftiyan Hadi Maulana', 62000000000001, 25000000000391);
B108: 25000000000393 | C108: =_xlfn.IFNA(IF(EXACT($B108, ""), "", VLOOKUP($B108, [4]DataLookUp!$C$4:$G$999, 3, FALSE )), "") -> 130906272 | D108: =IF(EXACT($B108, ""), "", IF((FLOOR($B108/1000000000000, 1) = 124), VLOOKUP($B108, '[1]DataLookUp - InstitutionBranch'!$B$4:$C$97, 2, FALSE), IF((FLOOR($B108/1000000000000, 1) = 25), VLOOKUP($B108, [2]DataLookUp!$B$4:$D$632, 2, FALSE), "xx"))) -> Setiadi | E108: Bank Central Asia | F108: =IF(EXACT(E108, ""), "", VLOOKUP($E108, OFFSET([3]MAIN!$B$2, 0, 0, 100, 6), 5, FALSE)) -> 166000000000005 | G108: 2101238654 | H108: Setiadi | I108: 62000000000001 | M108: =M107 + IF(EXACT(N108, ""), 0, 1) -> 167000000000104 | N108: =IF(OR(EXACT(B108, ""), EXACT(G108, "")), "", CONCATENATE("PERFORM ""SchData-OLTP-Master"".""Func_TblBankAccount_SET""(varSystemLoginSession, null, null, null, null, null, varInstitutionBranchID, varBaseCurrencyID, ", F108, ", '", G108, "', '", H108, "', ", I108, ", ", B108, ");")) -> PERFORM "SchData-OLTP-Master"."Func_TblBankAccount_SET"(varSystemLoginSession, null, null, null, null, null, varInstitutionBranchID, varBaseCurrencyID, 166000000000005, '2101238654', 'Setiadi', 62000000000001, 25000000000393);
B109: 25000000000397 | C109: =_xlfn.IFNA(IF(EXACT($B109, ""), "", VLOOKUP($B109, [4]DataLookUp!$C$4:$G$999, 3, FALSE )), "") -> 240518874 | D109: =IF(EXACT($B109, ""), "", IF((FLOOR($B109/1000000000000, 1) = 124), VLOOKUP($B109, '[1]DataLookUp - InstitutionBranch'!$B$4:$C$97, 2, FALSE), IF((FLOOR($B109/1000000000000, 1) = 25), VLOOKUP($B109, [2]DataLookUp!$B$4:$D$632, 2, FALSE), "xx"))) -> Sholehah | E109: Bank Central Asia | F109: =IF(EXACT(E109, ""), "", VLOOKUP($E109, OFFSET([3]MAIN!$B$2, 0, 0, 100, 6), 5, FALSE)) -> 166000000000005 | G109: 0670059618 | H109: Sholehah | I109: 62000000000001 | M109: =M108 + IF(EXACT(N109, ""), 0, 1) -> 167000000000105 | N109: =IF(OR(EXACT(B109, ""), EXACT(G109, "")), "", CONCATENATE("PERFORM ""SchData-OLTP-Master"".""Func_TblBankAccount_SET""(varSystemLoginSession, null, null, null, null, null, varInstitutionBranchID, varBaseCurrencyID, ", F109, ", '", G109, "', '", H109, "', ", I109, ", ", B109, ");")) -> PERFORM "SchData-OLTP-Master"."Func_TblBankAccount_SET"(varSystemLoginSession, null, null, null, null, null, varInstitutionBranchID, varBaseCurrencyID, 166000000000005, '0670059618', 'Sholehah', 62000000000001, 25000000000397);
B110: 25000000000412 | C110: =_xlfn.IFNA(IF(EXACT($B110, ""), "", VLOOKUP($B110, [4]DataLookUp!$C$4:$G$999, 3, FALSE )), "") -> 010507354 | D110: =IF(EXACT($B110, ""), "", IF((FLOOR($B110/1000000000000, 1) = 124), VLOOKUP($B110, '[1]DataLookUp - InstitutionBranch'!$B$4:$C$97, 2, FALSE), IF((FLOOR($B110/1000000000000, 1) = 25), VLOOKUP($B110, [2]DataLookUp!$B$4:$D$632, 2, FALSE), "xx"))) -> Sudarlan | E110: Bank Central Asia | F110: =IF(EXACT(E110, ""), "", VLOOKUP($E110, OFFSET([3]MAIN!$B$2, 0, 0, 100, 6), 5, FALSE)) -> 166000000000005 | G110: 5750223151 | H110: Sudarlan | I110: 62000000000001 | M110: =M109 + IF(EXACT(N110, ""), 0, 1) -> 167000000000106 | N110: =IF(OR(EXACT(B110, ""), EXACT(G110, "")), "", CONCATENATE("PERFORM ""SchData-OLTP-Master"".""Func_TblBankAccount_SET""(varSystemLoginSession, null, null, null, null, null, varInstitutionBranchID, varBaseCurrencyID, ", F110, ", '", G110, "', '", H110, "', ", I110, ", ", B110, ");")) -> PERFORM "SchData-OLTP-Master"."Func_TblBankAccount_SET"(varSystemLoginSession, null, null, null, null, null, varInstitutionBranchID, varBaseCurrencyID, 166000000000005, '5750223151', 'Sudarlan', 62000000000001, 25000000000412);
B111: 25000000000413 | C111: =_xlfn.IFNA(IF(EXACT($B111, ""), "", VLOOKUP($B111, [4]DataLookUp!$C$4:$G$999, 3, FALSE )), "") -> 140421948 | D111: =IF(EXACT($B111, ""), "", IF((FLOOR($B111/1000000000000, 1) = 124), VLOOKUP($B111, '[1]DataLookUp - InstitutionBranch'!$B$4:$C$97, 2, FALSE), IF((FLOOR($B111/1000000000000, 1) = 25), VLOOKUP($B111, [2]DataLookUp!$B$4:$D$632, 2, FALSE), "xx"))) -> Sufie Amalia | E111: Bank Central Asia | F111: =IF(EXACT(E111, ""), "", VLOOKUP($E111, OFFSET([3]MAIN!$B$2, 0, 0, 100, 6), 5, FALSE)) -> 166000000000005 | G111: 5490332288 | H111: Sufie Amalia | I111: 62000000000001 | M111: =M110 + IF(EXACT(N111, ""), 0, 1) -> 167000000000107 | N111: =IF(OR(EXACT(B111, ""), EXACT(G111, "")), "", CONCATENATE("PERFORM ""SchData-OLTP-Master"".""Func_TblBankAccount_SET""(varSystemLoginSession, null, null, null, null, null, varInstitutionBranchID, varBaseCurrencyID, ", F111, ", '", G111, "', '", H111, "', ", I111, ", ", B111, ");")) -> PERFORM "SchData-OLTP-Master"."Func_TblBankAccount_SET"(varSystemLoginSession, null, null, null, null, null, varInstitutionBranchID, varBaseCurrencyID, 166000000000005, '5490332288', 'Sufie Amalia', 62000000000001, 25000000000413);
B112: 25000000000428 | C112: =_xlfn.IFNA(IF(EXACT($B112, ""), "", VLOOKUP($B112, [4]DataLookUp!$C$4:$G$999, 3, FALSE )), "") -> 261219925 | D112: =IF(EXACT($B112, ""), "", IF((FLOOR($B112/1000000000000, 1) = 124), VLOOKUP($B112, '[1]DataLookUp - InstitutionBranch'!$B$4:$C$97, 2, FALSE), IF((FLOOR($B112/1000000000000, 1) = 25), VLOOKUP($B112, [2]DataLookUp!$B$4:$D$632, 2, FALSE), "xx"))) -> Suyanto | E112: Bank Central Asia | F112: =IF(EXACT(E112, ""), "", VLOOKUP($E112, OFFSET([3]MAIN!$B$2, 0, 0, 100, 6), 5, FALSE)) -> 166000000000005 | G112: 1280421665 | H112: Suyanto | I112: 62000000000001 | M112: =M111 + IF(EXACT(N112, ""), 0, 1) -> 167000000000108 | N112: =IF(OR(EXACT(B112, ""), EXACT(G112, "")), "", CONCATENATE("PERFORM ""SchData-OLTP-Master"".""Func_TblBankAccount_SET""(varSystemLoginSession, null, null, null, null, null, varInstitutionBranchID, varBaseCurrencyID, ", F112, ", '", G112, "', '", H112, "', ", I112, ", ", B112, ");")) -> PERFORM "SchData-OLTP-Master"."Func_TblBankAccount_SET"(varSystemLoginSession, null, null, null, null, null, varInstitutionBranchID, varBaseCurrencyID, 166000000000005, '1280421665', 'Suyanto', 62000000000001, 25000000000428);
B113: 25000000000278 | C113: =_xlfn.IFNA(IF(EXACT($B113, ""), "", VLOOKUP($B113, [4]DataLookUp!$C$4:$G$999, 3, FALSE )), "") -> 010210516 | D113: =IF(EXACT($B113, ""), "", IF((FLOOR($B113/1000000000000, 1) = 124), VLOOKUP($B113, '[1]DataLookUp - InstitutionBranch'!$B$4:$C$97, 2, FALSE), IF((FLOOR($B113/1000000000000, 1) = 25), VLOOKUP($B113, [2]DataLookUp!$B$4:$D$632, 2, FALSE), "xx"))) -> T. Marungkil U. S. Sagala | E113: Bank Central Asia | F113: =IF(EXACT(E113, ""), "", VLOOKUP($E113, OFFSET([3]MAIN!$B$2, 0, 0, 100, 6), 5, FALSE)) -> 166000000000005 | G113: 7660251671 | H113: T Marungkil U S Sagala | I113: 62000000000001 | M113: =M112 + IF(EXACT(N113, ""), 0, 1) -> 167000000000109 | N113: =IF(OR(EXACT(B113, ""), EXACT(G113, "")), "", CONCATENATE("PERFORM ""SchData-OLTP-Master"".""Func_TblBankAccount_SET""(varSystemLoginSession, null, null, null, null, null, varInstitutionBranchID, varBaseCurrencyID, ", F113, ", '", G113, "', '", H113, "', ", I113, ", ", B113, ");")) -> PERFORM "SchData-OLTP-Master"."Func_TblBankAccount_SET"(varSystemLoginSession, null, null, null, null, null, varInstitutionBranchID, varBaseCurrencyID, 166000000000005, '7660251671', 'T Marungkil U S Sagala', 62000000000001, 25000000000278);
B114: 25000000000452 | C114: =_xlfn.IFNA(IF(EXACT($B114, ""), "", VLOOKUP($B114, [4]DataLookUp!$C$4:$G$999, 3, FALSE )), "") -> 090818879 | D114: =IF(EXACT($B114, ""), "", IF((FLOOR($B114/1000000000000, 1) = 124), VLOOKUP($B114, '[1]DataLookUp - InstitutionBranch'!$B$4:$C$97, 2, FALSE), IF((FLOOR($B114/1000000000000, 1) = 25), VLOOKUP($B114, [2]DataLookUp!$B$4:$D$632, 2, FALSE), "xx"))) -> Turita Pramuning Marantina | E114: Bank Central Asia | F114: =IF(EXACT(E114, ""), "", VLOOKUP($E114, OFFSET([3]MAIN!$B$2, 0, 0, 100, 6), 5, FALSE)) -> 166000000000005 | G114: 3751363751 | H114: Turita Pramuning M Ir | I114: 62000000000001 | M114: =M113 + IF(EXACT(N114, ""), 0, 1) -> 167000000000110 | N114: =IF(OR(EXACT(B114, ""), EXACT(G114, "")), "", CONCATENATE("PERFORM ""SchData-OLTP-Master"".""Func_TblBankAccount_SET""(varSystemLoginSession, null, null, null, null, null, varInstitutionBranchID, varBaseCurrencyID, ", F114, ", '", G114, "', '", H114, "', ", I114, ", ", B114, ");")) -> PERFORM "SchData-OLTP-Master"."Func_TblBankAccount_SET"(varSystemLoginSession, null, null, null, null, null, varInstitutionBranchID, varBaseCurrencyID, 166000000000005, '3751363751', 'Turita Pramuning M Ir', 62000000000001, 25000000000452);
B115: 25000000000467 | C115: =_xlfn.IFNA(IF(EXACT($B115, ""), "", VLOOKUP($B115, [4]DataLookUp!$C$4:$G$999, 3, FALSE )), "") -> 040219900 | D115: =IF(EXACT($B115, ""), "", IF((FLOOR($B115/1000000000000, 1) = 124), VLOOKUP($B115, '[1]DataLookUp - InstitutionBranch'!$B$4:$C$97, 2, FALSE), IF((FLOOR($B115/1000000000000, 1) = 25), VLOOKUP($B115, [2]DataLookUp!$B$4:$D$632, 2, FALSE), "xx"))) -> Wahyu Ramadhani | E115: Bank Central Asia | F115: =IF(EXACT(E115, ""), "", VLOOKUP($E115, OFFSET([3]MAIN!$B$2, 0, 0, 100, 6), 5, FALSE)) -> 166000000000005 | G115: 5520532155 | H115: Wahyu Ramadhani | I115: 62000000000001 | M115: =M114 + IF(EXACT(N115, ""), 0, 1) -> 167000000000111 | N115: =IF(OR(EXACT(B115, ""), EXACT(G115, "")), "", CONCATENATE("PERFORM ""SchData-OLTP-Master"".""Func_TblBankAccount_SET""(varSystemLoginSession, null, null, null, null, null, varInstitutionBranchID, varBaseCurrencyID, ", F115, ", '", G115, "', '", H115, "', ", I115, ", ", B115, ");")) -> PERFORM "SchData-OLTP-Master"."Func_TblBankAccount_SET"(varSystemLoginSession, null, null, null, null, null, varInstitutionBranchID, varBaseCurrencyID, 166000000000005, '5520532155', 'Wahyu Ramadhani', 62000000000001, 25000000000467);
B116: 25000000000542 | C116: =_xlfn.IFNA(IF(EXACT($B116, ""), "", VLOOKUP($B116, [4]DataLookUp!$C$4:$G$999, 3, FALSE )), "") -> 240122958 | D116: =IF(EXACT($B116, ""), "", IF((FLOOR($B116/1000000000000, 1) = 124), VLOOKUP($B116, '[1]DataLookUp - InstitutionBranch'!$B$4:$C$97, 2, FALSE), IF((FLOOR($B116/1000000000000, 1) = 25), VLOOKUP($B116, [2]DataLookUp!$B$4:$D$632, 2, FALSE), "xx"))) -> Wardah Laily Khoiriyah | E116: Bank Central Asia | F116: =IF(EXACT(E116, ""), "", VLOOKUP($E116, OFFSET([3]MAIN!$B$2, 0, 0, 100, 6), 5, FALSE)) -> 166000000000005 | G116: 8670430678 | H116: Wardah Laily Khoiriyah | I116: 62000000000001 | M116: =M115 + IF(EXACT(N116, ""), 0, 1) -> 167000000000112 | N116: =IF(OR(EXACT(B116, ""), EXACT(G116, "")), "", CONCATENATE("PERFORM ""SchData-OLTP-Master"".""Func_TblBankAccount_SET""(varSystemLoginSession, null, null, null, null, null, varInstitutionBranchID, varBaseCurrencyID, ", F116, ", '", G116, "', '", H116, "', ", I116, ", ", B116, ");")) -> PERFORM "SchData-OLTP-Master"."Func_TblBankAccount_SET"(varSystemLoginSession, null, null, null, null, null, varInstitutionBranchID, varBaseCurrencyID, 166000000000005, '8670430678', 'Wardah Laily Khoiriyah', 62000000000001, 25000000000542);
B117: 25000000000474 | C117: =_xlfn.IFNA(IF(EXACT($B117, ""), "", VLOOKUP($B117, [4]DataLookUp!$C$4:$G$999, 3, FALSE )), "") -> 280618877 | D117: =IF(EXACT($B117, ""), "", IF((FLOOR($B117/1000000000000, 1) = 124), VLOOKUP($B117, '[1]DataLookUp - InstitutionBranch'!$B$4:$C$97, 2, FALSE), IF((FLOOR($B117/1000000000000, 1) = 25), VLOOKUP($B117, [2]DataLookUp!$B$4:$D$632, 2, FALSE), "xx"))) -> Wisnu Ardian | E117: Bank Central Asia | F117: =IF(EXACT(E117, ""), "", VLOOKUP($E117, OFFSET([3]MAIN!$B$2, 0, 0, 100, 6), 5, FALSE)) -> 166000000000005 | G117: 2910590742 | H117: Wisnu Ardian | I117: 62000000000001 | M117: =M116 + IF(EXACT(N117, ""), 0, 1) -> 167000000000113 | N117: =IF(OR(EXACT(B117, ""), EXACT(G117, "")), "", CONCATENATE("PERFORM ""SchData-OLTP-Master"".""Func_TblBankAccount_SET""(varSystemLoginSession, null, null, null, null, null, varInstitutionBranchID, varBaseCurrencyID, ", F117, ", '", G117, "', '", H117, "', ", I117, ", ", B117, ");")) -> PERFORM "SchData-OLTP-Master"."Func_TblBankAccount_SET"(varSystemLoginSession, null, null, null, null, null, varInstitutionBranchID, varBaseCurrencyID, 166000000000005, '2910590742', 'Wisnu Ardian', 62000000000001, 25000000000474);
B118: 25000000000544 | C118: =_xlfn.IFNA(IF(EXACT($B118, ""), "", VLOOKUP($B118, [4]DataLookUp!$C$4:$G$999, 3, FALSE )), "") -> 180822966 | D118: =IF(EXACT($B118, ""), "", IF((FLOOR($B118/1000000000000, 1) = 124), VLOOKUP($B118, '[1]DataLookUp - InstitutionBranch'!$B$4:$C$97, 2, FALSE), IF((FLOOR($B118/1000000000000, 1) = 25), VLOOKUP($B118, [2]DataLookUp!$B$4:$D$632, 2, FALSE), "xx"))) -> Wulanraniasih | E118: Bank Central Asia | F118: =IF(EXACT(E118, ""), "", VLOOKUP($E118, OFFSET([3]MAIN!$B$2, 0, 0, 100, 6), 5, FALSE)) -> 166000000000005 | G118: 6860316941 | H118: Wulanraniasih | I118: 62000000000001 | M118: =M117 + IF(EXACT(N118, ""), 0, 1) -> 167000000000114 | N118: =IF(OR(EXACT(B118, ""), EXACT(G118, "")), "", CONCATENATE("PERFORM ""SchData-OLTP-Master"".""Func_TblBankAccount_SET""(varSystemLoginSession, null, null, null, null, null, varInstitutionBranchID, varBaseCurrencyID, ", F118, ", '", G118, "', '", H118, "', ", I118, ", ", B118, ");")) -> PERFORM "SchData-OLTP-Master"."Func_TblBankAccount_SET"(varSystemLoginSession, null, null, null, null, null, varInstitutionBranchID, varBaseCurrencyID, 166000000000005, '6860316941', 'Wulanraniasih', 62000000000001, 25000000000544);
B119: 25000000000487 | C119: =_xlfn.IFNA(IF(EXACT($B119, ""), "", VLOOKUP($B119, [4]DataLookUp!$C$4:$G$999, 3, FALSE )), "") -> 160714734 | D119: =IF(EXACT($B119, ""), "", IF((FLOOR($B119/1000000000000, 1) = 124), VLOOKUP($B119, '[1]DataLookUp - InstitutionBranch'!$B$4:$C$97, 2, FALSE), IF((FLOOR($B119/1000000000000, 1) = 25), VLOOKUP($B119, [2]DataLookUp!$B$4:$D$632, 2, FALSE), "xx"))) -> Yuliandaru Suryoatmodjo | E119: Bank Central Asia | F119: =IF(EXACT(E119, ""), "", VLOOKUP($E119, OFFSET([3]MAIN!$B$2, 0, 0, 100, 6), 5, FALSE)) -> 166000000000005 | G119: 3721127379 | H119: Yuliandaru Suryoatmodjo | I119: 62000000000001 | M119: =M118 + IF(EXACT(N119, ""), 0, 1) -> 167000000000115 | N119: =IF(OR(EXACT(B119, ""), EXACT(G119, "")), "", CONCATENATE("PERFORM ""SchData-OLTP-Master"".""Func_TblBankAccount_SET""(varSystemLoginSession, null, null, null, null, null, varInstitutionBranchID, varBaseCurrencyID, ", F119, ", '", G119, "', '", H119, "', ", I119, ", ", B119, ");")) -> PERFORM "SchData-OLTP-Master"."Func_TblBankAccount_SET"(varSystemLoginSession, null, null, null, null, null, varInstitutionBranchID, varBaseCurrencyID, 166000000000005, '3721127379', 'Yuliandaru Suryoatmodjo', 62000000000001, 25000000000487);
B120: 25000000000497 | C120: =_xlfn.IFNA(IF(EXACT($B120, ""), "", VLOOKUP($B120, [4]DataLookUp!$C$4:$G$999, 3, FALSE )), "") -> 090819915 | D120: =IF(EXACT($B120, ""), "", IF((FLOOR($B120/1000000000000, 1) = 124), VLOOKUP($B120, '[1]DataLookUp - InstitutionBranch'!$B$4:$C$97, 2, FALSE), IF((FLOOR($B120/1000000000000, 1) = 25), VLOOKUP($B120, [2]DataLookUp!$B$4:$D$632, 2, FALSE), "xx"))) -> Zainudin Anwar | E120: Bank Central Asia | F120: =IF(EXACT(E120, ""), "", VLOOKUP($E120, OFFSET([3]MAIN!$B$2, 0, 0, 100, 6), 5, FALSE)) -> 166000000000005 | G120: 5520552261 | H120: Zainudin Anwar | I120: 62000000000001 | M120: =M119 + IF(EXACT(N120, ""), 0, 1) -> 167000000000116 | N120: =IF(OR(EXACT(B120, ""), EXACT(G120, "")), "", CONCATENATE("PERFORM ""SchData-OLTP-Master"".""Func_TblBankAccount_SET""(varSystemLoginSession, null, null, null, null, null, varInstitutionBranchID, varBaseCurrencyID, ", F120, ", '", G120, "', '", H120, "', ", I120, ", ", B120, ");")) -> PERFORM "SchData-OLTP-Master"."Func_TblBankAccount_SET"(varSystemLoginSession, null, null, null, null, null, varInstitutionBranchID, varBaseCurrencyID, 166000000000005, '5520552261', 'Zainudin Anwar', 62000000000001, 25000000000497);
B121: 25000000000556 | C121: =_xlfn.IFNA(IF(EXACT($B121, ""), "", VLOOKUP($B121, [4]DataLookUp!$C$4:$G$999, 3, FALSE )), "") | D121: =IF(EXACT($B121, ""), "", IF((FLOOR($B121/1000000000000, 1) = 124), VLOOKUP($B121, '[1]DataLookUp - InstitutionBranch'!$B$4:$C$97, 2, FALSE), IF((FLOOR($B121/1000000000000, 1) = 25), VLOOKUP($B121, [2]DataLookUp!$B$4:$D$632, 2, FALSE), "xx"))) -> Yusarman | E121: Bank Central Asia | F121: =IF(EXACT(E121, ""), "", VLOOKUP($E121, OFFSET([3]MAIN!$B$2, 0, 0, 100, 6), 5, FALSE)) -> 166000000000005 | G121: 0011754723 | H121: Yusarman SH | I121: 62000000000001 | M121: =M120 + IF(EXACT(N121, ""), 0, 1) -> 167000000000117 | N121: =IF(OR(EXACT(B121, ""), EXACT(G121, "")), "", CONCATENATE("PERFORM ""SchData-OLTP-Master"".""Func_TblBankAccount_SET""(varSystemLoginSession, null, null, null, null, null, varInstitutionBranchID, varBaseCurrencyID, ", F121, ", '", G121, "', '", H121, "', ", I121, ", ", B121, ");")) -> PERFORM "SchData-OLTP-Master"."Func_TblBankAccount_SET"(varSystemLoginSession, null, null, null, null, null, varInstitutionBranchID, varBaseCurrencyID, 166000000000005, '0011754723', 'Yusarman SH', 62000000000001, 25000000000556);
B122: 25000000000237 | C122: =_xlfn.IFNA(IF(EXACT($B122, ""), "", VLOOKUP($B122, [4]DataLookUp!$C$4:$G$999, 3, FALSE )), "") | D122: =IF(EXACT($B122, ""), "", IF((FLOOR($B122/1000000000000, 1) = 124), VLOOKUP($B122, '[1]DataLookUp - InstitutionBranch'!$B$4:$C$97, 2, FALSE), IF((FLOOR($B122/1000000000000, 1) = 25), VLOOKUP($B122, [2]DataLookUp!$B$4:$D$632, 2, FALSE), "xx"))) -> Jonhar Aziz | E122: Bank Central Asia | F122: =IF(EXACT(E122, ""), "", VLOOKUP($E122, OFFSET([3]MAIN!$B$2, 0, 0, 100, 6), 5, FALSE)) -> 166000000000005 | G122: 2821395781 | H122: Jonhar Aziz | I122: 62000000000001 | M122: =M121 + IF(EXACT(N122, ""), 0, 1) -> 167000000000118 | N122: =IF(OR(EXACT(B122, ""), EXACT(G122, "")), "", CONCATENATE("PERFORM ""SchData-OLTP-Master"".""Func_TblBankAccount_SET""(varSystemLoginSession, null, null, null, null, null, varInstitutionBranchID, varBaseCurrencyID, ", F122, ", '", G122, "', '", H122, "', ", I122, ", ", B122, ");")) -> PERFORM "SchData-OLTP-Master"."Func_TblBankAccount_SET"(varSystemLoginSession, null, null, null, null, null, varInstitutionBranchID, varBaseCurrencyID, 166000000000005, '2821395781', 'Jonhar Aziz', 62000000000001, 25000000000237);
B123: 25000000000555 | C123: =_xlfn.IFNA(IF(EXACT($B123, ""), "", VLOOKUP($B123, [4]DataLookUp!$C$4:$G$999, 3, FALSE )), "") | D123: =IF(EXACT($B123, ""), "", IF((FLOOR($B123/1000000000000, 1) = 124), VLOOKUP($B123, '[1]DataLookUp - InstitutionBranch'!$B$4:$C$97, 2, FALSE), IF((FLOOR($B123/1000000000000, 1) = 25), VLOOKUP($B123, [2]DataLookUp!$B$4:$D$632, 2, FALSE), "xx"))) -> Wartono | E123: Bank Central Asia | F123: =IF(EXACT(E123, ""), "", VLOOKUP($E123, OFFSET([3]MAIN!$B$2, 0, 0, 100, 6), 5, FALSE)) -> 166000000000005 | G123: 2281429789 | H123: Wartono | I123: 62000000000001 | M123: =M122 + IF(EXACT(N123, ""), 0, 1) -> 167000000000119 | N123: =IF(OR(EXACT(B123, ""), EXACT(G123, "")), "", CONCATENATE("PERFORM ""SchData-OLTP-Master"".""Func_TblBankAccount_SET""(varSystemLoginSession, null, null, null, null, null, varInstitutionBranchID, varBaseCurrencyID, ", F123, ", '", G123, "', '", H123, "', ", I123, ", ", B123, ");")) -> PERFORM "SchData-OLTP-Master"."Func_TblBankAccount_SET"(varSystemLoginSession, null, null, null, null, null, varInstitutionBranchID, varBaseCurrencyID, 166000000000005, '2281429789', 'Wartono', 62000000000001, 25000000000555);
B124: 25000000000554 | C124: =_xlfn.IFNA(IF(EXACT($B124, ""), "", VLOOKUP($B124, [4]DataLookUp!$C$4:$G$999, 3, FALSE )), "") | D124: =IF(EXACT($B124, ""), "", IF((FLOOR($B124/1000000000000, 1) = 124), VLOOKUP($B124, '[1]DataLookUp - InstitutionBranch'!$B$4:$C$97, 2, FALSE), IF((FLOOR($B124/1000000000000, 1) = 25), VLOOKUP($B124, [2]DataLookUp!$B$4:$D$632, 2, FALSE), "xx"))) -> Santoso Dwi Cahyo | E124: Bank Central Asia | F124: =IF(EXACT(E124, ""), "", VLOOKUP($E124, OFFSET([3]MAIN!$B$2, 0, 0, 100, 6), 5, FALSE)) -> 166000000000005 | G124: 5750622536 | H124: Santoso Dwi Cahyo | I124: 62000000000001 | M124: =M123 + IF(EXACT(N124, ""), 0, 1) -> 167000000000120 | N124: =IF(OR(EXACT(B124, ""), EXACT(G124, "")), "", CONCATENATE("PERFORM ""SchData-OLTP-Master"".""Func_TblBankAccount_SET""(varSystemLoginSession, null, null, null, null, null, varInstitutionBranchID, varBaseCurrencyID, ", F124, ", '", G124, "', '", H124, "', ", I124, ", ", B124, ");")) -> PERFORM "SchData-OLTP-Master"."Func_TblBankAccount_SET"(varSystemLoginSession, null, null, null, null, null, varInstitutionBranchID, varBaseCurrencyID, 166000000000005, '5750622536', 'Santoso Dwi Cahyo', 62000000000001, 25000000000554);
B125: 25000000000536 | C125: =_xlfn.IFNA(IF(EXACT($B125, ""), "", VLOOKUP($B125, [4]DataLookUp!$C$4:$G$999, 3, FALSE )), "") -> 051023981 | D125: =IF(EXACT($B125, ""), "", IF((FLOOR($B125/1000000000000, 1) = 124), VLOOKUP($B125, '[1]DataLookUp - InstitutionBranch'!$B$4:$C$97, 2, FALSE), IF((FLOOR($B125/1000000000000, 1) = 25), VLOOKUP($B125, [2]DataLookUp!$B$4:$D$632, 2, FALSE), "xx"))) -> Restu Dwi Anjayani | E125: Bank Central Asia | F125: =IF(EXACT(E125, ""), "", VLOOKUP($E125, OFFSET([3]MAIN!$B$2, 0, 0, 100, 6), 5, FALSE)) -> 166000000000005 | G125: 4860276548 | H125: Restu Dwi Anjayani | I125: 62000000000001 | M125: =M124 + IF(EXACT(N125, ""), 0, 1) -> 167000000000121 | N125: =IF(OR(EXACT(B125, ""), EXACT(G125, "")), "", CONCATENATE("PERFORM ""SchData-OLTP-Master"".""Func_TblBankAccount_SET""(varSystemLoginSession, null, null, null, null, null, varInstitutionBranchID, varBaseCurrencyID, ", F125, ", '", G125, "', '", H125, "', ", I125, ", ", B125, ");")) -> PERFORM "SchData-OLTP-Master"."Func_TblBankAccount_SET"(varSystemLoginSession, null, null, null, null, null, varInstitutionBranchID, varBaseCurrencyID, 166000000000005, '4860276548', 'Restu Dwi Anjayani', 62000000000001, 25000000000536);
B126: 25000000000535 | C126: =_xlfn.IFNA(IF(EXACT($B126, ""), "", VLOOKUP($B126, [4]DataLookUp!$C$4:$G$999, 3, FALSE )), "") | D126: =IF(EXACT($B126, ""), "", IF((FLOOR($B126/1000000000000, 1) = 124), VLOOKUP($B126, '[1]DataLookUp - InstitutionBranch'!$B$4:$C$97, 2, FALSE), IF((FLOOR($B126/1000000000000, 1) = 25), VLOOKUP($B126, [2]DataLookUp!$B$4:$D$632, 2, FALSE), "xx"))) -> Oqi Suhaqi Yunus | E126: Bank Central Asia | F126: =IF(EXACT(E126, ""), "", VLOOKUP($E126, OFFSET([3]MAIN!$B$2, 0, 0, 100, 6), 5, FALSE)) -> 166000000000005 | G126: 6540386232 | H126: Oqi Suhaqi Yunus | I126: 62000000000001 | M126: =M125 + IF(EXACT(N126, ""), 0, 1) -> 167000000000122 | N126: =IF(OR(EXACT(B126, ""), EXACT(G126, "")), "", CONCATENATE("PERFORM ""SchData-OLTP-Master"".""Func_TblBankAccount_SET""(varSystemLoginSession, null, null, null, null, null, varInstitutionBranchID, varBaseCurrencyID, ", F126, ", '", G126, "', '", H126, "', ", I126, ", ", B126, ");")) -> PERFORM "SchData-OLTP-Master"."Func_TblBankAccount_SET"(varSystemLoginSession, null, null, null, null, null, varInstitutionBranchID, varBaseCurrencyID, 166000000000005, '6540386232', 'Oqi Suhaqi Yunus', 62000000000001, 25000000000535);
B127: 25000000000546 | C127: =_xlfn.IFNA(IF(EXACT($B127, ""), "", VLOOKUP($B127, [4]DataLookUp!$C$4:$G$999, 3, FALSE )), "") | D127: =IF(EXACT($B127, ""), "", IF((FLOOR($B127/1000000000000, 1) = 124), VLOOKUP($B127, '[1]DataLookUp - InstitutionBranch'!$B$4:$C$97, 2, FALSE), IF((FLOOR($B127/1000000000000, 1) = 25), VLOOKUP($B127, [2]DataLookUp!$B$4:$D$632, 2, FALSE), "xx"))) -> Yusuf Fathurahman | E127: Bank Central Asia | F127: =IF(EXACT(E127, ""), "", VLOOKUP($E127, OFFSET([3]MAIN!$B$2, 0, 0, 100, 6), 5, FALSE)) -> 166000000000005 | G127: 0670059618 | H127: Yusuf Fathurahman-sho | I127: 62000000000001 | M127: =M126 + IF(EXACT(N127, ""), 0, 1) -> 167000000000123 | N127: =IF(OR(EXACT(B127, ""), EXACT(G127, "")), "", CONCATENATE("PERFORM ""SchData-OLTP-Master"".""Func_TblBankAccount_SET""(varSystemLoginSession, null, null, null, null, null, varInstitutionBranchID, varBaseCurrencyID, ", F127, ", '", G127, "', '", H127, "', ", I127, ", ", B127, ");")) -> PERFORM "SchData-OLTP-Master"."Func_TblBankAccount_SET"(varSystemLoginSession, null, null, null, null, null, varInstitutionBranchID, varBaseCurrencyID, 166000000000005, '0670059618', 'Yusuf Fathurahman-sho', 62000000000001, 25000000000546);
B128: 25000000000531 | C128: =_xlfn.IFNA(IF(EXACT($B128, ""), "", VLOOKUP($B128, [4]DataLookUp!$C$4:$G$999, 3, FALSE )), "") | D128: =IF(EXACT($B128, ""), "", IF((FLOOR($B128/1000000000000, 1) = 124), VLOOKUP($B128, '[1]DataLookUp - InstitutionBranch'!$B$4:$C$97, 2, FALSE), IF((FLOOR($B128/1000000000000, 1) = 25), VLOOKUP($B128, [2]DataLookUp!$B$4:$D$632, 2, FALSE), "xx"))) -> Muhammad Syarifudin | E128: Bank Central Asia | F128: =IF(EXACT(E128, ""), "", VLOOKUP($E128, OFFSET([3]MAIN!$B$2, 0, 0, 100, 6), 5, FALSE)) -> 166000000000005 | G128: 0670059618 | H128: Muhammad Syarifudin | I128: 62000000000001 | M128: =M127 + IF(EXACT(N128, ""), 0, 1) -> 167000000000124 | N128: =IF(OR(EXACT(B128, ""), EXACT(G128, "")), "", CONCATENATE("PERFORM ""SchData-OLTP-Master"".""Func_TblBankAccount_SET""(varSystemLoginSession, null, null, null, null, null, varInstitutionBranchID, varBaseCurrencyID, ", F128, ", '", G128, "', '", H128, "', ", I128, ", ", B128, ");")) -> PERFORM "SchData-OLTP-Master"."Func_TblBankAccount_SET"(varSystemLoginSession, null, null, null, null, null, varInstitutionBranchID, varBaseCurrencyID, 166000000000005, '0670059618', 'Muhammad Syarifudin', 62000000000001, 25000000000531);
B129: 25000000000520 | C129: =_xlfn.IFNA(IF(EXACT($B129, ""), "", VLOOKUP($B129, [4]DataLookUp!$C$4:$G$999, 3, FALSE )), "") | D129: =IF(EXACT($B129, ""), "", IF((FLOOR($B129/1000000000000, 1) = 124), VLOOKUP($B129, '[1]DataLookUp - InstitutionBranch'!$B$4:$C$97, 2, FALSE), IF((FLOOR($B129/1000000000000, 1) = 25), VLOOKUP($B129, [2]DataLookUp!$B$4:$D$632, 2, FALSE), "xx"))) -> Dian Setiawan | E129: Bank Central Asia | F129: =IF(EXACT(E129, ""), "", VLOOKUP($E129, OFFSET([3]MAIN!$B$2, 0, 0, 100, 6), 5, FALSE)) -> 166000000000005 | G129: 0670059618 | H129: Dian Setiawan | I129: 62000000000001 | M129: =M128 + IF(EXACT(N129, ""), 0, 1) -> 167000000000125 | N129: =IF(OR(EXACT(B129, ""), EXACT(G129, "")), "", CONCATENATE("PERFORM ""SchData-OLTP-Master"".""Func_TblBankAccount_SET""(varSystemLoginSession, null, null, null, null, null, varInstitutionBranchID, varBaseCurrencyID, ", F129, ", '", G129, "', '", H129, "', ", I129, ", ", B129, ");")) -> PERFORM "SchData-OLTP-Master"."Func_TblBankAccount_SET"(varSystemLoginSession, null, null, null, null, null, varInstitutionBranchID, varBaseCurrencyID, 166000000000005, '0670059618', 'Dian Setiawan', 62000000000001, 25000000000520);
B130: 25000000000530 | C130: =_xlfn.IFNA(IF(EXACT($B130, ""), "", VLOOKUP($B130, [4]DataLookUp!$C$4:$G$999, 3, FALSE )), "") | D130: =IF(EXACT($B130, ""), "", IF((FLOOR($B130/1000000000000, 1) = 124), VLOOKUP($B130, '[1]DataLookUp - InstitutionBranch'!$B$4:$C$97, 2, FALSE), IF((FLOOR($B130/1000000000000, 1) = 25), VLOOKUP($B130, [2]DataLookUp!$B$4:$D$632, 2, FALSE), "xx"))) -> Muhammad Sholikhun | E130: Bank Central Asia | F130: =IF(EXACT(E130, ""), "", VLOOKUP($E130, OFFSET([3]MAIN!$B$2, 0, 0, 100, 6), 5, FALSE)) -> 166000000000005 | G130: 0670059618 | H130: Muhammad Sholikun | I130: 62000000000001 | M130: =M129 + IF(EXACT(N130, ""), 0, 1) -> 167000000000126 | N130: =IF(OR(EXACT(B130, ""), EXACT(G130, "")), "", CONCATENATE("PERFORM ""SchData-OLTP-Master"".""Func_TblBankAccount_SET""(varSystemLoginSession, null, null, null, null, null, varInstitutionBranchID, varBaseCurrencyID, ", F130, ", '", G130, "', '", H130, "', ", I130, ", ", B130, ");")) -> PERFORM "SchData-OLTP-Master"."Func_TblBankAccount_SET"(varSystemLoginSession, null, null, null, null, null, varInstitutionBranchID, varBaseCurrencyID, 166000000000005, '0670059618', 'Muhammad Sholikun', 62000000000001, 25000000000530);
B131: 25000000000539 | C131: =_xlfn.IFNA(IF(EXACT($B131, ""), "", VLOOKUP($B131, [4]DataLookUp!$C$4:$G$999, 3, FALSE )), "") | D131: =IF(EXACT($B131, ""), "", IF((FLOOR($B131/1000000000000, 1) = 124), VLOOKUP($B131, '[1]DataLookUp - InstitutionBranch'!$B$4:$C$97, 2, FALSE), IF((FLOOR($B131/1000000000000, 1) = 25), VLOOKUP($B131, [2]DataLookUp!$B$4:$D$632, 2, FALSE), "xx"))) -> Samta Harahap | E131: Bank Central Asia | F131: =IF(EXACT(E131, ""), "", VLOOKUP($E131, OFFSET([3]MAIN!$B$2, 0, 0, 100, 6), 5, FALSE)) -> 166000000000005 | G131: 8681161864 | H131: Samta Harahap | I131: 62000000000001 | M131: =M130 + IF(EXACT(N131, ""), 0, 1) -> 167000000000127 | N131: =IF(OR(EXACT(B131, ""), EXACT(G131, "")), "", CONCATENATE("PERFORM ""SchData-OLTP-Master"".""Func_TblBankAccount_SET""(varSystemLoginSession, null, null, null, null, null, varInstitutionBranchID, varBaseCurrencyID, ", F131, ", '", G131, "', '", H131, "', ", I131, ", ", B131, ");")) -> PERFORM "SchData-OLTP-Master"."Func_TblBankAccount_SET"(varSystemLoginSession, null, null, null, null, null, varInstitutionBranchID, varBaseCurrencyID, 166000000000005, '8681161864', 'Samta Harahap', 62000000000001, 25000000000539);
B132: 25000000000529 | C132: =_xlfn.IFNA(IF(EXACT($B132, ""), "", VLOOKUP($B132, [4]DataLookUp!$C$4:$G$999, 3, FALSE )), "") | D132: =IF(EXACT($B132, ""), "", IF((FLOOR($B132/1000000000000, 1) = 124), VLOOKUP($B132, '[1]DataLookUp - InstitutionBranch'!$B$4:$C$97, 2, FALSE), IF((FLOOR($B132/1000000000000, 1) = 25), VLOOKUP($B132, [2]DataLookUp!$B$4:$D$632, 2, FALSE), "xx"))) -> Muhammad Lukbani | E132: Bank Central Asia | F132: =IF(EXACT(E132, ""), "", VLOOKUP($E132, OFFSET([3]MAIN!$B$2, 0, 0, 100, 6), 5, FALSE)) -> 166000000000005 | G132: 7125461581 | H132: Muhammad Lukbani | I132: 62000000000001 | M132: =M131 + IF(EXACT(N132, ""), 0, 1) -> 167000000000128 | N132: =IF(OR(EXACT(B132, ""), EXACT(G132, "")), "", CONCATENATE("PERFORM ""SchData-OLTP-Master"".""Func_TblBankAccount_SET""(varSystemLoginSession, null, null, null, null, null, varInstitutionBranchID, varBaseCurrencyID, ", F132, ", '", G132, "', '", H132, "', ", I132, ", ", B132, ");")) -> PERFORM "SchData-OLTP-Master"."Func_TblBankAccount_SET"(varSystemLoginSession, null, null, null, null, null, varInstitutionBranchID, varBaseCurrencyID, 166000000000005, '7125461581', 'Muhammad Lukbani', 62000000000001, 25000000000529);
B133: 25000000000557 | C133: =_xlfn.IFNA(IF(EXACT($B133, ""), "", VLOOKUP($B133, [4]DataLookUp!$C$4:$G$999, 3, FALSE )), "") | D133: =IF(EXACT($B133, ""), "", IF((FLOOR($B133/1000000000000, 1) = 124), VLOOKUP($B133, '[1]DataLookUp - InstitutionBranch'!$B$4:$C$97, 2, FALSE), IF((FLOOR($B133/1000000000000, 1) = 25), VLOOKUP($B133, [2]DataLookUp!$B$4:$D$632, 2, FALSE), "xx"))) -> Abdul Rachman | F133: =IF(EXACT(E133, ""), "", VLOOKUP($E133, OFFSET([3]MAIN!$B$2, 0, 0, 100, 6), 5, FALSE)) | I133: 62000000000001 | M133: =M132 + IF(EXACT(N133, ""), 0, 1) -> 167000000000128 | N133: =IF(OR(EXACT(B133, ""), EXACT(G133, "")), "", CONCATENATE("PERFORM ""SchData-OLTP-Master"".""Func_TblBankAccount_SET""(varSystemLoginSession, null, null, null, null, null, varInstitutionBranchID, varBaseCurrencyID, ", F133, ", '", G133, "', '", H133, "', ", I133, ", ", B133, ");"))
B134: 25000000000558 | C134: =_xlfn.IFNA(IF(EXACT($B134, ""), "", VLOOKUP($B134, [4]DataLookUp!$C$4:$G$999, 3, FALSE )), "") | D134: =IF(EXACT($B134, ""), "", IF((FLOOR($B134/1000000000000, 1) = 124), VLOOKUP($B134, '[1]DataLookUp - InstitutionBranch'!$B$4:$C$97, 2, FALSE), IF((FLOOR($B134/1000000000000, 1) = 25), VLOOKUP($B134, [2]DataLookUp!$B$4:$D$632, 2, FALSE), "xx"))) -> Aden Bagus | F134: =IF(EXACT(E134, ""), "", VLOOKUP($E134, OFFSET([3]MAIN!$B$2, 0, 0, 100, 6), 5, FALSE)) | I134: 62000000000001 | M134: =M133 + IF(EXACT(N134, ""), 0, 1) -> 167000000000128 | N134: =IF(OR(EXACT(B134, ""), EXACT(G134, "")), "", CONCATENATE("PERFORM ""SchData-OLTP-Master"".""Func_TblBankAccount_SET""(varSystemLoginSession, null, null, null, null, null, varInstitutionBranchID, varBaseCurrencyID, ", F134, ", '", G134, "', '", H134, "', ", I134, ", ", B134, ");"))
B135: 25000000000017 | C135: =_xlfn.IFNA(IF(EXACT($B135, ""), "", VLOOKUP($B135, [4]DataLookUp!$C$4:$G$999, 3, FALSE )), "") -> 280314716 | D135: =IF(EXACT($B135, ""), "", IF((FLOOR($B135/1000000000000, 1) = 124), VLOOKUP($B135, '[1]DataLookUp - InstitutionBranch'!$B$4:$C$97, 2, FALSE), IF((FLOOR($B135/1000000000000, 1) = 25), VLOOKUP($B135, [2]DataLookUp!$B$4:$D$632, 2, FALSE), "xx"))) -> Ahmad Faiz Haems Muda | E135: Bank Central Asia | F135: =IF(EXACT(E135, ""), "", VLOOKUP($E135, OFFSET([3]MAIN!$B$2, 0, 0, 100, 6), 5, FALSE)) -> 166000000000005 | G135: 2302269280 | H135: Ahmad Faiz Haems Muda | I135: 62000000000001 | M135: =M134 + IF(EXACT(N135, ""), 0, 1) -> 167000000000129 | N135: =IF(OR(EXACT(B135, ""), EXACT(G135, "")), "", CONCATENATE("PERFORM ""SchData-OLTP-Master"".""Func_TblBankAccount_SET""(varSystemLoginSession, null, null, null, null, null, varInstitutionBranchID, varBaseCurrencyID, ", F135, ", '", G135, "', '", H135, "', ", I135, ", ", B135, ");")) -> PERFORM "SchData-OLTP-Master"."Func_TblBankAccount_SET"(varSystemLoginSession, null, null, null, null, null, varInstitutionBranchID, varBaseCurrencyID, 166000000000005, '2302269280', 'Ahmad Faiz Haems Muda', 62000000000001, 25000000000017);
B136: 25000000000167 | C136: =_xlfn.IFNA(IF(EXACT($B136, ""), "", VLOOKUP($B136, [4]DataLookUp!$C$4:$G$999, 3, FALSE )), "") -> 010218858 | D136: =IF(EXACT($B136, ""), "", IF((FLOOR($B136/1000000000000, 1) = 124), VLOOKUP($B136, '[1]DataLookUp - InstitutionBranch'!$B$4:$C$97, 2, FALSE), IF((FLOOR($B136/1000000000000, 1) = 25), VLOOKUP($B136, [2]DataLookUp!$B$4:$D$632, 2, FALSE), "xx"))) -> Grace Kurniawan | E136: Bank Central Asia | F136: =IF(EXACT(E136, ""), "", VLOOKUP($E136, OFFSET([3]MAIN!$B$2, 0, 0, 100, 6), 5, FALSE)) -> 166000000000005 | G136: 4271122556 | H136: Grace Kurniawan | I136: 62000000000001 | M136: =M135 + IF(EXACT(N136, ""), 0, 1) -> 167000000000130 | N136: =IF(OR(EXACT(B136, ""), EXACT(G136, "")), "", CONCATENATE("PERFORM ""SchData-OLTP-Master"".""Func_TblBankAccount_SET""(varSystemLoginSession, null, null, null, null, null, varInstitutionBranchID, varBaseCurrencyID, ", F136, ", '", G136, "', '", H136, "', ", I136, ", ", B136, ");")) -> PERFORM "SchData-OLTP-Master"."Func_TblBankAccount_SET"(varSystemLoginSession, null, null, null, null, null, varInstitutionBranchID, varBaseCurrencyID, 166000000000005, '4271122556', 'Grace Kurniawan', 62000000000001, 25000000000167);
B137: 25000000000051 | C137: =_xlfn.IFNA(IF(EXACT($B137, ""), "", VLOOKUP($B137, [4]DataLookUp!$C$4:$G$999, 3, FALSE )), "") -> 160313008 | D137: =IF(EXACT($B137, ""), "", IF((FLOOR($B137/1000000000000, 1) = 124), VLOOKUP($B137, '[1]DataLookUp - InstitutionBranch'!$B$4:$C$97, 2, FALSE), IF((FLOOR($B137/1000000000000, 1) = 25), VLOOKUP($B137, [2]DataLookUp!$B$4:$D$632, 2, FALSE), "xx"))) -> Ares S. Mauboi | E137: Bank Rakyat Indonesia | F137: =IF(EXACT(E137, ""), "", VLOOKUP($E137, OFFSET([3]MAIN!$B$2, 0, 0, 100, 6), 5, FALSE)) -> 166000000000002 | G137: 034101074863509 | H137: Ares S. Mauboi | I137: 62000000000001 | M137: =M136 + IF(EXACT(N137, ""), 0, 1) -> 167000000000131 | N137: =IF(OR(EXACT(B137, ""), EXACT(G137, "")), "", CONCATENATE("PERFORM ""SchData-OLTP-Master"".""Func_TblBankAccount_SET""(varSystemLoginSession, null, null, null, null, null, varInstitutionBranchID, varBaseCurrencyID, ", F137, ", '", G137, "', '", H137, "', ", I137, ", ", B137, ");")) -> PERFORM "SchData-OLTP-Master"."Func_TblBankAccount_SET"(varSystemLoginSession, null, null, null, null, null, varInstitutionBranchID, varBaseCurrencyID, 166000000000002, '034101074863509', 'Ares S. Mauboi', 62000000000001, 25000000000051);
B138: 25000000000517 | C138: =_xlfn.IFNA(IF(EXACT($B138, ""), "", VLOOKUP($B138, [4]DataLookUp!$C$4:$G$999, 3, FALSE )), "") -> 090821952 | D138: =IF(EXACT($B138, ""), "", IF((FLOOR($B138/1000000000000, 1) = 124), VLOOKUP($B138, '[1]DataLookUp - InstitutionBranch'!$B$4:$C$97, 2, FALSE), IF((FLOOR($B138/1000000000000, 1) = 25), VLOOKUP($B138, [2]DataLookUp!$B$4:$D$632, 2, FALSE), "xx"))) -> Cahyana | E138: Bank Rakyat Indonesia | F138: =IF(EXACT(E138, ""), "", VLOOKUP($E138, OFFSET([3]MAIN!$B$2, 0, 0, 100, 6), 5, FALSE)) -> 166000000000002 | G138: 727401009580534 | H138: =_xlfn.IFNA(IF(EXACT($B138, ""), "", VLOOKUP($B138, [2]DataLookUp!$B$4:$D$999, 2, FALSE )), "") -> Cahyana | I138: 62000000000001 | M138: =M137 + IF(EXACT(N138, ""), 0, 1) -> 167000000000132 | N138: =IF(OR(EXACT(B138, ""), EXACT(G138, "")), "", CONCATENATE("PERFORM ""SchData-OLTP-Master"".""Func_TblBankAccount_SET""(varSystemLoginSession, null, null, null, null, null, varInstitutionBranchID, varBaseCurrencyID, ", F138, ", '", G138, "', '", H138, "', ", I138, ", ", B138, ");")) -> PERFORM "SchData-OLTP-Master"."Func_TblBankAccount_SET"(varSystemLoginSession, null, null, null, null, null, varInstitutionBranchID, varBaseCurrencyID, 166000000000002, '727401009580534', 'Cahyana', 62000000000001, 25000000000517);
B139: 25000000000093 | C139: =_xlfn.IFNA(IF(EXACT($B139, ""), "", VLOOKUP($B139, [4]DataLookUp!$C$4:$G$999, 3, FALSE )), "") -> 170417832 | D139: =IF(EXACT($B139, ""), "", IF((FLOOR($B139/1000000000000, 1) = 124), VLOOKUP($B139, '[1]DataLookUp - InstitutionBranch'!$B$4:$C$97, 2, FALSE), IF((FLOOR($B139/1000000000000, 1) = 25), VLOOKUP($B139, [2]DataLookUp!$B$4:$D$632, 2, FALSE), "xx"))) -> Davit Lumban Gaol | E139: Bank Rakyat Indonesia | F139: =IF(EXACT(E139, ""), "", VLOOKUP($E139, OFFSET([3]MAIN!$B$2, 0, 0, 100, 6), 5, FALSE)) -> 166000000000002 | G139: 033601013930530 | H139: Davit Lumban Gaol | I139: 62000000000001 | M139: =M138 + IF(EXACT(N139, ""), 0, 1) -> 167000000000133 | N139: =IF(OR(EXACT(B139, ""), EXACT(G139, "")), "", CONCATENATE("PERFORM ""SchData-OLTP-Master"".""Func_TblBankAccount_SET""(varSystemLoginSession, null, null, null, null, null, varInstitutionBranchID, varBaseCurrencyID, ", F139, ", '", G139, "', '", H139, "', ", I139, ", ", B139, ");")) -> PERFORM "SchData-OLTP-Master"."Func_TblBankAccount_SET"(varSystemLoginSession, null, null, null, null, null, varInstitutionBranchID, varBaseCurrencyID, 166000000000002, '033601013930530', 'Davit Lumban Gaol', 62000000000001, 25000000000093);
B140: 25000000000550 | C140: =_xlfn.IFNA(IF(EXACT($B140, ""), "", VLOOKUP($B140, [4]DataLookUp!$C$4:$G$999, 3, FALSE )), "") -> 031022970 | D140: =IF(EXACT($B140, ""), "", IF((FLOOR($B140/1000000000000, 1) = 124), VLOOKUP($B140, '[1]DataLookUp - InstitutionBranch'!$B$4:$C$97, 2, FALSE), IF((FLOOR($B140/1000000000000, 1) = 25), VLOOKUP($B140, [2]DataLookUp!$B$4:$D$632, 2, FALSE), "xx"))) -> Dian Tri Rahmawati | E140: Bank Rakyat Indonesia | F140: =IF(EXACT(E140, ""), "", VLOOKUP($E140, OFFSET([3]MAIN!$B$2, 0, 0, 100, 6), 5, FALSE)) -> 166000000000002 | G140: 212401007578533 | H140: Dian Tri Rahmawati | I140: 62000000000001 | M140: =M139 + IF(EXACT(N140, ""), 0, 1) -> 167000000000134 | N140: =IF(OR(EXACT(B140, ""), EXACT(G140, "")), "", CONCATENATE("PERFORM ""SchData-OLTP-Master"".""Func_TblBankAccount_SET""(varSystemLoginSession, null, null, null, null, null, varInstitutionBranchID, varBaseCurrencyID, ", F140, ", '", G140, "', '", H140, "', ", I140, ", ", B140, ");")) -> PERFORM "SchData-OLTP-Master"."Func_TblBankAccount_SET"(varSystemLoginSession, null, null, null, null, null, varInstitutionBranchID, varBaseCurrencyID, 166000000000002, '212401007578533 ', 'Dian Tri Rahmawati', 62000000000001, 25000000000550);
B141: 25000000000120 | C141: =_xlfn.IFNA(IF(EXACT($B141, ""), "", VLOOKUP($B141, [4]DataLookUp!$C$4:$G$999, 3, FALSE )), "") -> 0701251000 | D141: =IF(EXACT($B141, ""), "", IF((FLOOR($B141/1000000000000, 1) = 124), VLOOKUP($B141, '[1]DataLookUp - InstitutionBranch'!$B$4:$C$97, 2, FALSE), IF((FLOOR($B141/1000000000000, 1) = 25), VLOOKUP($B141, [2]DataLookUp!$B$4:$D$632, 2, FALSE), "xx"))) -> Edy Syahputra Situmeang | E141: Bank Rakyat Indonesia | F141: =IF(EXACT(E141, ""), "", VLOOKUP($E141, OFFSET([3]MAIN!$B$2, 0, 0, 100, 6), 5, FALSE)) -> 166000000000002 | G141: 353201013523538 | H141: Edy Syahputra Situmeang | I141: 62000000000001 | M141: =M140 + IF(EXACT(N141, ""), 0, 1) -> 167000000000135 | N141: =IF(OR(EXACT(B141, ""), EXACT(G141, "")), "", CONCATENATE("PERFORM ""SchData-OLTP-Master"".""Func_TblBankAccount_SET""(varSystemLoginSession, null, null, null, null, null, varInstitutionBranchID, varBaseCurrencyID, ", F141, ", '", G141, "', '", H141, "', ", I141, ", ", B141, ");")) -> PERFORM "SchData-OLTP-Master"."Func_TblBankAccount_SET"(varSystemLoginSession, null, null, null, null, null, varInstitutionBranchID, varBaseCurrencyID, 166000000000002, '353201013523538', 'Edy Syahputra Situmeang', 62000000000001, 25000000000120);
B142: 25000000000521 | C142: =_xlfn.IFNA(IF(EXACT($B142, ""), "", VLOOKUP($B142, [4]DataLookUp!$C$4:$G$999, 3, FALSE )), "") -> 110523979 | D142: =IF(EXACT($B142, ""), "", IF((FLOOR($B142/1000000000000, 1) = 124), VLOOKUP($B142, '[1]DataLookUp - InstitutionBranch'!$B$4:$C$97, 2, FALSE), IF((FLOOR($B142/1000000000000, 1) = 25), VLOOKUP($B142, [2]DataLookUp!$B$4:$D$632, 2, FALSE), "xx"))) -> Fabrian Danang Destiyara | E142: Bank Rakyat Indonesia | F142: =IF(EXACT(E142, ""), "", VLOOKUP($E142, OFFSET([3]MAIN!$B$2, 0, 0, 100, 6), 5, FALSE)) -> 166000000000002 | G142: 122301024676505 | H142: Fabrian Danang Destiyara | I142: 62000000000001 | M142: =M141 + IF(EXACT(N142, ""), 0, 1) -> 167000000000136 | N142: =IF(OR(EXACT(B142, ""), EXACT(G142, "")), "", CONCATENATE("PERFORM ""SchData-OLTP-Master"".""Func_TblBankAccount_SET""(varSystemLoginSession, null, null, null, null, null, varInstitutionBranchID, varBaseCurrencyID, ", F142, ", '", G142, "', '", H142, "', ", I142, ", ", B142, ");")) -> PERFORM "SchData-OLTP-Master"."Func_TblBankAccount_SET"(varSystemLoginSession, null, null, null, null, null, varInstitutionBranchID, varBaseCurrencyID, 166000000000002, '122301024676505', 'Fabrian Danang Destiyara', 62000000000001, 25000000000521);
B143: 25000000000551 | C143: =_xlfn.IFNA(IF(EXACT($B143, ""), "", VLOOKUP($B143, [4]DataLookUp!$C$4:$G$999, 3, FALSE )), "") -> 050422961 | D143: =IF(EXACT($B143, ""), "", IF((FLOOR($B143/1000000000000, 1) = 124), VLOOKUP($B143, '[1]DataLookUp - InstitutionBranch'!$B$4:$C$97, 2, FALSE), IF((FLOOR($B143/1000000000000, 1) = 25), VLOOKUP($B143, [2]DataLookUp!$B$4:$D$632, 2, FALSE), "xx"))) -> Langgeng Eko Dwiantoro | E143: Bank Central Asia | F143: =IF(EXACT(E143, ""), "", VLOOKUP($E143, OFFSET([3]MAIN!$B$2, 0, 0, 100, 6), 5, FALSE)) -> 166000000000005 | G143: 0021817308 | H143: Langgeng Eko Dwiantoro | I143: 62000000000001 | M143: =M142 + IF(EXACT(N143, ""), 0, 1) -> 167000000000137 | N143: =IF(OR(EXACT(B143, ""), EXACT(G143, "")), "", CONCATENATE("PERFORM ""SchData-OLTP-Master"".""Func_TblBankAccount_SET""(varSystemLoginSession, null, null, null, null, null, varInstitutionBranchID, varBaseCurrencyID, ", F143, ", '", G143, "', '", H143, "', ", I143, ", ", B143, ");")) -> PERFORM "SchData-OLTP-Master"."Func_TblBankAccount_SET"(varSystemLoginSession, null, null, null, null, null, varInstitutionBranchID, varBaseCurrencyID, 166000000000005, '0021817308', 'Langgeng Eko Dwiantoro', 62000000000001, 25000000000551);
B144: 25000000000551 | C144: =_xlfn.IFNA(IF(EXACT($B144, ""), "", VLOOKUP($B144, [4]DataLookUp!$C$4:$G$999, 3, FALSE )), "") -> 050422961 | D144: =IF(EXACT($B144, ""), "", IF((FLOOR($B144/1000000000000, 1) = 124), VLOOKUP($B144, '[1]DataLookUp - InstitutionBranch'!$B$4:$C$97, 2, FALSE), IF((FLOOR($B144/1000000000000, 1) = 25), VLOOKUP($B144, [2]DataLookUp!$B$4:$D$632, 2, FALSE), "xx"))) -> Langgeng Eko Dwiantoro | E144: Bank Rakyat Indonesia | F144: =IF(EXACT(E144, ""), "", VLOOKUP($E144, OFFSET([3]MAIN!$B$2, 0, 0, 100, 6), 5, FALSE)) -> 166000000000002 | G144: 034101013725530 | H144: Langgeng Eko Dwiantoro | I144: 62000000000001 | M144: =M143 + IF(EXACT(N144, ""), 0, 1) -> 167000000000138 | N144: =IF(OR(EXACT(B144, ""), EXACT(G144, "")), "", CONCATENATE("PERFORM ""SchData-OLTP-Master"".""Func_TblBankAccount_SET""(varSystemLoginSession, null, null, null, null, null, varInstitutionBranchID, varBaseCurrencyID, ", F144, ", '", G144, "', '", H144, "', ", I144, ", ", B144, ");")) -> PERFORM "SchData-OLTP-Master"."Func_TblBankAccount_SET"(varSystemLoginSession, null, null, null, null, null, varInstitutionBranchID, varBaseCurrencyID, 166000000000002, '034101013725530', 'Langgeng Eko Dwiantoro', 62000000000001, 25000000000551);
...

Sheet DataLookUp
B2: Sys_PID | C2: Bank Account | D2: Currency | E2: Default Holder
B4: =IF(EXACT(SEED!$N4, ""), "", SEED!$M4) -> 167000000000001 | C4: =IF(EXACT($B4, ""), "", SEED!$E4&" - "&SEED!$G4) -> Bank Central Asia - 0063032911 | D4: =IF(EXACT($B4, ""), "", IF((SEED!I4*1)=62000000000001, "IDR", IF((SEED!I4*1)=62000000000002, "USD", IF((SEED!I4*1)=62000000000003, "AUD", "Others")))) -> IDR | E4: =IF(EXACT($B4, ""), "", IF(FLOOR(SEED!$B4/1000000000000, 1)=124, "Institution - "&VLOOKUP(SEED!$B4, '[1]DataLookUp - InstitutionBranch'!$B$4:$C$1000, 2, FALSE), "Person - "&VLOOKUP(SEED!$B4, [2]DataLookUp!$B$4:$D$1000, 2, FALSE))) -> Institution - PT. QDC Technologies
B5: =IF(EXACT(SEED!$N5, ""), "", SEED!$M5) -> 167000000000002 | C5: =IF(EXACT($B5, ""), "", SEED!$E5&" - "&SEED!$G5) -> Bank Central Asia - 0065557750 | D5: =IF(EXACT($B5, ""), "", IF((SEED!I5*1)=62000000000001, "IDR", IF((SEED!I5*1)=62000000000002, "USD", IF((SEED!I5*1)=62000000000003, "AUD", "Others")))) -> IDR | E5: =IF(EXACT($B5, ""), "", IF(FLOOR(SEED!$B5/1000000000000, 1)=124, "Institution - "&VLOOKUP(SEED!$B5, '[1]DataLookUp - InstitutionBranch'!$B$4:$C$1000, 2, FALSE), "Person - "&VLOOKUP(SEED!$B5, [2]DataLookUp!$B$4:$D$1000, 2, FALSE))) -> Institution - PT. QDC Technologies
B6: =IF(EXACT(SEED!$N6, ""), "", SEED!$M6) -> 167000000000003 | C6: =IF(EXACT($B6, ""), "", SEED!$E6&" - "&SEED!$G6) -> Bank Central Asia - 0068502911 | D6: =IF(EXACT($B6, ""), "", IF((SEED!I6*1)=62000000000001, "IDR", IF((SEED!I6*1)=62000000000002, "USD", IF((SEED!I6*1)=62000000000003, "AUD", "Others")))) -> IDR | E6: =IF(EXACT($B6, ""), "", IF(FLOOR(SEED!$B6/1000000000000, 1)=124, "Institution - "&VLOOKUP(SEED!$B6, '[1]DataLookUp - InstitutionBranch'!$B$4:$C$1000, 2, FALSE), "Person - "&VLOOKUP(SEED!$B6, [2]DataLookUp!$B$4:$D$1000, 2, FALSE))) -> Institution - PT. QDC Technologies
B7: =IF(EXACT(SEED!$N7, ""), "", SEED!$M7) -> 167000000000004 | C7: =IF(EXACT($B7, ""), "", SEED!$E7&" - "&SEED!$G7) -> Bank Central Asia - 2173050101 | D7: =IF(EXACT($B7, ""), "", IF((SEED!I7*1)=62000000000001, "IDR", IF((SEED!I7*1)=62000000000002, "USD", IF((SEED!I7*1)=62000000000003, "AUD", "Others")))) -> IDR | E7: =IF(EXACT($B7, ""), "", IF(FLOOR(SEED!$B7/1000000000000, 1)=124, "Institution - "&VLOOKUP(SEED!$B7, '[1]DataLookUp - InstitutionBranch'!$B$4:$C$1000, 2, FALSE), "Person - "&VLOOKUP(SEED!$B7, [2]DataLookUp!$B$4:$D$1000, 2, FALSE))) -> Institution - PT. QDC Technologies
B8: =IF(EXACT(SEED!$N8, ""), "", SEED!$M8) -> 167000000000005 | C8: =IF(EXACT($B8, ""), "", SEED!$E8&" - "&SEED!$G8) -> Bank Central Asia - 2173108214 | D8: =IF(EXACT($B8, ""), "", IF((SEED!I8*1)=62000000000001, "IDR", IF((SEED!I8*1)=62000000000002, "USD", IF((SEED!I8*1)=62000000000003, "AUD", "Others")))) -> IDR | E8: =IF(EXACT($B8, ""), "", IF(FLOOR(SEED!$B8/1000000000000, 1)=124, "Institution - "&VLOOKUP(SEED!$B8, '[1]DataLookUp - InstitutionBranch'!$B$4:$C$1000, 2, FALSE), "Person - "&VLOOKUP(SEED!$B8, [2]DataLookUp!$B$4:$D$1000, 2, FALSE))) -> Institution - PT. QDC Technologies
B9: =IF(EXACT(SEED!$N9, ""), "", SEED!$M9) -> 167000000000006 | C9: =IF(EXACT($B9, ""), "", SEED!$E9&" - "&SEED!$G9) -> Bank CIMB Niaga - 762375277200 | D9: =IF(EXACT($B9, ""), "", IF((SEED!I9*1)=62000000000001, "IDR", IF((SEED!I9*1)=62000000000002, "USD", IF((SEED!I9*1)=62000000000003, "AUD", "Others")))) -> IDR | E9: =IF(EXACT($B9, ""), "", IF(FLOOR(SEED!$B9/1000000000000, 1)=124, "Institution - "&VLOOKUP(SEED!$B9, '[1]DataLookUp - InstitutionBranch'!$B$4:$C$1000, 2, FALSE), "Person - "&VLOOKUP(SEED!$B9, [2]DataLookUp!$B$4:$D$1000, 2, FALSE))) -> Institution - PT. QDC Technologies
B10: =IF(EXACT(SEED!$N10, ""), "", SEED!$M10) -> 167000000000007 | C10: =IF(EXACT($B10, ""), "", SEED!$E10&" - "&SEED!$G10) -> Bank CIMB Niaga - 800039839400 | D10: =IF(EXACT($B10, ""), "", IF((SEED!I10*1)=62000000000001, "IDR", IF((SEED!I10*1)=62000000000002, "USD", IF((SEED!I10*1)=62000000000003, "AUD", "Others")))) -> IDR | E10: =IF(EXACT($B10, ""), "", IF(FLOOR(SEED!$B10/1000000000000, 1)=124, "Institution - "&VLOOKUP(SEED!$B10, '[1]DataLookUp - InstitutionBranch'!$B$4:$C$1000, 2, FALSE), "Person - "&VLOOKUP(SEED!$B10, [2]DataLookUp!$B$4:$D$1000, 2, FALSE))) -> Institution - PT. QDC Technologies
B11: =IF(EXACT(SEED!$N11, ""), "", SEED!$M11) -> 167000000000008 | C11: =IF(EXACT($B11, ""), "", SEED!$E11&" - "&SEED!$G11) -> Bank CIMB Niaga - 800039840100 | D11: =IF(EXACT($B11, ""), "", IF((SEED!I11*1)=62000000000001, "IDR", IF((SEED!I11*1)=62000000000002, "USD", IF((SEED!I11*1)=62000000000003, "AUD", "Others")))) -> IDR | E11: =IF(EXACT($B11, ""), "", IF(FLOOR(SEED!$B11/1000000000000, 1)=124, "Institution - "&VLOOKUP(SEED!$B11, '[1]DataLookUp - InstitutionBranch'!$B$4:$C$1000, 2, FALSE), "Person - "&VLOOKUP(SEED!$B11, [2]DataLookUp!$B$4:$D$1000, 2, FALSE))) -> Institution - PT. QDC Technologies
B12: =IF(EXACT(SEED!$N12, ""), "", SEED!$M12) -> 167000000000009 | C12: =IF(EXACT($B12, ""), "", SEED!$E12&" - "&SEED!$G12) -> Bank CIMB Niaga - 860012900500 | D12: =IF(EXACT($B12, ""), "", IF((SEED!I12*1)=62000000000001, "IDR", IF((SEED!I12*1)=62000000000002, "USD", IF((SEED!I12*1)=62000000000003, "AUD", "Others")))) -> IDR | E12: =IF(EXACT($B12, ""), "", IF(FLOOR(SEED!$B12/1000000000000, 1)=124, "Institution - "&VLOOKUP(SEED!$B12, '[1]DataLookUp - InstitutionBranch'!$B$4:$C$1000, 2, FALSE), "Person - "&VLOOKUP(SEED!$B12, [2]DataLookUp!$B$4:$D$1000, 2, FALSE))) -> Institution - PT. QDC Technologies
B13: =IF(EXACT(SEED!$N13, ""), "", SEED!$M13) -> 167000000000010 | C13: =IF(EXACT($B13, ""), "", SEED!$E13&" - "&SEED!$G13) -> Bank Commonwealth - 1051189606 | D13: =IF(EXACT($B13, ""), "", IF((SEED!I13*1)=62000000000001, "IDR", IF((SEED!I13*1)=62000000000002, "USD", IF((SEED!I13*1)=62000000000003, "AUD", "Others")))) -> IDR | E13: =IF(EXACT($B13, ""), "", IF(FLOOR(SEED!$B13/1000000000000, 1)=124, "Institution - "&VLOOKUP(SEED!$B13, '[1]DataLookUp - InstitutionBranch'!$B$4:$C$1000, 2, FALSE), "Person - "&VLOOKUP(SEED!$B13, [2]DataLookUp!$B$4:$D$1000, 2, FALSE))) -> Institution - PT. QDC Technologies
B14: =IF(EXACT(SEED!$N14, ""), "", SEED!$M14) -> 167000000000011 | C14: =IF(EXACT($B14, ""), "", SEED!$E14&" - "&SEED!$G14) -> Bank Commonwealth - 1051189707 | D14: =IF(EXACT($B14, ""), "", IF((SEED!I14*1)=62000000000001, "IDR", IF((SEED!I14*1)=62000000000002, "USD", IF((SEED!I14*1)=62000000000003, "AUD", "Others")))) -> USD | E14: =IF(EXACT($B14, ""), "", IF(FLOOR(SEED!$B14/1000000000000, 1)=124, "Institution - "&VLOOKUP(SEED!$B14, '[1]DataLookUp - InstitutionBranch'!$B$4:$C$1000, 2, FALSE), "Person - "&VLOOKUP(SEED!$B14, [2]DataLookUp!$B$4:$D$1000, 2, FALSE))) -> Institution - PT. QDC Technologies
B15: =IF(EXACT(SEED!$N15, ""), "", SEED!$M15) -> 167000000000012 | C15: =IF(EXACT($B15, ""), "", SEED!$E15&" - "&SEED!$G15) -> Bank KB Bukopin - 1001327468 | D15: =IF(EXACT($B15, ""), "", IF((SEED!I15*1)=62000000000001, "IDR", IF((SEED!I15*1)=62000000000002, "USD", IF((SEED!I15*1)=62000000000003, "AUD", "Others")))) -> IDR | E15: =IF(EXACT($B15, ""), "", IF(FLOOR(SEED!$B15/1000000000000, 1)=124, "Institution - "&VLOOKUP(SEED!$B15, '[1]DataLookUp - InstitutionBranch'!$B$4:$C$1000, 2, FALSE), "Person - "&VLOOKUP(SEED!$B15, [2]DataLookUp!$B$4:$D$1000, 2, FALSE))) -> Institution - PT. QDC Technologies
... B281: =IF(EXACT(SEED!$N281, ""), "", SEED!$M281) | C281: =IF(EXACT($B281, ""), "", SEED!$E281&" - "&SEED!$G281) | D281: =IF(EXACT($B281, ""), "", IF((SEED!I281*1)=62000000000001, "IDR", IF((SEED!I281*1)=62000000000002, "USD", IF((SEED!I281*1)=62000000000003, "AUD", "Others")))) | E281: =IF(EXACT($B281, ""), "", IF(FLOOR(SEED!$B281/1000000000000, 1)=124, "Institution - "&VLOOKUP(SEED!$B281, '[1]DataLookUp - InstitutionBranch'!$B$4:$C$1000, 2, FALSE), "Person - "&VLOOKUP(SEED!$B281, [2]DataLookUp!$B$4:$D$1000, 2, FALSE)))

Sheet Sheet2
B2: bnk_nama | C2: bnk_norek | D2: bnk_noreknama | E2: bnk_cabang | F2: bnk_alamat | G2: val_kode | H2: cabang | I2: bnk_kota
B3: Bank Central Asia | C3: 0063032911 | D3: PT. QDC Technologies | E3: KCU SCBD | F3: Equtiy Tower Ground Floor, Jl. Jend Sudirman Kav 5 | G3: IDR | H3: "" | I3: Jakarta
B4: Bank Central Asia | C4: 0065557750 | D4: PT QDC Technologies | E4: SCBD | F4: Equity Tower, Ground Floor, Unit D & Lantai 8, Uni | G4: IDR | H4: "" | I4: Jakarta Selatan
B5: Bank Central Asia | C5: 006-8502911 | D5: PT QDC Technologies | E5: KCU SCBD | F5: Equity Tower, Ground Floor, Unit D & Lantai 8, Uni | G5: IDR | H5: "" | I5: Jakarta Selata
B6: Bank Central Asia | C6: 2173050101 | D6: BCA Medan | E6: Gd. Menara Karya | F6: Jl. HR. Rasuna Said X-5 Kav.1-2 Jkt | G6: IDR | H6: "" | I6: DKI Jakarta
B7: Bank Central Asia | C7: 2173108214 | D7: BCA Surabaya | E7: Gd. Menara Karya | F7: Jl. HR. Rasuna Said X-5 Kav.1-2 Jkt | G7: IDR | H7: "" | I7: DKI Jakarta
B8: Bank CIMB Niaga | C8: 762375277200 | D8: QDC Technologies | E8: Sudirman | F8: Graha Niaga / Niaga Tower , Jl. Jendral Sudirman K | G8: IDR | H8: "" | I8: Jakarta
B9: Bank CIMB Niaga | C9: 800039839400 | D9: PT Qdc Technologies | E9: Sudirman | F9: BEJ | G9: IDR | H9: "" | I9: Jakarta
B10: Bank CIMB Niaga | C10: 800039840100 | D10: PT QDC TECHNOLOGIES | E10: Sudirman | F10: BEJ | G10: IDR | H10: "" | I10: Jakarta
B11: Bank CIMB Niaga | C11: 860012900500 | D11: PT QDC Technologies | E11: Sudirman | F11: Jl. Jendral Sudirman Kav 58 | G11: IDR | H11: "" | I11: Jakarta Selatan
B12: Bank Commonwealth | C12: 1051189606 | D12: PT QDC | E12: Sudirman | F12: Wisma Metropolitan 2 Jln Sudirman Kav 25 | G12: IDR | H12: "" | I12: Jakarta
B13: Bank Commonwealth | C13: 1051189707 | D13: PT QDC Technologies | E13: Sudirman | F13: Wisma Metropolitan II, 3A Floor Jl. Jenderal Sudir | G13: USD | H13: "" | I13: Jakarta
... B58: Bank Tabungan Negara | C58: 0100201300000052 | D58: PT QDC Technologies | E58: Mediterania | F58: Apartemen Mediterania Palace Residence, JL Landas | G58: IDR | H58: "" | I58: Apartemen Mediterania Palace Residence, JL Landas

Sheet Sheet4
B1: PERFORM "SchData-OLTP-Master"."Func_TblBankAccount_SET"(varSystemLoginSession, null, null, null, varInstitutionBranchID, 166000000000005, '6550289791', 'Teguh Pratama Januzir S', 25000000000439);
B2: bank | C2: bnk_norek | E2: bnk_nama | F2: bnk_noreknama | G2: bnk_cabang | H2: bnk_alamat | I2: val_kode | J2: cabang
B3: Bank Central Asia | C3: 0063032911 | E3: BCA | F3: PT QDC Technologies | J3: Jakarta
B4: Bank Central Asia | C4: 2173050101 | E4: BCA | F4: PT QDC Technologies | J4: PJO Medan
B5: Bank Central Asia | C5: 2173108214 | E5: BCA | F5: PT QDC Technologies | J5: PJO Surabaya
B6: Bank Central Asia | C6: 0063032911 | E6: BCA | F6: PT. QDC Technologies | G6: KCU SCBD | H6: Equtiy Tower Ground Floor, Jl. Jend Sudirman Kav 5 | I6: IDR | J6: ""
B7: Bank Central Asia | C7: 2173050101 | E7: BCM | F7: BCA Medan | G7: Gd. Menara Karya | H7: Jl. HR. Rasuna Said X-5 Kav.1-2 Jkt | I7: IDR | J7: ""
B8: Bank Central Asia | C8: 2173108214 | E8: BCS | F8: BCA Surabaya | G8: Gd. Menara Karya | H8: Jl. HR. Rasuna Said X-5 Kav.1-2 Jkt | I8: IDR | J8: ""
B9: Bank Central Asia | C9: 0068502911 | E9: BCA | F9: PT QDC Technologies | G9: KCU SCBD | H9: Equity Tower, Ground Floor, Unit D & Lantai 8, Uni | I9: IDR | J9: ""
B10: Bank Central Asia | C10: 0065557750 | E10: BCA-750 | F10: PT QDC Technologies | G10: SCBD | H10: Equity Tower, Ground Floor, Unit D & Lantai 8, Uni | I10: IDR | J10: ""
B11: Bank CIMB Niaga | C11: 800039839400 | E11: Niaga | F11: PT Qdc Technologies | G11: Sudirman | H11: BEJ | I11: IDR | J11: ""
B12: Bank CIMB Niaga | C12: 800039840100 | E12: NIAGA | F12: PT QDC TECHNOLOGIES | G12: Sudirman | H12: BEJ | I12: IDR | J12: ""
B13: Bank CIMB Niaga | C13: 762375277200 | E13: NiagaS200 | F13: QDC Technologies | G13: Sudirman | H13: Graha Niaga / Niaga Tower , Jl. Jendral Sudirman K | I13: IDR | J13: ""
B14: Bank CIMB Niaga | C14: 860012900500 | E14: Niaga Syariah | F14: PT QDC Technologies | G14: Sudirman | H14: Jl. Jendral Sudirman Kav 58 | I14: IDR | J14: ""
B15: Bank Commonwealth | C15: 1051189606 | E15: Commonwealth | F15: PT QDC | G15: Sudirman | H15: Wisma Metropolitan 2 Jln Sudirman Kav 25 | I15: IDR | J15: ""
B16: Bank Commonwealth | C16: 1051189707 | E16: Commonwealth | F16: PT QDC Technologies | G16: Sudirman | H16: Wisma Metropolitan II, 3A Floor Jl. Jenderal Sudir | I16: USD | J16: ""
B17: Bank KB Bukopin | C17: 1002405420 | E17: BANK BUKOPIN | F17: BANK BUKOPIN | G17: JAKARTA | H17: JAKARTA | I17: IDR | J17: ""
... B62: ZZZ | C62: 123456789 | E62: Sales Journal | F62: Sales Journal | G62: PT QDC Technologies | H62: PT QDC Technologies | I62: IDR | J62: ""

Sheet Sheet1
B2: 000600313QDCT2801006303291100000007000000493192690.00122022
B3: 00060262641000000537535400210904088 Abd Samad
B4: 02040089643000000681586400110422962 Achmad Yunadi
B5: 00350780718000001267490900010703020 Agnes Sutedja
B6: 06821221339000000513600000311022972 Agus Nuryadi
B7: 05750423347000000769750000081019918 Agus Salim
B8: 07150306269000000434308100150506222 Ahmad Syaifulloh
B9: 02670159496000000675090900191022969 Ahmad Choerul
B10: 05520607058000000660853600141020935 Aldi Mulyadi
B11: 05520537742000000460771800100419903 Annisa Dewi Arumsari
B12: 04565061969000000584986400310821955 Anugerah Januariansyah
B13: 05520579321000000617200000100920934 Belina Lindarwani
... B72: 07125461581000000455000000000000002 Muhammad Lukbani
