Workbook

Sheet Source
B2: Source : erpdb.master_login

Sheet MAIN
B2: Person Name | D2: Photo Log_FileUpload_Pointer_RefID | E2: Nomor Induk Kependudukan | I2: SYS_PID Prediction | J2: SQL Syntax | K2: Bulk SQL Syntax
I3: 25000000000000
B4: Abdollah Syani Siregar | C4: Abdollah | I4: =I3 + IF(EXACT(J4, ""), 0, 1) -> 25000000000001 | J4: =IF(EXACT(B4, ""), "", CONCATENATE("PERFORM ""SchData-OLTP-Master"".""Func_TblPerson_SET""(varSystemLoginSession, null::bigint, null::varchar, null::timestamptz, null::timestamptz, null::varchar, varInstitutionBranchID, varBaseCurrencyID, '", B4, "'::varchar, null::bigint);")) -> PERFORM "SchData-OLTP-Master"."Func_TblPerson_SET"(varSystemLoginSession, null::bigint, null::varchar, null::timestamptz, null::timestamptz, null::varchar, varInstitutionBranchID, varBaseCurrencyID, 'Abdollah Syani Siregar'::varchar, null::bigint); | K4: =CONCATENATE( "varSQL := varSQL || (CASE WHEN (varSQL = '') THEN '' ELSE ', ' END) || (SELECT JSON_BUILD_OBJECT (", "'recordID', NULL::bigint,", "'entities', ", "JSON_BUILD_OBJECT (", "'sysLoginSession_RefID', varSystemLoginSession::bigint,", "'sysDataAnnotation', NULL::varchar,", "'sysDataSetDateTimeTZ', NULL::timestamptz,", "'sysDataValidityStartDateTimeTZ', NULL::timestamptz,", "'sysDataValidityFinishDateTimeTZ', NULL::timestamptz,", "'sysPartitionRemovableRecordKey_RefID', NULL::bigint,", "'sysBranch_RefID', varInstitutionBranchID::bigint,", "'sysBaseCurrency_RefID',varBaseCurrencyID::bigint,", "'name', ", IF(EXACT($B4, ""), "null", CONCATENATE("'", SUBSTITUTE($B4, "'", "\'"), "'")), "::varchar,", "'photo_Log_FileUpload_Pointer_RefID', ", IF(EXACT($D4, ""), "null", CONCATENATE("'", SUBSTITUTE($D4, "'", "\'"), "'")), "::bigint", ")))::varchar;") -> varSQL := varSQL || (CASE WHEN (varSQL = '') THEN '' ELSE ', ' END) || (SELECT JSON_BUILD_OBJECT ('recordID', NULL::bigint,'entities', JSON_BUILD_OBJECT ('sysLoginSession_RefID', varSystemLoginSession::bigint,'sysDataAnnotation', NULL::varchar,'sysDataSetDateTimeTZ', NULL::timestamptz,'sysDataValidityStartDateTimeTZ', NULL::timestamptz,'sysDataValidityFinishDateTimeTZ', NULL::timestamptz,'sysPartitionRemovableRecordKey_RefID', NULL::bigint,'sysBranch_RefID', varInstitutionBranchID::bigint,'sysBaseCurrency_RefID',varBaseCurrencyID::bigint,'name', 'Abdollah Syani Siregar'::varchar,'photo_Log_FileUpload_Pointer_RefID', null::bigint)))::varchar;
B5: Abdul Karim | C5: karim | I5: =I4 + IF(EXACT(J5, ""), 0, 1) -> 25000000000002 | J5: =IF(EXACT(B5, ""), "", CONCATENATE("PERFORM ""SchData-OLTP-Master"".""Func_TblPerson_SET""(varSystemLoginSession, null::bigint, null::varchar, null::timestamptz, null::timestamptz, null::varchar, varInstitutionBranchID, varBaseCurrencyID, '", B5, "'::varchar, null::bigint);")) -> PERFORM "SchData-OLTP-Master"."Func_TblPerson_SET"(varSystemLoginSession, null::bigint, null::varchar, null::timestamptz, null::timestamptz, null::varchar, varInstitutionBranchID, varBaseCurrencyID, 'Abdul Karim'::varchar, null::bigint); | K5: =CONCATENATE( "varSQL := varSQL || (CASE WHEN (varSQL = '') THEN '' ELSE ', ' END) || (SELECT JSON_BUILD_OBJECT (", "'recordID', NULL::bigint,", "'entities', ", "JSON_BUILD_OBJECT (", "'sysLoginSession_RefID', varSystemLoginSession::bigint,", "'sysDataAnnotation', NULL::varchar,", "'sysDataSetDateTimeTZ', NULL::timestamptz,", "'sysDataValidityStartDateTimeTZ', NULL::timestamptz,", "'sysDataValidityFinishDateTimeTZ', NULL::timestamptz,", "'sysPartitionRemovableRecordKey_RefID', NULL::bigint,", "'sysBranch_RefID', varInstitutionBranchID::bigint,", "'sysBaseCurrency_RefID',varBaseCurrencyID::bigint,", "'name', ", IF(EXACT($B5, ""), "null", CONCATENATE("'", SUBSTITUTE($B5, "'", "\'"), "'")), "::varchar,", "'photo_Log_FileUpload_Pointer_RefID', ", IF(EXACT($D5, ""), "null", CONCATENATE("'", SUBSTITUTE($D5, "'", "\'"), "'")), "::bigint", ")))::varchar;") -> varSQL := varSQL || (CASE WHEN (varSQL = '') THEN '' ELSE ', ' END) || (SELECT JSON_BUILD_OBJECT ('recordID', NULL::bigint,'entities', JSON_BUILD_OBJECT ('sysLoginSession_RefID', varSystemLoginSession::bigint,'sysDataAnnotation', NULL::varchar,'sysDataSetDateTimeTZ', NULL::timestamptz,'sysDataValidityStartDateTimeTZ', NULL::timestamptz,'sysDataValidityFinishDateTimeTZ', NULL::timestamptz,'sysPartitionRemovableRecordKey_RefID', NULL::bigint,'sysBranch_RefID', varInstitutionBranchID::bigint,'sysBaseCurrency_RefID',varBaseCurrencyID::bigint,'name', 'Abdul Karim'::varchar,'photo_Log_FileUpload_Pointer_RefID', null::bigint)))::varchar;
B6: Abdul Rahman Sitompul | C6: abdul | I6: =I5 + IF(EXACT(J6, ""), 0, 1) -> 25000000000003 | J6: =IF(EXACT(B6, ""), "", CONCATENATE("PERFORM ""SchData-OLTP-Master"".""Func_TblPerson_SET""(varSystemLoginSession, null::bigint, null::varchar, null::timestamptz, null::timestamptz, null::varchar, varInstitutionBranchID, varBaseCurrencyID, '", B6, "'::varchar, null::bigint);")) -> PERFORM "SchData-OLTP-Master"."Func_TblPerson_SET"(varSystemLoginSession, null::bigint, null::varchar, null::timestamptz, null::timestamptz, null::varchar, varInstitutionBranchID, varBaseCurrencyID, 'Abdul Rahman Sitompul'::varchar, null::bigint); | K6: =CONCATENATE( "varSQL := varSQL || (CASE WHEN (varSQL = '') THEN '' ELSE ', ' END) || (SELECT JSON_BUILD_OBJECT (", "'recordID', NULL::bigint,", "'entities', ", "JSON_BUILD_OBJECT (", "'sysLoginSession_RefID', varSystemLoginSession::bigint,", "'sysDataAnnotation', NULL::varchar,", "'sysDataSetDateTimeTZ', NULL::timestamptz,", "'sysDataValidityStartDateTimeTZ', NULL::timestamptz,", "'sysDataValidityFinishDateTimeTZ', NULL::timestamptz,", "'sysPartitionRemovableRecordKey_RefID', NULL::bigint,", "'sysBranch_RefID', varInstitutionBranchID::bigint,", "'sysBaseCurrency_RefID',varBaseCurrencyID::bigint,", "'name', ", IF(EXACT($B6, ""), "null", CONCATENATE("'", SUBSTITUTE($B6, "'", "\'"), "'")), "::varchar,", "'photo_Log_FileUpload_Pointer_RefID', ", IF(EXACT($D6, ""), "null", CONCATENATE("'", SUBSTITUTE($D6, "'", "\'"), "'")), "::bigint", ")))::varchar;") -> varSQL := varSQL || (CASE WHEN (varSQL = '') THEN '' ELSE ', ' END) || (SELECT JSON_BUILD_OBJECT ('recordID', NULL::bigint,'entities', JSON_BUILD_OBJECT ('sysLoginSession_RefID', varSystemLoginSession::bigint,'sysDataAnnotation', NULL::varchar,'sysDataSetDateTimeTZ', NULL::timestamptz,'sysDataValidityStartDateTimeTZ', NULL::timestamptz,'sysDataValidityFinishDateTimeTZ', NULL::timestamptz,'sysPartitionRemovableRecordKey_RefID', NULL::bigint,'sysBranch_RefID', varInstitutionBranchID::bigint,'sysBaseCurrency_RefID',varBaseCurrencyID::bigint,'name', 'Abdul Rahman Sitompul'::varchar,'photo_Log_FileUpload_Pointer_RefID', null::bigint)))::varchar;
B7: Abdul Risan | C7: abdul.risan | I7: =I6 + IF(EXACT(J7, ""), 0, 1) -> 25000000000004 | J7: =IF(EXACT(B7, ""), "", CONCATENATE("PERFORM ""SchData-OLTP-Master"".""Func_TblPerson_SET""(varSystemLoginSession, null::bigint, null::varchar, null::timestamptz, null::timestamptz, null::varchar, varInstitutionBranchID, varBaseCurrencyID, '", B7, "'::varchar, null::bigint);")) -> PERFORM "SchData-OLTP-Master"."Func_TblPerson_SET"(varSystemLoginSession, null::bigint, null::varchar, null::timestamptz, null::timestamptz, null::varchar, varInstitutionBranchID, varBaseCurrencyID, 'Abdul Risan'::varchar, null::bigint); | K7: =CONCATENATE( "varSQL := varSQL || (CASE WHEN (varSQL = '') THEN '' ELSE ', ' END) || (SELECT JSON_BUILD_OBJECT (", "'recordID', NULL::bigint,", "'entities', ", "JSON_BUILD_OBJECT (", "'sysLoginSession_RefID', varSystemLoginSession::bigint,", "'sysDataAnnotation', NULL::varchar,", "'sysDataSetDateTimeTZ', NULL::timestamptz,", "'sysDataValidityStartDateTimeTZ', NULL::timestamptz,", "'sysDataValidityFinishDateTimeTZ', NULL::timestamptz,", "'sysPartitionRemovableRecordKey_RefID', NULL::bigint,", "'sysBranch_RefID', varInstitutionBranchID::bigint,", "'sysBaseCurrency_RefID',varBaseCurrencyID::bigint,", "'name', ", IF(EXACT($B7, ""), "null", CONCATENATE("'", SUBSTITUTE($B7, "'", "\'"), "'")), "::varchar,", "'photo_Log_FileUpload_Pointer_RefID', ", IF(EXACT($D7, ""), "null", CONCATENATE("'", SUBSTITUTE($D7, "'", "\'"), "'")), "::bigint", ")))::varchar;") -> varSQL := varSQL || (CASE WHEN (varSQL = '') THEN '' ELSE ', ' END) || (SELECT JSON_BUILD_OBJECT ('recordID', NULL::bigint,'entities', JSON_BUILD_OBJECT ('sysLoginSession_RefID', varSystemLoginSession::bigint,'sysDataAnnotation', NULL::varchar,'sysDataSetDateTimeTZ', NULL::timestamptz,'sysDataValidityStartDateTimeTZ', NULL::timestamptz,'sysDataValidityFinishDateTimeTZ', NULL::timestamptz,'sysPartitionRemovableRecordKey_RefID', NULL::bigint,'sysBranch_RefID', varInstitutionBranchID::bigint,'sysBaseCurrency_RefID',varBaseCurrencyID::bigint,'name', 'Abdul Risan'::varchar,'photo_Log_FileUpload_Pointer_RefID', null::bigint)))::varchar;
B8: Abdullah Nabil | C8: nabil | I8: =I7 + IF(EXACT(J8, ""), 0, 1) -> 25000000000005 | J8: =IF(EXACT(B8, ""), "", CONCATENATE("PERFORM ""SchData-OLTP-Master"".""Func_TblPerson_SET""(varSystemLoginSession, null::bigint, null::varchar, null::timestamptz, null::timestamptz, null::varchar, varInstitutionBranchID, varBaseCurrencyID, '", B8, "'::varchar, null::bigint);")) -> PERFORM "SchData-OLTP-Master"."Func_TblPerson_SET"(varSystemLoginSession, null::bigint, null::varchar, null::timestamptz, null::timestamptz, null::varchar, varInstitutionBranchID, varBaseCurrencyID, 'Abdullah Nabil'::varchar, null::bigint); | K8: =CONCATENATE( "varSQL := varSQL || (CASE WHEN (varSQL = '') THEN '' ELSE ', ' END) || (SELECT JSON_BUILD_OBJECT (", "'recordID', NULL::bigint,", "'entities', ", "JSON_BUILD_OBJECT (", "'sysLoginSession_RefID', varSystemLoginSession::bigint,", "'sysDataAnnotation', NULL::varchar,", "'sysDataSetDateTimeTZ', NULL::timestamptz,", "'sysDataValidityStartDateTimeTZ', NULL::timestamptz,", "'sysDataValidityFinishDateTimeTZ', NULL::timestamptz,", "'sysPartitionRemovableRecordKey_RefID', NULL::bigint,", "'sysBranch_RefID', varInstitutionBranchID::bigint,", "'sysBaseCurrency_RefID',varBaseCurrencyID::bigint,", "'name', ", IF(EXACT($B8, ""), "null", CONCATENATE("'", SUBSTITUTE($B8, "'", "\'"), "'")), "::varchar,", "'photo_Log_FileUpload_Pointer_RefID', ", IF(EXACT($D8, ""), "null", CONCATENATE("'", SUBSTITUTE($D8, "'", "\'"), "'")), "::bigint", ")))::varchar;") -> varSQL := varSQL || (CASE WHEN (varSQL = '') THEN '' ELSE ', ' END) || (SELECT JSON_BUILD_OBJECT ('recordID', NULL::bigint,'entities', JSON_BUILD_OBJECT ('sysLoginSession_RefID', varSystemLoginSession::bigint,'sysDataAnnotation', NULL::varchar,'sysDataSetDateTimeTZ', NULL::timestamptz,'sysDataValidityStartDateTimeTZ', NULL::timestamptz,'sysDataValidityFinishDateTimeTZ', NULL::timestamptz,'sysPartitionRemovableRecordKey_RefID', NULL::bigint,'sysBranch_RefID', varInstitutionBranchID::bigint,'sysBaseCurrency_RefID',varBaseCurrencyID::bigint,'name', 'Abdullah Nabil'::varchar,'photo_Log_FileUpload_Pointer_RefID', null::bigint)))::varchar;
B9: Adhitya Danar | C9: adhitya | I9: =I8 + IF(EXACT(J9, ""), 0, 1) -> 25000000000006 | J9: =IF(EXACT(B9, ""), "", CONCATENATE("PERFORM ""SchData-OLTP-Master"".""Func_TblPerson_SET""(varSystemLoginSession, null::bigint, null::varchar, null::timestamptz, null::timestamptz, null::varchar, varInstitutionBranchID, varBaseCurrencyID, '", B9, "'::varchar, null::bigint);")) -> PERFORM "SchData-OLTP-Master"."Func_TblPerson_SET"(varSystemLoginSession, null::bigint, null::varchar, null::timestamptz, null::timestamptz, null::varchar, varInstitutionBranchID, varBaseCurrencyID, 'Adhitya Danar'::varchar, null::bigint); | K9: =CONCATENATE( "varSQL := varSQL || (CASE WHEN (varSQL = '') THEN '' ELSE ', ' END) || (SELECT JSON_BUILD_OBJECT (", "'recordID', NULL::bigint,", "'entities', ", "JSON_BUILD_OBJECT (", "'sysLoginSession_RefID', varSystemLoginSession::bigint,", "'sysDataAnnotation', NULL::varchar,", "'sysDataSetDateTimeTZ', NULL::timestamptz,", "'sysDataValidityStartDateTimeTZ', NULL::timestamptz,", "'sysDataValidityFinishDateTimeTZ', NULL::timestamptz,", "'sysPartitionRemovableRecordKey_RefID', NULL::bigint,", "'sysBranch_RefID', varInstitutionBranchID::bigint,", "'sysBaseCurrency_RefID',varBaseCurrencyID::bigint,", "'name', ", IF(EXACT($B9, ""), "null", CONCATENATE("'", SUBSTITUTE($B9, "'", "\'"), "'")), "::varchar,", "'photo_Log_FileUpload_Pointer_RefID', ", IF(EXACT($D9, ""), "null", CONCATENATE("'", SUBSTITUTE($D9, "'", "\'"), "'")), "::bigint", ")))::varchar;") -> varSQL := varSQL || (CASE WHEN (varSQL = '') THEN '' ELSE ', ' END) || (SELECT JSON_BUILD_OBJECT ('recordID', NULL::bigint,'entities', JSON_BUILD_OBJECT ('sysLoginSession_RefID', varSystemLoginSession::bigint,'sysDataAnnotation', NULL::varchar,'sysDataSetDateTimeTZ', NULL::timestamptz,'sysDataValidityStartDateTimeTZ', NULL::timestamptz,'sysDataValidityFinishDateTimeTZ', NULL::timestamptz,'sysPartitionRemovableRecordKey_RefID', NULL::bigint,'sysBranch_RefID', varInstitutionBranchID::bigint,'sysBaseCurrency_RefID',varBaseCurrencyID::bigint,'name', 'Adhitya Danar'::varchar,'photo_Log_FileUpload_Pointer_RefID', null::bigint)))::varchar;
B10: Adi Ruswandi | C10: adi | I10: =I9 + IF(EXACT(J10, ""), 0, 1) -> 25000000000007 | J10: =IF(EXACT(B10, ""), "", CONCATENATE("PERFORM ""SchData-OLTP-Master"".""Func_TblPerson_SET""(varSystemLoginSession, null::bigint, null::varchar, null::timestamptz, null::timestamptz, null::varchar, varInstitutionBranchID, varBaseCurrencyID, '", B10, "'::varchar, null::bigint);")) -> PERFORM "SchData-OLTP-Master"."Func_TblPerson_SET"(varSystemLoginSession, null::bigint, null::varchar, null::timestamptz, null::timestamptz, null::varchar, varInstitutionBranchID, varBaseCurrencyID, 'Adi Ruswandi'::varchar, null::bigint); | K10: =CONCATENATE( "varSQL := varSQL || (CASE WHEN (varSQL = '') THEN '' ELSE ', ' END) || (SELECT JSON_BUILD_OBJECT (", "'recordID', NULL::bigint,", "'entities', ", "JSON_BUILD_OBJECT (", "'sysLoginSession_RefID', varSystemLoginSession::bigint,", "'sysDataAnnotation', NULL::varchar,", "'sysDataSetDateTimeTZ', NULL::timestamptz,", "'sysDataValidityStartDateTimeTZ', NULL::timestamptz,", "'sysDataValidityFinishDateTimeTZ', NULL::timestamptz,", "'sysPartitionRemovableRecordKey_RefID', NULL::bigint,", "'sysBranch_RefID', varInstitutionBranchID::bigint,", "'sysBaseCurrency_RefID',varBaseCurrencyID::bigint,", "'name', ", IF(EXACT($B10, ""), "null", CONCATENATE("'", SUBSTITUTE($B10, "'", "\'"), "'")), "::varchar,", "'photo_Log_FileUpload_Pointer_RefID', ", IF(EXACT($D10, ""), "null", CONCATENATE("'", SUBSTITUTE($D10, "'", "\'"), "'")), "::bigint", ")))::varchar;") -> varSQL := varSQL || (CASE WHEN (varSQL = '') THEN '' ELSE ', ' END) || (SELECT JSON_BUILD_OBJECT ('recordID', NULL::bigint,'entities', JSON_BUILD_OBJECT ('sysLoginSession_RefID', varSystemLoginSession::bigint,'sysDataAnnotation', NULL::varchar,'sysDataSetDateTimeTZ', NULL::timestamptz,'sysDataValidityStartDateTimeTZ', NULL::timestamptz,'sysDataValidityFinishDateTimeTZ', NULL::timestamptz,'sysPartitionRemovableRecordKey_RefID', NULL::bigint,'sysBranch_RefID', varInstitutionBranchID::bigint,'sysBaseCurrency_RefID',varBaseCurrencyID::bigint,'name', 'Adi Ruswandi'::varchar,'photo_Log_FileUpload_Pointer_RefID', null::bigint)))::varchar;
B11: Adietya Dharmawan | C11: adietya.dharmawan | I11: =I10 + IF(EXACT(J11, ""), 0, 1) -> 25000000000008 | J11: =IF(EXACT(B11, ""), "", CONCATENATE("PERFORM ""SchData-OLTP-Master"".""Func_TblPerson_SET""(varSystemLoginSession, null::bigint, null::varchar, null::timestamptz, null::timestamptz, null::varchar, varInstitutionBranchID, varBaseCurrencyID, '", B11, "'::varchar, null::bigint);")) -> PERFORM "SchData-OLTP-Master"."Func_TblPerson_SET"(varSystemLoginSession, null::bigint, null::varchar, null::timestamptz, null::timestamptz, null::varchar, varInstitutionBranchID, varBaseCurrencyID, 'Adietya Dharmawan'::varchar, null::bigint); | K11: =CONCATENATE( "varSQL := varSQL || (CASE WHEN (varSQL = '') THEN '' ELSE ', ' END) || (SELECT JSON_BUILD_OBJECT (", "'recordID', NULL::bigint,", "'entities', ", "JSON_BUILD_OBJECT (", "'sysLoginSession_RefID', varSystemLoginSession::bigint,", "'sysDataAnnotation', NULL::varchar,", "'sysDataSetDateTimeTZ', NULL::timestamptz,", "'sysDataValidityStartDateTimeTZ', NULL::timestamptz,", "'sysDataValidityFinishDateTimeTZ', NULL::timestamptz,", "'sysPartitionRemovableRecordKey_RefID', NULL::bigint,", "'sysBranch_RefID', varInstitutionBranchID::bigint,", "'sysBaseCurrency_RefID',varBaseCurrencyID::bigint,", "'name', ", IF(EXACT($B11, ""), "null", CONCATENATE("'", SUBSTITUTE($B11, "'", "\'"), "'")), "::varchar,", "'photo_Log_FileUpload_Pointer_RefID', ", IF(EXACT($D11, ""), "null", CONCATENATE("'", SUBSTITUTE($D11, "'", "\'"), "'")), "::bigint", ")))::varchar;") -> varSQL := varSQL || (CASE WHEN (varSQL = '') THEN '' ELSE ', ' END) || (SELECT JSON_BUILD_OBJECT ('recordID', NULL::bigint,'entities', JSON_BUILD_OBJECT ('sysLoginSession_RefID', varSystemLoginSession::bigint,'sysDataAnnotation', NULL::varchar,'sysDataSetDateTimeTZ', NULL::timestamptz,'sysDataValidityStartDateTimeTZ', NULL::timestamptz,'sysDataValidityFinishDateTimeTZ', NULL::timestamptz,'sysPartitionRemovableRecordKey_RefID', NULL::bigint,'sysBranch_RefID', varInstitutionBranchID::bigint,'sysBaseCurrency_RefID',varBaseCurrencyID::bigint,'name', 'Adietya Dharmawan'::varchar,'photo_Log_FileUpload_Pointer_RefID', null::bigint)))::varchar;
B12: Aditya Yudha Prawira | C12: aditya | I12: =I11 + IF(EXACT(J12, ""), 0, 1) -> 25000000000009 | J12: =IF(EXACT(B12, ""), "", CONCATENATE("PERFORM ""SchData-OLTP-Master"".""Func_TblPerson_SET""(varSystemLoginSession, null::bigint, null::varchar, null::timestamptz, null::timestamptz, null::varchar, varInstitutionBranchID, varBaseCurrencyID, '", B12, "'::varchar, null::bigint);")) -> PERFORM "SchData-OLTP-Master"."Func_TblPerson_SET"(varSystemLoginSession, null::bigint, null::varchar, null::timestamptz, null::timestamptz, null::varchar, varInstitutionBranchID, varBaseCurrencyID, 'Aditya Yudha Prawira'::varchar, null::bigint); | K12: =CONCATENATE( "varSQL := varSQL || (CASE WHEN (varSQL = '') THEN '' ELSE ', ' END) || (SELECT JSON_BUILD_OBJECT (", "'recordID', NULL::bigint,", "'entities', ", "JSON_BUILD_OBJECT (", "'sysLoginSession_RefID', varSystemLoginSession::bigint,", "'sysDataAnnotation', NULL::varchar,", "'sysDataSetDateTimeTZ', NULL::timestamptz,", "'sysDataValidityStartDateTimeTZ', NULL::timestamptz,", "'sysDataValidityFinishDateTimeTZ', NULL::timestamptz,", "'sysPartitionRemovableRecordKey_RefID', NULL::bigint,", "'sysBranch_RefID', varInstitutionBranchID::bigint,", "'sysBaseCurrency_RefID',varBaseCurrencyID::bigint,", "'name', ", IF(EXACT($B12, ""), "null", CONCATENATE("'", SUBSTITUTE($B12, "'", "\'"), "'")), "::varchar,", "'photo_Log_FileUpload_Pointer_RefID', ", IF(EXACT($D12, ""), "null", CONCATENATE("'", SUBSTITUTE($D12, "'", "\'"), "'")), "::bigint", ")))::varchar;") -> varSQL := varSQL || (CASE WHEN (varSQL = '') THEN '' ELSE ', ' END) || (SELECT JSON_BUILD_OBJECT ('recordID', NULL::bigint,'entities', JSON_BUILD_OBJECT ('sysLoginSession_RefID', varSystemLoginSession::bigint,'sysDataAnnotation', NULL::varchar,'sysDataSetDateTimeTZ', NULL::timestamptz,'sysDataValidityStartDateTimeTZ', NULL::timestamptz,'sysDataValidityFinishDateTimeTZ', NULL::timestamptz,'sysPartitionRemovableRecordKey_RefID', NULL::bigint,'sysBranch_RefID', varInstitutionBranchID::bigint,'sysBaseCurrency_RefID',varBaseCurrencyID::bigint,'name', 'Aditya Yudha Prawira'::varchar,'photo_Log_FileUpload_Pointer_RefID', null::bigint)))::varchar;
B13: Adli Margie | C13: adli | I13: =I12 + IF(EXACT(J13, ""), 0, 1) -> 25000000000010 | J13: =IF(EXACT(B13, ""), "", CONCATENATE("PERFORM ""SchData-OLTP-Master"".""Func_TblPerson_SET""(varSystemLoginSession, null::bigint, null::varchar, null::timestamptz, null::timestamptz, null::varchar, varInstitutionBranchID, varBaseCurrencyID, '", B13, "'::varchar, null::bigint);")) -> PERFORM "SchData-OLTP-Master"."Func_TblPerson_SET"(varSystemLoginSession, null::bigint, null::varchar, null::timestamptz, null::timestamptz, null::varchar, varInstitutionBranchID, varBaseCurrencyID, 'Adli Margie'::varchar, null::bigint); | K13: =CONCATENATE( "varSQL := varSQL || (CASE WHEN (varSQL = '') THEN '' ELSE ', ' END) || (SELECT JSON_BUILD_OBJECT (", "'recordID', NULL::bigint,", "'entities', ", "JSON_BUILD_OBJECT (", "'sysLoginSession_RefID', varSystemLoginSession::bigint,", "'sysDataAnnotation', NULL::varchar,", "'sysDataSetDateTimeTZ', NULL::timestamptz,", "'sysDataValidityStartDateTimeTZ', NULL::timestamptz,", "'sysDataValidityFinishDateTimeTZ', NULL::timestamptz,", "'sysPartitionRemovableRecordKey_RefID', NULL::bigint,", "'sysBranch_RefID', varInstitutionBranchID::bigint,", "'sysBaseCurrency_RefID',varBaseCurrencyID::bigint,", "'name', ", IF(EXACT($B13, ""), "null", CONCATENATE("'", SUBSTITUTE($B13, "'", "\'"), "'")), "::varchar,", "'photo_Log_FileUpload_Pointer_RefID', ", IF(EXACT($D13, ""), "null", CONCATENATE("'", SUBSTITUTE($D13, "'", "\'"), "'")), "::bigint", ")))::varchar;") -> varSQL := varSQL || (CASE WHEN (varSQL = '') THEN '' ELSE ', ' END) || (SELECT JSON_BUILD_OBJECT ('recordID', NULL::bigint,'entities', JSON_BUILD_OBJECT ('sysLoginSession_RefID', varSystemLoginSession::bigint,'sysDataAnnotation', NULL::varchar,'sysDataSetDateTimeTZ', NULL::timestamptz,'sysDataValidityStartDateTimeTZ', NULL::timestamptz,'sysDataValidityFinishDateTimeTZ', NULL::timestamptz,'sysPartitionRemovableRecordKey_RefID', NULL::bigint,'sysBranch_RefID', varInstitutionBranchID::bigint,'sysBaseCurrency_RefID',varBaseCurrencyID::bigint,'name', 'Adli Margie'::varchar,'photo_Log_FileUpload_Pointer_RefID', null::bigint)))::varchar;
B14: Afrida Eka Putri | C14: afrida | I14: =I13 + IF(EXACT(J14, ""), 0, 1) -> 25000000000011 | J14: =IF(EXACT(B14, ""), "", CONCATENATE("PERFORM ""SchData-OLTP-Master"".""Func_TblPerson_SET""(varSystemLoginSession, null::bigint, null::varchar, null::timestamptz, null::timestamptz, null::varchar, varInstitutionBranchID, varBaseCurrencyID, '", B14, "'::varchar, null::bigint);")) -> PERFORM "SchData-OLTP-Master"."Func_TblPerson_SET"(varSystemLoginSession, null::bigint, null::varchar, null::timestamptz, null::timestamptz, null::varchar, varInstitutionBranchID, varBaseCurrencyID, 'Afrida Eka Putri'::varchar, null::bigint); | K14: =CONCATENATE( "varSQL := varSQL || (CASE WHEN (varSQL = '') THEN '' ELSE ', ' END) || (SELECT JSON_BUILD_OBJECT (", "'recordID', NULL::bigint,", "'entities', ", "JSON_BUILD_OBJECT (", "'sysLoginSession_RefID', varSystemLoginSession::bigint,", "'sysDataAnnotation', NULL::varchar,", "'sysDataSetDateTimeTZ', NULL::timestamptz,", "'sysDataValidityStartDateTimeTZ', NULL::timestamptz,", "'sysDataValidityFinishDateTimeTZ', NULL::timestamptz,", "'sysPartitionRemovableRecordKey_RefID', NULL::bigint,", "'sysBranch_RefID', varInstitutionBranchID::bigint,", "'sysBaseCurrency_RefID',varBaseCurrencyID::bigint,", "'name', ", IF(EXACT($B14, ""), "null", CONCATENATE("'", SUBSTITUTE($B14, "'", "\'"), "'")), "::varchar,", "'photo_Log_FileUpload_Pointer_RefID', ", IF(EXACT($D14, ""), "null", CONCATENATE("'", SUBSTITUTE($D14, "'", "\'"), "'")), "::bigint", ")))::varchar;") -> varSQL := varSQL || (CASE WHEN (varSQL = '') THEN '' ELSE ', ' END) || (SELECT JSON_BUILD_OBJECT ('recordID', NULL::bigint,'entities', JSON_BUILD_OBJECT ('sysLoginSession_RefID', varSystemLoginSession::bigint,'sysDataAnnotation', NULL::varchar,'sysDataSetDateTimeTZ', NULL::timestamptz,'sysDataValidityStartDateTimeTZ', NULL::timestamptz,'sysDataValidityFinishDateTimeTZ', NULL::timestamptz,'sysPartitionRemovableRecordKey_RefID', NULL::bigint,'sysBranch_RefID', varInstitutionBranchID::bigint,'sysBaseCurrency_RefID',varBaseCurrencyID::bigint,'name', 'Afrida Eka Putri'::varchar,'photo_Log_FileUpload_Pointer_RefID', null::bigint)))::varchar;
B15: Agnes Sutedja | C15: agnes | E15: 3173054608700001 | I15: =I14 + IF(EXACT(J15, ""), 0, 1) -> 25000000000012 | J15: =IF(EXACT(B15, ""), "", CONCATENATE("PERFORM ""SchData-OLTP-Master"".""Func_TblPerson_SET""(varSystemLoginSession, null::bigint, null::varchar, null::timestamptz, null::timestamptz, null::varchar, varInstitutionBranchID, varBaseCurrencyID, '", B15, "'::varchar, null::bigint);")) -> PERFORM "SchData-OLTP-Master"."Func_TblPerson_SET"(varSystemLoginSession, null::bigint, null::varchar, null::timestamptz, null::timestamptz, null::varchar, varInstitutionBranchID, varBaseCurrencyID, 'Agnes Sutedja'::varchar, null::bigint); | K15: =CONCATENATE( "varSQL := varSQL || (CASE WHEN (varSQL = '') THEN '' ELSE ', ' END) || (SELECT JSON_BUILD_OBJECT (", "'recordID', NULL::bigint,", "'entities', ", "JSON_BUILD_OBJECT (", "'sysLoginSession_RefID', varSystemLoginSession::bigint,", "'sysDataAnnotation', NULL::varchar,", "'sysDataSetDateTimeTZ', NULL::timestamptz,", "'sysDataValidityStartDateTimeTZ', NULL::timestamptz,", "'sysDataValidityFinishDateTimeTZ', NULL::timestamptz,", "'sysPartitionRemovableRecordKey_RefID', NULL::bigint,", "'sysBranch_RefID', varInstitutionBranchID::bigint,", "'sysBaseCurrency_RefID',varBaseCurrencyID::bigint,", "'name', ", IF(EXACT($B15, ""), "null", CONCATENATE("'", SUBSTITUTE($B15, "'", "\'"), "'")), "::varchar,", "'photo_Log_FileUpload_Pointer_RefID', ", IF(EXACT($D15, ""), "null", CONCATENATE("'", SUBSTITUTE($D15, "'", "\'"), "'")), "::bigint", ")))::varchar;") -> varSQL := varSQL || (CASE WHEN (varSQL = '') THEN '' ELSE ', ' END) || (SELECT JSON_BUILD_OBJECT ('recordID', NULL::bigint,'entities', JSON_BUILD_OBJECT ('sysLoginSession_RefID', varSystemLoginSession::bigint,'sysDataAnnotation', NULL::varchar,'sysDataSetDateTimeTZ', NULL::timestamptz,'sysDataValidityStartDateTimeTZ', NULL::timestamptz,'sysDataValidityFinishDateTimeTZ', NULL::timestamptz,'sysPartitionRemovableRecordKey_RefID', NULL::bigint,'sysBranch_RefID', varInstitutionBranchID::bigint,'sysBaseCurrency_RefID',varBaseCurrencyID::bigint,'name', 'Agnes Sutedja'::varchar,'photo_Log_FileUpload_Pointer_RefID', null::bigint)))::varchar;
B16: Agung Hendarto | C16: hendarto | I16: =I15 + IF(EXACT(J16, ""), 0, 1) -> 25000000000013 | J16: =IF(EXACT(B16, ""), "", CONCATENATE("PERFORM ""SchData-OLTP-Master"".""Func_TblPerson_SET""(varSystemLoginSession, null::bigint, null::varchar, null::timestamptz, null::timestamptz, null::varchar, varInstitutionBranchID, varBaseCurrencyID, '", B16, "'::varchar, null::bigint);")) -> PERFORM "SchData-OLTP-Master"."Func_TblPerson_SET"(varSystemLoginSession, null::bigint, null::varchar, null::timestamptz, null::timestamptz, null::varchar, varInstitutionBranchID, varBaseCurrencyID, 'Agung Hendarto'::varchar, null::bigint); | K16: =CONCATENATE( "varSQL := varSQL || (CASE WHEN (varSQL = '') THEN '' ELSE ', ' END) || (SELECT JSON_BUILD_OBJECT (", "'recordID', NULL::bigint,", "'entities', ", "JSON_BUILD_OBJECT (", "'sysLoginSession_RefID', varSystemLoginSession::bigint,", "'sysDataAnnotation', NULL::varchar,", "'sysDataSetDateTimeTZ', NULL::timestamptz,", "'sysDataValidityStartDateTimeTZ', NULL::timestamptz,", "'sysDataValidityFinishDateTimeTZ', NULL::timestamptz,", "'sysPartitionRemovableRecordKey_RefID', NULL::bigint,", "'sysBranch_RefID', varInstitutionBranchID::bigint,", "'sysBaseCurrency_RefID',varBaseCurrencyID::bigint,", "'name', ", IF(EXACT($B16, ""), "null", CONCATENATE("'", SUBSTITUTE($B16, "'", "\'"), "'")), "::varchar,", "'photo_Log_FileUpload_Pointer_RefID', ", IF(EXACT($D16, ""), "null", CONCATENATE("'", SUBSTITUTE($D16, "'", "\'"), "'")), "::bigint", ")))::varchar;") -> varSQL := varSQL || (CASE WHEN (varSQL = '') THEN '' ELSE ', ' END) || (SELECT JSON_BUILD_OBJECT ('recordID', NULL::bigint,'entities', JSON_BUILD_OBJECT ('sysLoginSession_RefID', varSystemLoginSession::bigint,'sysDataAnnotation', NULL::varchar,'sysDataSetDateTimeTZ', NULL::timestamptz,'sysDataValidityStartDateTimeTZ', NULL::timestamptz,'sysDataValidityFinishDateTimeTZ', NULL::timestamptz,'sysPartitionRemovableRecordKey_RefID', NULL::bigint,'sysBranch_RefID', varInstitutionBranchID::bigint,'sysBaseCurrency_RefID',varBaseCurrencyID::bigint,'name', 'Agung Hendarto'::varchar,'photo_Log_FileUpload_Pointer_RefID', null::bigint)))::varchar;
B17: Agus Priyatno Mahmudo | C17: agusp | I17: =I16 + IF(EXACT(J17, ""), 0, 1) -> 25000000000014 | J17: =IF(EXACT(B17, ""), "", CONCATENATE("PERFORM ""SchData-OLTP-Master"".""Func_TblPerson_SET""(varSystemLoginSession, null::bigint, null::varchar, null::timestamptz, null::timestamptz, null::varchar, varInstitutionBranchID, varBaseCurrencyID, '", B17, "'::varchar, null::bigint);")) -> PERFORM "SchData-OLTP-Master"."Func_TblPerson_SET"(varSystemLoginSession, null::bigint, null::varchar, null::timestamptz, null::timestamptz, null::varchar, varInstitutionBranchID, varBaseCurrencyID, 'Agus Priyatno Mahmudo'::varchar, null::bigint); | K17: =CONCATENATE( "varSQL := varSQL || (CASE WHEN (varSQL = '') THEN '' ELSE ', ' END) || (SELECT JSON_BUILD_OBJECT (", "'recordID', NULL::bigint,", "'entities', ", "JSON_BUILD_OBJECT (", "'sysLoginSession_RefID', varSystemLoginSession::bigint,", "'sysDataAnnotation', NULL::varchar,", "'sysDataSetDateTimeTZ', NULL::timestamptz,", "'sysDataValidityStartDateTimeTZ', NULL::timestamptz,", "'sysDataValidityFinishDateTimeTZ', NULL::timestamptz,", "'sysPartitionRemovableRecordKey_RefID', NULL::bigint,", "'sysBranch_RefID', varInstitutionBranchID::bigint,", "'sysBaseCurrency_RefID',varBaseCurrencyID::bigint,", "'name', ", IF(EXACT($B17, ""), "null", CONCATENATE("'", SUBSTITUTE($B17, "'", "\'"), "'")), "::varchar,", "'photo_Log_FileUpload_Pointer_RefID', ", IF(EXACT($D17, ""), "null", CONCATENATE("'", SUBSTITUTE($D17, "'", "\'"), "'")), "::bigint", ")))::varchar;") -> varSQL := varSQL || (CASE WHEN (varSQL = '') THEN '' ELSE ', ' END) || (SELECT JSON_BUILD_OBJECT ('recordID', NULL::bigint,'entities', JSON_BUILD_OBJECT ('sysLoginSession_RefID', varSystemLoginSession::bigint,'sysDataAnnotation', NULL::varchar,'sysDataSetDateTimeTZ', NULL::timestamptz,'sysDataValidityStartDateTimeTZ', NULL::timestamptz,'sysDataValidityFinishDateTimeTZ', NULL::timestamptz,'sysPartitionRemovableRecordKey_RefID', NULL::bigint,'sysBranch_RefID', varInstitutionBranchID::bigint,'sysBaseCurrency_RefID',varBaseCurrencyID::bigint,'name', 'Agus Priyatno Mahmudo'::varchar,'photo_Log_FileUpload_Pointer_RefID', null::bigint)))::varchar;
B18: Agus Salim | C18: agus.salim | I18: =I17 + IF(EXACT(J18, ""), 0, 1) -> 25000000000015 | J18: =IF(EXACT(B18, ""), "", CONCATENATE("PERFORM ""SchData-OLTP-Master"".""Func_TblPerson_SET""(varSystemLoginSession, null::bigint, null::varchar, null::timestamptz, null::timestamptz, null::varchar, varInstitutionBranchID, varBaseCurrencyID, '", B18, "'::varchar, null::bigint);")) -> PERFORM "SchData-OLTP-Master"."Func_TblPerson_SET"(varSystemLoginSession, null::bigint, null::varchar, null::timestamptz, null::timestamptz, null::varchar, varInstitutionBranchID, varBaseCurrencyID, 'Agus Salim'::varchar, null::bigint); | K18: =CONCATENATE( "varSQL := varSQL || (CASE WHEN (varSQL = '') THEN '' ELSE ', ' END) || (SELECT JSON_BUILD_OBJECT (", "'recordID', NULL::bigint,", "'entities', ", "JSON_BUILD_OBJECT (", "'sysLoginSession_RefID', varSystemLoginSession::bigint,", "'sysDataAnnotation', NULL::varchar,", "'sysDataSetDateTimeTZ', NULL::timestamptz,", "'sysDataValidityStartDateTimeTZ', NULL::timestamptz,", "'sysDataValidityFinishDateTimeTZ', NULL::timestamptz,", "'sysPartitionRemovableRecordKey_RefID', NULL::bigint,", "'sysBranch_RefID', varInstitutionBranchID::bigint,", "'sysBaseCurrency_RefID',varBaseCurrencyID::bigint,", "'name', ", IF(EXACT($B18, ""), "null", CONCATENATE("'", SUBSTITUTE($B18, "'", "\'"), "'")), "::varchar,", "'photo_Log_FileUpload_Pointer_RefID', ", IF(EXACT($D18, ""), "null", CONCATENATE("'", SUBSTITUTE($D18, "'", "\'"), "'")), "::bigint", ")))::varchar;") -> varSQL := varSQL || (CASE WHEN (varSQL = '') THEN '' ELSE ', ' END) || (SELECT JSON_BUILD_OBJECT ('recordID', NULL::bigint,'entities', JSON_BUILD_OBJECT ('sysLoginSession_RefID', varSystemLoginSession::bigint,'sysDataAnnotation', NULL::varchar,'sysDataSetDateTimeTZ', NULL::timestamptz,'sysDataValidityStartDateTimeTZ', NULL::timestamptz,'sysDataValidityFinishDateTimeTZ', NULL::timestamptz,'sysPartitionRemovableRecordKey_RefID', NULL::bigint,'sysBranch_RefID', varInstitutionBranchID::bigint,'sysBaseCurrency_RefID',varBaseCurrencyID::bigint,'name', 'Agus Salim'::varchar,'photo_Log_FileUpload_Pointer_RefID', null::bigint)))::varchar;
B19: Agus Tanto | C19: agust | I19: =I18 + IF(EXACT(J19, ""), 0, 1) -> 25000000000016 | J19: =IF(EXACT(B19, ""), "", CONCATENATE("PERFORM ""SchData-OLTP-Master"".""Func_TblPerson_SET""(varSystemLoginSession, null::bigint, null::varchar, null::timestamptz, null::timestamptz, null::varchar, varInstitutionBranchID, varBaseCurrencyID, '", B19, "'::varchar, null::bigint);")) -> PERFORM "SchData-OLTP-Master"."Func_TblPerson_SET"(varSystemLoginSession, null::bigint, null::varchar, null::timestamptz, null::timestamptz, null::varchar, varInstitutionBranchID, varBaseCurrencyID, 'Agus Tanto'::varchar, null::bigint); | K19: =CONCATENATE( "varSQL := varSQL || (CASE WHEN (varSQL = '') THEN '' ELSE ', ' END) || (SELECT JSON_BUILD_OBJECT (", "'recordID', NULL::bigint,", "'entities', ", "JSON_BUILD_OBJECT (", "'sysLoginSession_RefID', varSystemLoginSession::bigint,", "'sysDataAnnotation', NULL::varchar,", "'sysDataSetDateTimeTZ', NULL::timestamptz,", "'sysDataValidityStartDateTimeTZ', NULL::timestamptz,", "'sysDataValidityFinishDateTimeTZ', NULL::timestamptz,", "'sysPartitionRemovableRecordKey_RefID', NULL::bigint,", "'sysBranch_RefID', varInstitutionBranchID::bigint,", "'sysBaseCurrency_RefID',varBaseCurrencyID::bigint,", "'name', ", IF(EXACT($B19, ""), "null", CONCATENATE("'", SUBSTITUTE($B19, "'", "\'"), "'")), "::varchar,", "'photo_Log_FileUpload_Pointer_RefID', ", IF(EXACT($D19, ""), "null", CONCATENATE("'", SUBSTITUTE($D19, "'", "\'"), "'")), "::bigint", ")))::varchar;") -> varSQL := varSQL || (CASE WHEN (varSQL = '') THEN '' ELSE ', ' END) || (SELECT JSON_BUILD_OBJECT ('recordID', NULL::bigint,'entities', JSON_BUILD_OBJECT ('sysLoginSession_RefID', varSystemLoginSession::bigint,'sysDataAnnotation', NULL::varchar,'sysDataSetDateTimeTZ', NULL::timestamptz,'sysDataValidityStartDateTimeTZ', NULL::timestamptz,'sysDataValidityFinishDateTimeTZ', NULL::timestamptz,'sysPartitionRemovableRecordKey_RefID', NULL::bigint,'sysBranch_RefID', varInstitutionBranchID::bigint,'sysBaseCurrency_RefID',varBaseCurrencyID::bigint,'name', 'Agus Tanto'::varchar,'photo_Log_FileUpload_Pointer_RefID', null::bigint)))::varchar;
B20: Ahmad Faiz Haems Muda | C20: faiz | E20: 3171041801820004 | I20: =I19 + IF(EXACT(J20, ""), 0, 1) -> 25000000000017 | J20: =IF(EXACT(B20, ""), "", CONCATENATE("PERFORM ""SchData-OLTP-Master"".""Func_TblPerson_SET""(varSystemLoginSession, null::bigint, null::varchar, null::timestamptz, null::timestamptz, null::varchar, varInstitutionBranchID, varBaseCurrencyID, '", B20, "'::varchar, null::bigint);")) -> PERFORM "SchData-OLTP-Master"."Func_TblPerson_SET"(varSystemLoginSession, null::bigint, null::varchar, null::timestamptz, null::timestamptz, null::varchar, varInstitutionBranchID, varBaseCurrencyID, 'Ahmad Faiz Haems Muda'::varchar, null::bigint); | K20: =CONCATENATE( "varSQL := varSQL || (CASE WHEN (varSQL = '') THEN '' ELSE ', ' END) || (SELECT JSON_BUILD_OBJECT (", "'recordID', NULL::bigint,", "'entities', ", "JSON_BUILD_OBJECT (", "'sysLoginSession_RefID', varSystemLoginSession::bigint,", "'sysDataAnnotation', NULL::varchar,", "'sysDataSetDateTimeTZ', NULL::timestamptz,", "'sysDataValidityStartDateTimeTZ', NULL::timestamptz,", "'sysDataValidityFinishDateTimeTZ', NULL::timestamptz,", "'sysPartitionRemovableRecordKey_RefID', NULL::bigint,", "'sysBranch_RefID', varInstitutionBranchID::bigint,", "'sysBaseCurrency_RefID',varBaseCurrencyID::bigint,", "'name', ", IF(EXACT($B20, ""), "null", CONCATENATE("'", SUBSTITUTE($B20, "'", "\'"), "'")), "::varchar,", "'photo_Log_FileUpload_Pointer_RefID', ", IF(EXACT($D20, ""), "null", CONCATENATE("'", SUBSTITUTE($D20, "'", "\'"), "'")), "::bigint", ")))::varchar;") -> varSQL := varSQL || (CASE WHEN (varSQL = '') THEN '' ELSE ', ' END) || (SELECT JSON_BUILD_OBJECT ('recordID', NULL::bigint,'entities', JSON_BUILD_OBJECT ('sysLoginSession_RefID', varSystemLoginSession::bigint,'sysDataAnnotation', NULL::varchar,'sysDataSetDateTimeTZ', NULL::timestamptz,'sysDataValidityStartDateTimeTZ', NULL::timestamptz,'sysDataValidityFinishDateTimeTZ', NULL::timestamptz,'sysPartitionRemovableRecordKey_RefID', NULL::bigint,'sysBranch_RefID', varInstitutionBranchID::bigint,'sysBaseCurrency_RefID',varBaseCurrencyID::bigint,'name', 'Ahmad Faiz Haems Muda'::varchar,'photo_Log_FileUpload_Pointer_RefID', null::bigint)))::varchar;
B21: Ahmad Faza | C21: faza | I21: =I20 + IF(EXACT(J21, ""), 0, 1) -> 25000000000018 | J21: =IF(EXACT(B21, ""), "", CONCATENATE("PERFORM ""SchData-OLTP-Master"".""Func_TblPerson_SET""(varSystemLoginSession, null::bigint, null::varchar, null::timestamptz, null::timestamptz, null::varchar, varInstitutionBranchID, varBaseCurrencyID, '", B21, "'::varchar, null::bigint);")) -> PERFORM "SchData-OLTP-Master"."Func_TblPerson_SET"(varSystemLoginSession, null::bigint, null::varchar, null::timestamptz, null::timestamptz, null::varchar, varInstitutionBranchID, varBaseCurrencyID, 'Ahmad Faza'::varchar, null::bigint); | K21: =CONCATENATE( "varSQL := varSQL || (CASE WHEN (varSQL = '') THEN '' ELSE ', ' END) || (SELECT JSON_BUILD_OBJECT (", "'recordID', NULL::bigint,", "'entities', ", "JSON_BUILD_OBJECT (", "'sysLoginSession_RefID', varSystemLoginSession::bigint,", "'sysDataAnnotation', NULL::varchar,", "'sysDataSetDateTimeTZ', NULL::timestamptz,", "'sysDataValidityStartDateTimeTZ', NULL::timestamptz,", "'sysDataValidityFinishDateTimeTZ', NULL::timestamptz,", "'sysPartitionRemovableRecordKey_RefID', NULL::bigint,", "'sysBranch_RefID', varInstitutionBranchID::bigint,", "'sysBaseCurrency_RefID',varBaseCurrencyID::bigint,", "'name', ", IF(EXACT($B21, ""), "null", CONCATENATE("'", SUBSTITUTE($B21, "'", "\'"), "'")), "::varchar,", "'photo_Log_FileUpload_Pointer_RefID', ", IF(EXACT($D21, ""), "null", CONCATENATE("'", SUBSTITUTE($D21, "'", "\'"), "'")), "::bigint", ")))::varchar;") -> varSQL := varSQL || (CASE WHEN (varSQL = '') THEN '' ELSE ', ' END) || (SELECT JSON_BUILD_OBJECT ('recordID', NULL::bigint,'entities', JSON_BUILD_OBJECT ('sysLoginSession_RefID', varSystemLoginSession::bigint,'sysDataAnnotation', NULL::varchar,'sysDataSetDateTimeTZ', NULL::timestamptz,'sysDataValidityStartDateTimeTZ', NULL::timestamptz,'sysDataValidityFinishDateTimeTZ', NULL::timestamptz,'sysPartitionRemovableRecordKey_RefID', NULL::bigint,'sysBranch_RefID', varInstitutionBranchID::bigint,'sysBaseCurrency_RefID',varBaseCurrencyID::bigint,'name', 'Ahmad Faza'::varchar,'photo_Log_FileUpload_Pointer_RefID', null::bigint)))::varchar;
B22: Ahmad Syaifulloh | C22: ahmad | I22: =I21 + IF(EXACT(J22, ""), 0, 1) -> 25000000000019 | J22: =IF(EXACT(B22, ""), "", CONCATENATE("PERFORM ""SchData-OLTP-Master"".""Func_TblPerson_SET""(varSystemLoginSession, null::bigint, null::varchar, null::timestamptz, null::timestamptz, null::varchar, varInstitutionBranchID, varBaseCurrencyID, '", B22, "'::varchar, null::bigint);")) -> PERFORM "SchData-OLTP-Master"."Func_TblPerson_SET"(varSystemLoginSession, null::bigint, null::varchar, null::timestamptz, null::timestamptz, null::varchar, varInstitutionBranchID, varBaseCurrencyID, 'Ahmad Syaifulloh'::varchar, null::bigint); | K22: =CONCATENATE( "varSQL := varSQL || (CASE WHEN (varSQL = '') THEN '' ELSE ', ' END) || (SELECT JSON_BUILD_OBJECT (", "'recordID', NULL::bigint,", "'entities', ", "JSON_BUILD_OBJECT (", "'sysLoginSession_RefID', varSystemLoginSession::bigint,", "'sysDataAnnotation', NULL::varchar,", "'sysDataSetDateTimeTZ', NULL::timestamptz,", "'sysDataValidityStartDateTimeTZ', NULL::timestamptz,", "'sysDataValidityFinishDateTimeTZ', NULL::timestamptz,", "'sysPartitionRemovableRecordKey_RefID', NULL::bigint,", "'sysBranch_RefID', varInstitutionBranchID::bigint,", "'sysBaseCurrency_RefID',varBaseCurrencyID::bigint,", "'name', ", IF(EXACT($B22, ""), "null", CONCATENATE("'", SUBSTITUTE($B22, "'", "\'"), "'")), "::varchar,", "'photo_Log_FileUpload_Pointer_RefID', ", IF(EXACT($D22, ""), "null", CONCATENATE("'", SUBSTITUTE($D22, "'", "\'"), "'")), "::bigint", ")))::varchar;") -> varSQL := varSQL || (CASE WHEN (varSQL = '') THEN '' ELSE ', ' END) || (SELECT JSON_BUILD_OBJECT ('recordID', NULL::bigint,'entities', JSON_BUILD_OBJECT ('sysLoginSession_RefID', varSystemLoginSession::bigint,'sysDataAnnotation', NULL::varchar,'sysDataSetDateTimeTZ', NULL::timestamptz,'sysDataValidityStartDateTimeTZ', NULL::timestamptz,'sysDataValidityFinishDateTimeTZ', NULL::timestamptz,'sysPartitionRemovableRecordKey_RefID', NULL::bigint,'sysBranch_RefID', varInstitutionBranchID::bigint,'sysBaseCurrency_RefID',varBaseCurrencyID::bigint,'name', 'Ahmad Syaifulloh'::varchar,'photo_Log_FileUpload_Pointer_RefID', null::bigint)))::varchar;
B23: Ahmad Zulkarnaen | C23: zulkarnaen | I23: =I22 + IF(EXACT(J23, ""), 0, 1) -> 25000000000020 | J23: =IF(EXACT(B23, ""), "", CONCATENATE("PERFORM ""SchData-OLTP-Master"".""Func_TblPerson_SET""(varSystemLoginSession, null::bigint, null::varchar, null::timestamptz, null::timestamptz, null::varchar, varInstitutionBranchID, varBaseCurrencyID, '", B23, "'::varchar, null::bigint);")) -> PERFORM "SchData-OLTP-Master"."Func_TblPerson_SET"(varSystemLoginSession, null::bigint, null::varchar, null::timestamptz, null::timestamptz, null::varchar, varInstitutionBranchID, varBaseCurrencyID, 'Ahmad Zulkarnaen'::varchar, null::bigint); | K23: =CONCATENATE( "varSQL := varSQL || (CASE WHEN (varSQL = '') THEN '' ELSE ', ' END) || (SELECT JSON_BUILD_OBJECT (", "'recordID', NULL::bigint,", "'entities', ", "JSON_BUILD_OBJECT (", "'sysLoginSession_RefID', varSystemLoginSession::bigint,", "'sysDataAnnotation', NULL::varchar,", "'sysDataSetDateTimeTZ', NULL::timestamptz,", "'sysDataValidityStartDateTimeTZ', NULL::timestamptz,", "'sysDataValidityFinishDateTimeTZ', NULL::timestamptz,", "'sysPartitionRemovableRecordKey_RefID', NULL::bigint,", "'sysBranch_RefID', varInstitutionBranchID::bigint,", "'sysBaseCurrency_RefID',varBaseCurrencyID::bigint,", "'name', ", IF(EXACT($B23, ""), "null", CONCATENATE("'", SUBSTITUTE($B23, "'", "\'"), "'")), "::varchar,", "'photo_Log_FileUpload_Pointer_RefID', ", IF(EXACT($D23, ""), "null", CONCATENATE("'", SUBSTITUTE($D23, "'", "\'"), "'")), "::bigint", ")))::varchar;") -> varSQL := varSQL || (CASE WHEN (varSQL = '') THEN '' ELSE ', ' END) || (SELECT JSON_BUILD_OBJECT ('recordID', NULL::bigint,'entities', JSON_BUILD_OBJECT ('sysLoginSession_RefID', varSystemLoginSession::bigint,'sysDataAnnotation', NULL::varchar,'sysDataSetDateTimeTZ', NULL::timestamptz,'sysDataValidityStartDateTimeTZ', NULL::timestamptz,'sysDataValidityFinishDateTimeTZ', NULL::timestamptz,'sysPartitionRemovableRecordKey_RefID', NULL::bigint,'sysBranch_RefID', varInstitutionBranchID::bigint,'sysBaseCurrency_RefID',varBaseCurrencyID::bigint,'name', 'Ahmad Zulkarnaen'::varchar,'photo_Log_FileUpload_Pointer_RefID', null::bigint)))::varchar;
B24: Ajan | C24: Ajan | I24: =I23 + IF(EXACT(J24, ""), 0, 1) -> 25000000000021 | J24: =IF(EXACT(B24, ""), "", CONCATENATE("PERFORM ""SchData-OLTP-Master"".""Func_TblPerson_SET""(varSystemLoginSession, null::bigint, null::varchar, null::timestamptz, null::timestamptz, null::varchar, varInstitutionBranchID, varBaseCurrencyID, '", B24, "'::varchar, null::bigint);")) -> PERFORM "SchData-OLTP-Master"."Func_TblPerson_SET"(varSystemLoginSession, null::bigint, null::varchar, null::timestamptz, null::timestamptz, null::varchar, varInstitutionBranchID, varBaseCurrencyID, 'Ajan'::varchar, null::bigint); | K24: =CONCATENATE( "varSQL := varSQL || (CASE WHEN (varSQL = '') THEN '' ELSE ', ' END) || (SELECT JSON_BUILD_OBJECT (", "'recordID', NULL::bigint,", "'entities', ", "JSON_BUILD_OBJECT (", "'sysLoginSession_RefID', varSystemLoginSession::bigint,", "'sysDataAnnotation', NULL::varchar,", "'sysDataSetDateTimeTZ', NULL::timestamptz,", "'sysDataValidityStartDateTimeTZ', NULL::timestamptz,", "'sysDataValidityFinishDateTimeTZ', NULL::timestamptz,", "'sysPartitionRemovableRecordKey_RefID', NULL::bigint,", "'sysBranch_RefID', varInstitutionBranchID::bigint,", "'sysBaseCurrency_RefID',varBaseCurrencyID::bigint,", "'name', ", IF(EXACT($B24, ""), "null", CONCATENATE("'", SUBSTITUTE($B24, "'", "\'"), "'")), "::varchar,", "'photo_Log_FileUpload_Pointer_RefID', ", IF(EXACT($D24, ""), "null", CONCATENATE("'", SUBSTITUTE($D24, "'", "\'"), "'")), "::bigint", ")))::varchar;") -> varSQL := varSQL || (CASE WHEN (varSQL = '') THEN '' ELSE ', ' END) || (SELECT JSON_BUILD_OBJECT ('recordID', NULL::bigint,'entities', JSON_BUILD_OBJECT ('sysLoginSession_RefID', varSystemLoginSession::bigint,'sysDataAnnotation', NULL::varchar,'sysDataSetDateTimeTZ', NULL::timestamptz,'sysDataValidityStartDateTimeTZ', NULL::timestamptz,'sysDataValidityFinishDateTimeTZ', NULL::timestamptz,'sysPartitionRemovableRecordKey_RefID', NULL::bigint,'sysBranch_RefID', varInstitutionBranchID::bigint,'sysBaseCurrency_RefID',varBaseCurrencyID::bigint,'name', 'Ajan'::varchar,'photo_Log_FileUpload_Pointer_RefID', null::bigint)))::varchar;
B25: Al Amin | C25: amin | I25: =I24 + IF(EXACT(J25, ""), 0, 1) -> 25000000000022 | J25: =IF(EXACT(B25, ""), "", CONCATENATE("PERFORM ""SchData-OLTP-Master"".""Func_TblPerson_SET""(varSystemLoginSession, null::bigint, null::varchar, null::timestamptz, null::timestamptz, null::varchar, varInstitutionBranchID, varBaseCurrencyID, '", B25, "'::varchar, null::bigint);")) -> PERFORM "SchData-OLTP-Master"."Func_TblPerson_SET"(varSystemLoginSession, null::bigint, null::varchar, null::timestamptz, null::timestamptz, null::varchar, varInstitutionBranchID, varBaseCurrencyID, 'Al Amin'::varchar, null::bigint); | K25: =CONCATENATE( "varSQL := varSQL || (CASE WHEN (varSQL = '') THEN '' ELSE ', ' END) || (SELECT JSON_BUILD_OBJECT (", "'recordID', NULL::bigint,", "'entities', ", "JSON_BUILD_OBJECT (", "'sysLoginSession_RefID', varSystemLoginSession::bigint,", "'sysDataAnnotation', NULL::varchar,", "'sysDataSetDateTimeTZ', NULL::timestamptz,", "'sysDataValidityStartDateTimeTZ', NULL::timestamptz,", "'sysDataValidityFinishDateTimeTZ', NULL::timestamptz,", "'sysPartitionRemovableRecordKey_RefID', NULL::bigint,", "'sysBranch_RefID', varInstitutionBranchID::bigint,", "'sysBaseCurrency_RefID',varBaseCurrencyID::bigint,", "'name', ", IF(EXACT($B25, ""), "null", CONCATENATE("'", SUBSTITUTE($B25, "'", "\'"), "'")), "::varchar,", "'photo_Log_FileUpload_Pointer_RefID', ", IF(EXACT($D25, ""), "null", CONCATENATE("'", SUBSTITUTE($D25, "'", "\'"), "'")), "::bigint", ")))::varchar;") -> varSQL := varSQL || (CASE WHEN (varSQL = '') THEN '' ELSE ', ' END) || (SELECT JSON_BUILD_OBJECT ('recordID', NULL::bigint,'entities', JSON_BUILD_OBJECT ('sysLoginSession_RefID', varSystemLoginSession::bigint,'sysDataAnnotation', NULL::varchar,'sysDataSetDateTimeTZ', NULL::timestamptz,'sysDataValidityStartDateTimeTZ', NULL::timestamptz,'sysDataValidityFinishDateTimeTZ', NULL::timestamptz,'sysPartitionRemovableRecordKey_RefID', NULL::bigint,'sysBranch_RefID', varInstitutionBranchID::bigint,'sysBaseCurrency_RefID',varBaseCurrencyID::bigint,'name', 'Al Amin'::varchar,'photo_Log_FileUpload_Pointer_RefID', null::bigint)))::varchar;
B26: Aldi Mulyadi | C26: aldi.mulyadi | I26: =I25 + IF(EXACT(J26, ""), 0, 1) -> 25000000000023 | J26: =IF(EXACT(B26, ""), "", CONCATENATE("PERFORM ""SchData-OLTP-Master"".""Func_TblPerson_SET""(varSystemLoginSession, null::bigint, null::varchar, null::timestamptz, null::timestamptz, null::varchar, varInstitutionBranchID, varBaseCurrencyID, '", B26, "'::varchar, null::bigint);")) -> PERFORM "SchData-OLTP-Master"."Func_TblPerson_SET"(varSystemLoginSession, null::bigint, null::varchar, null::timestamptz, null::timestamptz, null::varchar, varInstitutionBranchID, varBaseCurrencyID, 'Aldi Mulyadi'::varchar, null::bigint); | K26: =CONCATENATE( "varSQL := varSQL || (CASE WHEN (varSQL = '') THEN '' ELSE ', ' END) || (SELECT JSON_BUILD_OBJECT (", "'recordID', NULL::bigint,", "'entities', ", "JSON_BUILD_OBJECT (", "'sysLoginSession_RefID', varSystemLoginSession::bigint,", "'sysDataAnnotation', NULL::varchar,", "'sysDataSetDateTimeTZ', NULL::timestamptz,", "'sysDataValidityStartDateTimeTZ', NULL::timestamptz,", "'sysDataValidityFinishDateTimeTZ', NULL::timestamptz,", "'sysPartitionRemovableRecordKey_RefID', NULL::bigint,", "'sysBranch_RefID', varInstitutionBranchID::bigint,", "'sysBaseCurrency_RefID',varBaseCurrencyID::bigint,", "'name', ", IF(EXACT($B26, ""), "null", CONCATENATE("'", SUBSTITUTE($B26, "'", "\'"), "'")), "::varchar,", "'photo_Log_FileUpload_Pointer_RefID', ", IF(EXACT($D26, ""), "null", CONCATENATE("'", SUBSTITUTE($D26, "'", "\'"), "'")), "::bigint", ")))::varchar;") -> varSQL := varSQL || (CASE WHEN (varSQL = '') THEN '' ELSE ', ' END) || (SELECT JSON_BUILD_OBJECT ('recordID', NULL::bigint,'entities', JSON_BUILD_OBJECT ('sysLoginSession_RefID', varSystemLoginSession::bigint,'sysDataAnnotation', NULL::varchar,'sysDataSetDateTimeTZ', NULL::timestamptz,'sysDataValidityStartDateTimeTZ', NULL::timestamptz,'sysDataValidityFinishDateTimeTZ', NULL::timestamptz,'sysPartitionRemovableRecordKey_RefID', NULL::bigint,'sysBranch_RefID', varInstitutionBranchID::bigint,'sysBaseCurrency_RefID',varBaseCurrencyID::bigint,'name', 'Aldi Mulyadi'::varchar,'photo_Log_FileUpload_Pointer_RefID', null::bigint)))::varchar;
B27: Alexandri | C27: alexandri | I27: =I26 + IF(EXACT(J27, ""), 0, 1) -> 25000000000024 | J27: =IF(EXACT(B27, ""), "", CONCATENATE("PERFORM ""SchData-OLTP-Master"".""Func_TblPerson_SET""(varSystemLoginSession, null::bigint, null::varchar, null::timestamptz, null::timestamptz, null::varchar, varInstitutionBranchID, varBaseCurrencyID, '", B27, "'::varchar, null::bigint);")) -> PERFORM "SchData-OLTP-Master"."Func_TblPerson_SET"(varSystemLoginSession, null::bigint, null::varchar, null::timestamptz, null::timestamptz, null::varchar, varInstitutionBranchID, varBaseCurrencyID, 'Alexandri'::varchar, null::bigint); | K27: =CONCATENATE( "varSQL := varSQL || (CASE WHEN (varSQL = '') THEN '' ELSE ', ' END) || (SELECT JSON_BUILD_OBJECT (", "'recordID', NULL::bigint,", "'entities', ", "JSON_BUILD_OBJECT (", "'sysLoginSession_RefID', varSystemLoginSession::bigint,", "'sysDataAnnotation', NULL::varchar,", "'sysDataSetDateTimeTZ', NULL::timestamptz,", "'sysDataValidityStartDateTimeTZ', NULL::timestamptz,", "'sysDataValidityFinishDateTimeTZ', NULL::timestamptz,", "'sysPartitionRemovableRecordKey_RefID', NULL::bigint,", "'sysBranch_RefID', varInstitutionBranchID::bigint,", "'sysBaseCurrency_RefID',varBaseCurrencyID::bigint,", "'name', ", IF(EXACT($B27, ""), "null", CONCATENATE("'", SUBSTITUTE($B27, "'", "\'"), "'")), "::varchar,", "'photo_Log_FileUpload_Pointer_RefID', ", IF(EXACT($D27, ""), "null", CONCATENATE("'", SUBSTITUTE($D27, "'", "\'"), "'")), "::bigint", ")))::varchar;") -> varSQL := varSQL || (CASE WHEN (varSQL = '') THEN '' ELSE ', ' END) || (SELECT JSON_BUILD_OBJECT ('recordID', NULL::bigint,'entities', JSON_BUILD_OBJECT ('sysLoginSession_RefID', varSystemLoginSession::bigint,'sysDataAnnotation', NULL::varchar,'sysDataSetDateTimeTZ', NULL::timestamptz,'sysDataValidityStartDateTimeTZ', NULL::timestamptz,'sysDataValidityFinishDateTimeTZ', NULL::timestamptz,'sysPartitionRemovableRecordKey_RefID', NULL::bigint,'sysBranch_RefID', varInstitutionBranchID::bigint,'sysBaseCurrency_RefID',varBaseCurrencyID::bigint,'name', 'Alexandri'::varchar,'photo_Log_FileUpload_Pointer_RefID', null::bigint)))::varchar;
B28: Alfaedi | C28: faedi | I28: =I27 + IF(EXACT(J28, ""), 0, 1) -> 25000000000025 | J28: =IF(EXACT(B28, ""), "", CONCATENATE("PERFORM ""SchData-OLTP-Master"".""Func_TblPerson_SET""(varSystemLoginSession, null::bigint, null::varchar, null::timestamptz, null::timestamptz, null::varchar, varInstitutionBranchID, varBaseCurrencyID, '", B28, "'::varchar, null::bigint);")) -> PERFORM "SchData-OLTP-Master"."Func_TblPerson_SET"(varSystemLoginSession, null::bigint, null::varchar, null::timestamptz, null::timestamptz, null::varchar, varInstitutionBranchID, varBaseCurrencyID, 'Alfaedi'::varchar, null::bigint); | K28: =CONCATENATE( "varSQL := varSQL || (CASE WHEN (varSQL = '') THEN '' ELSE ', ' END) || (SELECT JSON_BUILD_OBJECT (", "'recordID', NULL::bigint,", "'entities', ", "JSON_BUILD_OBJECT (", "'sysLoginSession_RefID', varSystemLoginSession::bigint,", "'sysDataAnnotation', NULL::varchar,", "'sysDataSetDateTimeTZ', NULL::timestamptz,", "'sysDataValidityStartDateTimeTZ', NULL::timestamptz,", "'sysDataValidityFinishDateTimeTZ', NULL::timestamptz,", "'sysPartitionRemovableRecordKey_RefID', NULL::bigint,", "'sysBranch_RefID', varInstitutionBranchID::bigint,", "'sysBaseCurrency_RefID',varBaseCurrencyID::bigint,", "'name', ", IF(EXACT($B28, ""), "null", CONCATENATE("'", SUBSTITUTE($B28, "'", "\'"), "'")), "::varchar,", "'photo_Log_FileUpload_Pointer_RefID', ", IF(EXACT($D28, ""), "null", CONCATENATE("'", SUBSTITUTE($D28, "'", "\'"), "'")), "::bigint", ")))::varchar;") -> varSQL := varSQL || (CASE WHEN (varSQL = '') THEN '' ELSE ', ' END) || (SELECT JSON_BUILD_OBJECT ('recordID', NULL::bigint,'entities', JSON_BUILD_OBJECT ('sysLoginSession_RefID', varSystemLoginSession::bigint,'sysDataAnnotation', NULL::varchar,'sysDataSetDateTimeTZ', NULL::timestamptz,'sysDataValidityStartDateTimeTZ', NULL::timestamptz,'sysDataValidityFinishDateTimeTZ', NULL::timestamptz,'sysPartitionRemovableRecordKey_RefID', NULL::bigint,'sysBranch_RefID', varInstitutionBranchID::bigint,'sysBaseCurrency_RefID',varBaseCurrencyID::bigint,'name', 'Alfaedi'::varchar,'photo_Log_FileUpload_Pointer_RefID', null::bigint)))::varchar;
B29: Ali Wahono | C29: ali.wahono | I29: =I28 + IF(EXACT(J29, ""), 0, 1) -> 25000000000026 | J29: =IF(EXACT(B29, ""), "", CONCATENATE("PERFORM ""SchData-OLTP-Master"".""Func_TblPerson_SET""(varSystemLoginSession, null::bigint, null::varchar, null::timestamptz, null::timestamptz, null::varchar, varInstitutionBranchID, varBaseCurrencyID, '", B29, "'::varchar, null::bigint);")) -> PERFORM "SchData-OLTP-Master"."Func_TblPerson_SET"(varSystemLoginSession, null::bigint, null::varchar, null::timestamptz, null::timestamptz, null::varchar, varInstitutionBranchID, varBaseCurrencyID, 'Ali Wahono'::varchar, null::bigint); | K29: =CONCATENATE( "varSQL := varSQL || (CASE WHEN (varSQL = '') THEN '' ELSE ', ' END) || (SELECT JSON_BUILD_OBJECT (", "'recordID', NULL::bigint,", "'entities', ", "JSON_BUILD_OBJECT (", "'sysLoginSession_RefID', varSystemLoginSession::bigint,", "'sysDataAnnotation', NULL::varchar,", "'sysDataSetDateTimeTZ', NULL::timestamptz,", "'sysDataValidityStartDateTimeTZ', NULL::timestamptz,", "'sysDataValidityFinishDateTimeTZ', NULL::timestamptz,", "'sysPartitionRemovableRecordKey_RefID', NULL::bigint,", "'sysBranch_RefID', varInstitutionBranchID::bigint,", "'sysBaseCurrency_RefID',varBaseCurrencyID::bigint,", "'name', ", IF(EXACT($B29, ""), "null", CONCATENATE("'", SUBSTITUTE($B29, "'", "\'"), "'")), "::varchar,", "'photo_Log_FileUpload_Pointer_RefID', ", IF(EXACT($D29, ""), "null", CONCATENATE("'", SUBSTITUTE($D29, "'", "\'"), "'")), "::bigint", ")))::varchar;") -> varSQL := varSQL || (CASE WHEN (varSQL = '') THEN '' ELSE ', ' END) || (SELECT JSON_BUILD_OBJECT ('recordID', NULL::bigint,'entities', JSON_BUILD_OBJECT ('sysLoginSession_RefID', varSystemLoginSession::bigint,'sysDataAnnotation', NULL::varchar,'sysDataSetDateTimeTZ', NULL::timestamptz,'sysDataValidityStartDateTimeTZ', NULL::timestamptz,'sysDataValidityFinishDateTimeTZ', NULL::timestamptz,'sysPartitionRemovableRecordKey_RefID', NULL::bigint,'sysBranch_RefID', varInstitutionBranchID::bigint,'sysBaseCurrency_RefID',varBaseCurrencyID::bigint,'name', 'Ali Wahono'::varchar,'photo_Log_FileUpload_Pointer_RefID', null::bigint)))::varchar;
B30: Alphaliyanri Lasria | C30: alpha | I30: =I29 + IF(EXACT(J30, ""), 0, 1) -> 25000000000027 | J30: =IF(EXACT(B30, ""), "", CONCATENATE("PERFORM ""SchData-OLTP-Master"".""Func_TblPerson_SET""(varSystemLoginSession, null::bigint, null::varchar, null::timestamptz, null::timestamptz, null::varchar, varInstitutionBranchID, varBaseCurrencyID, '", B30, "'::varchar, null::bigint);")) -> PERFORM "SchData-OLTP-Master"."Func_TblPerson_SET"(varSystemLoginSession, null::bigint, null::varchar, null::timestamptz, null::timestamptz, null::varchar, varInstitutionBranchID, varBaseCurrencyID, 'Alphaliyanri Lasria'::varchar, null::bigint); | K30: =CONCATENATE( "varSQL := varSQL || (CASE WHEN (varSQL = '') THEN '' ELSE ', ' END) || (SELECT JSON_BUILD_OBJECT (", "'recordID', NULL::bigint,", "'entities', ", "JSON_BUILD_OBJECT (", "'sysLoginSession_RefID', varSystemLoginSession::bigint,", "'sysDataAnnotation', NULL::varchar,", "'sysDataSetDateTimeTZ', NULL::timestamptz,", "'sysDataValidityStartDateTimeTZ', NULL::timestamptz,", "'sysDataValidityFinishDateTimeTZ', NULL::timestamptz,", "'sysPartitionRemovableRecordKey_RefID', NULL::bigint,", "'sysBranch_RefID', varInstitutionBranchID::bigint,", "'sysBaseCurrency_RefID',varBaseCurrencyID::bigint,", "'name', ", IF(EXACT($B30, ""), "null", CONCATENATE("'", SUBSTITUTE($B30, "'", "\'"), "'")), "::varchar,", "'photo_Log_FileUpload_Pointer_RefID', ", IF(EXACT($D30, ""), "null", CONCATENATE("'", SUBSTITUTE($D30, "'", "\'"), "'")), "::bigint", ")))::varchar;") -> varSQL := varSQL || (CASE WHEN (varSQL = '') THEN '' ELSE ', ' END) || (SELECT JSON_BUILD_OBJECT ('recordID', NULL::bigint,'entities', JSON_BUILD_OBJECT ('sysLoginSession_RefID', varSystemLoginSession::bigint,'sysDataAnnotation', NULL::varchar,'sysDataSetDateTimeTZ', NULL::timestamptz,'sysDataValidityStartDateTimeTZ', NULL::timestamptz,'sysDataValidityFinishDateTimeTZ', NULL::timestamptz,'sysPartitionRemovableRecordKey_RefID', NULL::bigint,'sysBranch_RefID', varInstitutionBranchID::bigint,'sysBaseCurrency_RefID',varBaseCurrencyID::bigint,'name', 'Alphaliyanri Lasria'::varchar,'photo_Log_FileUpload_Pointer_RefID', null::bigint)))::varchar;
B31: Ambon Rumalean | C31: ambon | I31: =I30 + IF(EXACT(J31, ""), 0, 1) -> 25000000000028 | J31: =IF(EXACT(B31, ""), "", CONCATENATE("PERFORM ""SchData-OLTP-Master"".""Func_TblPerson_SET""(varSystemLoginSession, null::bigint, null::varchar, null::timestamptz, null::timestamptz, null::varchar, varInstitutionBranchID, varBaseCurrencyID, '", B31, "'::varchar, null::bigint);")) -> PERFORM "SchData-OLTP-Master"."Func_TblPerson_SET"(varSystemLoginSession, null::bigint, null::varchar, null::timestamptz, null::timestamptz, null::varchar, varInstitutionBranchID, varBaseCurrencyID, 'Ambon Rumalean'::varchar, null::bigint); | K31: =CONCATENATE( "varSQL := varSQL || (CASE WHEN (varSQL = '') THEN '' ELSE ', ' END) || (SELECT JSON_BUILD_OBJECT (", "'recordID', NULL::bigint,", "'entities', ", "JSON_BUILD_OBJECT (", "'sysLoginSession_RefID', varSystemLoginSession::bigint,", "'sysDataAnnotation', NULL::varchar,", "'sysDataSetDateTimeTZ', NULL::timestamptz,", "'sysDataValidityStartDateTimeTZ', NULL::timestamptz,", "'sysDataValidityFinishDateTimeTZ', NULL::timestamptz,", "'sysPartitionRemovableRecordKey_RefID', NULL::bigint,", "'sysBranch_RefID', varInstitutionBranchID::bigint,", "'sysBaseCurrency_RefID',varBaseCurrencyID::bigint,", "'name', ", IF(EXACT($B31, ""), "null", CONCATENATE("'", SUBSTITUTE($B31, "'", "\'"), "'")), "::varchar,", "'photo_Log_FileUpload_Pointer_RefID', ", IF(EXACT($D31, ""), "null", CONCATENATE("'", SUBSTITUTE($D31, "'", "\'"), "'")), "::bigint", ")))::varchar;") -> varSQL := varSQL || (CASE WHEN (varSQL = '') THEN '' ELSE ', ' END) || (SELECT JSON_BUILD_OBJECT ('recordID', NULL::bigint,'entities', JSON_BUILD_OBJECT ('sysLoginSession_RefID', varSystemLoginSession::bigint,'sysDataAnnotation', NULL::varchar,'sysDataSetDateTimeTZ', NULL::timestamptz,'sysDataValidityStartDateTimeTZ', NULL::timestamptz,'sysDataValidityFinishDateTimeTZ', NULL::timestamptz,'sysPartitionRemovableRecordKey_RefID', NULL::bigint,'sysBranch_RefID', varInstitutionBranchID::bigint,'sysBaseCurrency_RefID',varBaseCurrencyID::bigint,'name', 'Ambon Rumalean'::varchar,'photo_Log_FileUpload_Pointer_RefID', null::bigint)))::varchar;
B32: Amir Sofyan Hadi | C32: amir.sofyan | I32: =I31 + IF(EXACT(J32, ""), 0, 1) -> 25000000000029 | J32: =IF(EXACT(B32, ""), "", CONCATENATE("PERFORM ""SchData-OLTP-Master"".""Func_TblPerson_SET""(varSystemLoginSession, null::bigint, null::varchar, null::timestamptz, null::timestamptz, null::varchar, varInstitutionBranchID, varBaseCurrencyID, '", B32, "'::varchar, null::bigint);")) -> PERFORM "SchData-OLTP-Master"."Func_TblPerson_SET"(varSystemLoginSession, null::bigint, null::varchar, null::timestamptz, null::timestamptz, null::varchar, varInstitutionBranchID, varBaseCurrencyID, 'Amir Sofyan Hadi'::varchar, null::bigint); | K32: =CONCATENATE( "varSQL := varSQL || (CASE WHEN (varSQL = '') THEN '' ELSE ', ' END) || (SELECT JSON_BUILD_OBJECT (", "'recordID', NULL::bigint,", "'entities', ", "JSON_BUILD_OBJECT (", "'sysLoginSession_RefID', varSystemLoginSession::bigint,", "'sysDataAnnotation', NULL::varchar,", "'sysDataSetDateTimeTZ', NULL::timestamptz,", "'sysDataValidityStartDateTimeTZ', NULL::timestamptz,", "'sysDataValidityFinishDateTimeTZ', NULL::timestamptz,", "'sysPartitionRemovableRecordKey_RefID', NULL::bigint,", "'sysBranch_RefID', varInstitutionBranchID::bigint,", "'sysBaseCurrency_RefID',varBaseCurrencyID::bigint,", "'name', ", IF(EXACT($B32, ""), "null", CONCATENATE("'", SUBSTITUTE($B32, "'", "\'"), "'")), "::varchar,", "'photo_Log_FileUpload_Pointer_RefID', ", IF(EXACT($D32, ""), "null", CONCATENATE("'", SUBSTITUTE($D32, "'", "\'"), "'")), "::bigint", ")))::varchar;") -> varSQL := varSQL || (CASE WHEN (varSQL = '') THEN '' ELSE ', ' END) || (SELECT JSON_BUILD_OBJECT ('recordID', NULL::bigint,'entities', JSON_BUILD_OBJECT ('sysLoginSession_RefID', varSystemLoginSession::bigint,'sysDataAnnotation', NULL::varchar,'sysDataSetDateTimeTZ', NULL::timestamptz,'sysDataValidityStartDateTimeTZ', NULL::timestamptz,'sysDataValidityFinishDateTimeTZ', NULL::timestamptz,'sysPartitionRemovableRecordKey_RefID', NULL::bigint,'sysBranch_RefID', varInstitutionBranchID::bigint,'sysBaseCurrency_RefID',varBaseCurrencyID::bigint,'name', 'Amir Sofyan Hadi'::varchar,'photo_Log_FileUpload_Pointer_RefID', null::bigint)))::varchar;
... B53: Ardita | C53: ardita | I53: =I52 + IF(EXACT(J53, ""), 0, 1) -> 25000000000050 | J53: =IF(EXACT(B53, ""), "", CONCATENATE("PERFORM ""SchData-OLTP-Master"".""Func_TblPerson_SET""(varSystemLoginSession, null::bigint, null::varchar, null::timestamptz, null::timestamptz, null::varchar, varInstitutionBranchID, varBaseCurrencyID, '", B53, "'::varchar, null::bigint);")) -> PERFORM "SchData-OLTP-Master"."Func_TblPerson_SET"(varSystemLoginSession, null::bigint, null::varchar, null::timestamptz, null::timestamptz, null::varchar, varInstitutionBranchID, varBaseCurrencyID, 'Ardita'::varchar, null::bigint); | K53: =CONCATENATE( "varSQL := varSQL || (CASE WHEN (varSQL = '') THEN '' ELSE ', ' END) || (SELECT JSON_BUILD_OBJECT (", "'recordID', NULL::bigint,", "'entities', ", "JSON_BUILD_OBJECT (", "'sysLoginSession_RefID', varSystemLoginSession::bigint,", "'sysDataAnnotation', NULL::varchar,", "'sysDataSetDateTimeTZ', NULL::timestamptz,", "'sysDataValidityStartDateTimeTZ', NULL::timestamptz,", "'sysDataValidityFinishDateTimeTZ', NULL::timestamptz,", "'sysPartitionRemovableRecordKey_RefID', NULL::bigint,", "'sysBranch_RefID', varInstitutionBranchID::bigint,", "'sysBaseCurrency_RefID',varBaseCurrencyID::bigint,", "'name', ", IF(EXACT($B53, ""), "null", CONCATENATE("'", SUBSTITUTE($B53, "'", "\'"), "'")), "::varchar,", "'photo_Log_FileUpload_Pointer_RefID', ", IF(EXACT($D53, ""), "null", CONCATENATE("'", SUBSTITUTE($D53, "'", "\'"), "'")), "::bigint", ")))::varchar;") -> varSQL := varSQL || (CASE WHEN (varSQL = '') THEN '' ELSE ', ' END) || (SELECT JSON_BUILD_OBJECT ('recordID', NULL::bigint,'entities', JSON_BUILD_OBJECT ('sysLoginSession_RefID', varSystemLoginSession::bigint,'sysDataAnnotation', NULL::varchar,'sysDataSetDateTimeTZ', NULL::timestamptz,'sysDataValidityStartDateTimeTZ', NULL::timestamptz,'sysDataValidityFinishDateTimeTZ', NULL::timestamptz,'sysPartitionRemovableRecordKey_RefID', NULL::bigint,'sysBranch_RefID', varInstitutionBranchID::bigint,'sysBaseCurrency_RefID',varBaseCurrencyID::bigint,'name', 'Ardita'::varchar,'photo_Log_FileUpload_Pointer_RefID', null::bigint)))::varchar;
B54: Ares S. Mauboi | C54: ares | E54: 3175081108800013 | I54: =I53 + IF(EXACT(J54, ""), 0, 1) -> 25000000000051 | J54: =IF(EXACT(B54, ""), "", CONCATENATE("PERFORM ""SchData-OLTP-Master"".""Func_TblPerson_SET""(varSystemLoginSession, null::bigint, null::varchar, null::timestamptz, null::timestamptz, null::varchar, varInstitutionBranchID, varBaseCurrencyID, '", B54, "'::varchar, null::bigint);")) -> PERFORM "SchData-OLTP-Master"."Func_TblPerson_SET"(varSystemLoginSession, null::bigint, null::varchar, null::timestamptz, null::timestamptz, null::varchar, varInstitutionBranchID, varBaseCurrencyID, 'Ares S. Mauboi'::varchar, null::bigint); | K54: =CONCATENATE( "varSQL := varSQL || (CASE WHEN (varSQL = '') THEN '' ELSE ', ' END) || (SELECT JSON_BUILD_OBJECT (", "'recordID', NULL::bigint,", "'entities', ", "JSON_BUILD_OBJECT (", "'sysLoginSession_RefID', varSystemLoginSession::bigint,", "'sysDataAnnotation', NULL::varchar,", "'sysDataSetDateTimeTZ', NULL::timestamptz,", "'sysDataValidityStartDateTimeTZ', NULL::timestamptz,", "'sysDataValidityFinishDateTimeTZ', NULL::timestamptz,", "'sysPartitionRemovableRecordKey_RefID', NULL::bigint,", "'sysBranch_RefID', varInstitutionBranchID::bigint,", "'sysBaseCurrency_RefID',varBaseCurrencyID::bigint,", "'name', ", IF(EXACT($B54, ""), "null", CONCATENATE("'", SUBSTITUTE($B54, "'", "\'"), "'")), "::varchar,", "'photo_Log_FileUpload_Pointer_RefID', ", IF(EXACT($D54, ""), "null", CONCATENATE("'", SUBSTITUTE($D54, "'", "\'"), "'")), "::bigint", ")))::varchar;") -> varSQL := varSQL || (CASE WHEN (varSQL = '') THEN '' ELSE ', ' END) || (SELECT JSON_BUILD_OBJECT ('recordID', NULL::bigint,'entities', JSON_BUILD_OBJECT ('sysLoginSession_RefID', varSystemLoginSession::bigint,'sysDataAnnotation', NULL::varchar,'sysDataSetDateTimeTZ', NULL::timestamptz,'sysDataValidityStartDateTimeTZ', NULL::timestamptz,'sysDataValidityFinishDateTimeTZ', NULL::timestamptz,'sysPartitionRemovableRecordKey_RefID', NULL::bigint,'sysBranch_RefID', varInstitutionBranchID::bigint,'sysBaseCurrency_RefID',varBaseCurrencyID::bigint,'name', 'Ares S. Mauboi'::varchar,'photo_Log_FileUpload_Pointer_RefID', null::bigint)))::varchar;
B55: Arfah Hanum | C55: arfah | I55: =I54 + IF(EXACT(J55, ""), 0, 1) -> 25000000000052 | J55: =IF(EXACT(B55, ""), "", CONCATENATE("PERFORM ""SchData-OLTP-Master"".""Func_TblPerson_SET""(varSystemLoginSession, null::bigint, null::varchar, null::timestamptz, null::timestamptz, null::varchar, varInstitutionBranchID, varBaseCurrencyID, '", B55, "'::varchar, null::bigint);")) -> PERFORM "SchData-OLTP-Master"."Func_TblPerson_SET"(varSystemLoginSession, null::bigint, null::varchar, null::timestamptz, null::timestamptz, null::varchar, varInstitutionBranchID, varBaseCurrencyID, 'Arfah Hanum'::varchar, null::bigint); | K55: =CONCATENATE( "varSQL := varSQL || (CASE WHEN (varSQL = '') THEN '' ELSE ', ' END) || (SELECT JSON_BUILD_OBJECT (", "'recordID', NULL::bigint,", "'entities', ", "JSON_BUILD_OBJECT (", "'sysLoginSession_RefID', varSystemLoginSession::bigint,", "'sysDataAnnotation', NULL::varchar,", "'sysDataSetDateTimeTZ', NULL::timestamptz,", "'sysDataValidityStartDateTimeTZ', NULL::timestamptz,", "'sysDataValidityFinishDateTimeTZ', NULL::timestamptz,", "'sysPartitionRemovableRecordKey_RefID', NULL::bigint,", "'sysBranch_RefID', varInstitutionBranchID::bigint,", "'sysBaseCurrency_RefID',varBaseCurrencyID::bigint,", "'name', ", IF(EXACT($B55, ""), "null", CONCATENATE("'", SUBSTITUTE($B55, "'", "\'"), "'")), "::varchar,", "'photo_Log_FileUpload_Pointer_RefID', ", IF(EXACT($D55, ""), "null", CONCATENATE("'", SUBSTITUTE($D55, "'", "\'"), "'")), "::bigint", ")))::varchar;") -> varSQL := varSQL || (CASE WHEN (varSQL = '') THEN '' ELSE ', ' END) || (SELECT JSON_BUILD_OBJECT ('recordID', NULL::bigint,'entities', JSON_BUILD_OBJECT ('sysLoginSession_RefID', varSystemLoginSession::bigint,'sysDataAnnotation', NULL::varchar,'sysDataSetDateTimeTZ', NULL::timestamptz,'sysDataValidityStartDateTimeTZ', NULL::timestamptz,'sysDataValidityFinishDateTimeTZ', NULL::timestamptz,'sysPartitionRemovableRecordKey_RefID', NULL::bigint,'sysBranch_RefID', varInstitutionBranchID::bigint,'sysBaseCurrency_RefID',varBaseCurrencyID::bigint,'name', 'Arfah Hanum'::varchar,'photo_Log_FileUpload_Pointer_RefID', null::bigint)))::varchar;
B56: Arfianti Haryani | C56: arfianti | I56: =I55 + IF(EXACT(J56, ""), 0, 1) -> 25000000000053 | J56: =IF(EXACT(B56, ""), "", CONCATENATE("PERFORM ""SchData-OLTP-Master"".""Func_TblPerson_SET""(varSystemLoginSession, null::bigint, null::varchar, null::timestamptz, null::timestamptz, null::varchar, varInstitutionBranchID, varBaseCurrencyID, '", B56, "'::varchar, null::bigint);")) -> PERFORM "SchData-OLTP-Master"."Func_TblPerson_SET"(varSystemLoginSession, null::bigint, null::varchar, null::timestamptz, null::timestamptz, null::varchar, varInstitutionBranchID, varBaseCurrencyID, 'Arfianti Haryani'::varchar, null::bigint); | K56: =CONCATENATE( "varSQL := varSQL || (CASE WHEN (varSQL = '') THEN '' ELSE ', ' END) || (SELECT JSON_BUILD_OBJECT (", "'recordID', NULL::bigint,", "'entities', ", "JSON_BUILD_OBJECT (", "'sysLoginSession_RefID', varSystemLoginSession::bigint,", "'sysDataAnnotation', NULL::varchar,", "'sysDataSetDateTimeTZ', NULL::timestamptz,", "'sysDataValidityStartDateTimeTZ', NULL::timestamptz,", "'sysDataValidityFinishDateTimeTZ', NULL::timestamptz,", "'sysPartitionRemovableRecordKey_RefID', NULL::bigint,", "'sysBranch_RefID', varInstitutionBranchID::bigint,", "'sysBaseCurrency_RefID',varBaseCurrencyID::bigint,", "'name', ", IF(EXACT($B56, ""), "null", CONCATENATE("'", SUBSTITUTE($B56, "'", "\'"), "'")), "::varchar,", "'photo_Log_FileUpload_Pointer_RefID', ", IF(EXACT($D56, ""), "null", CONCATENATE("'", SUBSTITUTE($D56, "'", "\'"), "'")), "::bigint", ")))::varchar;") -> varSQL := varSQL || (CASE WHEN (varSQL = '') THEN '' ELSE ', ' END) || (SELECT JSON_BUILD_OBJECT ('recordID', NULL::bigint,'entities', JSON_BUILD_OBJECT ('sysLoginSession_RefID', varSystemLoginSession::bigint,'sysDataAnnotation', NULL::varchar,'sysDataSetDateTimeTZ', NULL::timestamptz,'sysDataValidityStartDateTimeTZ', NULL::timestamptz,'sysDataValidityFinishDateTimeTZ', NULL::timestamptz,'sysPartitionRemovableRecordKey_RefID', NULL::bigint,'sysBranch_RefID', varInstitutionBranchID::bigint,'sysBaseCurrency_RefID',varBaseCurrencyID::bigint,'name', 'Arfianti Haryani'::varchar,'photo_Log_FileUpload_Pointer_RefID', null::bigint)))::varchar;
B57: Ari Priwarsono | C57: ari priwarsono | I57: =I56 + IF(EXACT(J57, ""), 0, 1) -> 25000000000054 | J57: =IF(EXACT(B57, ""), "", CONCATENATE("PERFORM ""SchData-OLTP-Master"".""Func_TblPerson_SET""(varSystemLoginSession, null::bigint, null::varchar, null::timestamptz, null::timestamptz, null::varchar, varInstitutionBranchID, varBaseCurrencyID, '", B57, "'::varchar, null::bigint);")) -> PERFORM "SchData-OLTP-Master"."Func_TblPerson_SET"(varSystemLoginSession, null::bigint, null::varchar, null::timestamptz, null::timestamptz, null::varchar, varInstitutionBranchID, varBaseCurrencyID, 'Ari Priwarsono'::varchar, null::bigint); | K57: =CONCATENATE( "varSQL := varSQL || (CASE WHEN (varSQL = '') THEN '' ELSE ', ' END) || (SELECT JSON_BUILD_OBJECT (", "'recordID', NULL::bigint,", "'entities', ", "JSON_BUILD_OBJECT (", "'sysLoginSession_RefID', varSystemLoginSession::bigint,", "'sysDataAnnotation', NULL::varchar,", "'sysDataSetDateTimeTZ', NULL::timestamptz,", "'sysDataValidityStartDateTimeTZ', NULL::timestamptz,", "'sysDataValidityFinishDateTimeTZ', NULL::timestamptz,", "'sysPartitionRemovableRecordKey_RefID', NULL::bigint,", "'sysBranch_RefID', varInstitutionBranchID::bigint,", "'sysBaseCurrency_RefID',varBaseCurrencyID::bigint,", "'name', ", IF(EXACT($B57, ""), "null", CONCATENATE("'", SUBSTITUTE($B57, "'", "\'"), "'")), "::varchar,", "'photo_Log_FileUpload_Pointer_RefID', ", IF(EXACT($D57, ""), "null", CONCATENATE("'", SUBSTITUTE($D57, "'", "\'"), "'")), "::bigint", ")))::varchar;") -> varSQL := varSQL || (CASE WHEN (varSQL = '') THEN '' ELSE ', ' END) || (SELECT JSON_BUILD_OBJECT ('recordID', NULL::bigint,'entities', JSON_BUILD_OBJECT ('sysLoginSession_RefID', varSystemLoginSession::bigint,'sysDataAnnotation', NULL::varchar,'sysDataSetDateTimeTZ', NULL::timestamptz,'sysDataValidityStartDateTimeTZ', NULL::timestamptz,'sysDataValidityFinishDateTimeTZ', NULL::timestamptz,'sysPartitionRemovableRecordKey_RefID', NULL::bigint,'sysBranch_RefID', varInstitutionBranchID::bigint,'sysBaseCurrency_RefID',varBaseCurrencyID::bigint,'name', 'Ari Priwarsono'::varchar,'photo_Log_FileUpload_Pointer_RefID', null::bigint)))::varchar;
B58: Ari Yuniasmono | C58: ari | I58: =I57 + IF(EXACT(J58, ""), 0, 1) -> 25000000000055 | J58: =IF(EXACT(B58, ""), "", CONCATENATE("PERFORM ""SchData-OLTP-Master"".""Func_TblPerson_SET""(varSystemLoginSession, null::bigint, null::varchar, null::timestamptz, null::timestamptz, null::varchar, varInstitutionBranchID, varBaseCurrencyID, '", B58, "'::varchar, null::bigint);")) -> PERFORM "SchData-OLTP-Master"."Func_TblPerson_SET"(varSystemLoginSession, null::bigint, null::varchar, null::timestamptz, null::timestamptz, null::varchar, varInstitutionBranchID, varBaseCurrencyID, 'Ari Yuniasmono'::varchar, null::bigint); | K58: =CONCATENATE( "varSQL := varSQL || (CASE WHEN (varSQL = '') THEN '' ELSE ', ' END) || (SELECT JSON_BUILD_OBJECT (", "'recordID', NULL::bigint,", "'entities', ", "JSON_BUILD_OBJECT (", "'sysLoginSession_RefID', varSystemLoginSession::bigint,", "'sysDataAnnotation', NULL::varchar,", "'sysDataSetDateTimeTZ', NULL::timestamptz,", "'sysDataValidityStartDateTimeTZ', NULL::timestamptz,", "'sysDataValidityFinishDateTimeTZ', NULL::timestamptz,", "'sysPartitionRemovableRecordKey_RefID', NULL::bigint,", "'sysBranch_RefID', varInstitutionBranchID::bigint,", "'sysBaseCurrency_RefID',varBaseCurrencyID::bigint,", "'name', ", IF(EXACT($B58, ""), "null", CONCATENATE("'", SUBSTITUTE($B58, "'", "\'"), "'")), "::varchar,", "'photo_Log_FileUpload_Pointer_RefID', ", IF(EXACT($D58, ""), "null", CONCATENATE("'", SUBSTITUTE($D58, "'", "\'"), "'")), "::bigint", ")))::varchar;") -> varSQL := varSQL || (CASE WHEN (varSQL = '') THEN '' ELSE ', ' END) || (SELECT JSON_BUILD_OBJECT ('recordID', NULL::bigint,'entities', JSON_BUILD_OBJECT ('sysLoginSession_RefID', varSystemLoginSession::bigint,'sysDataAnnotation', NULL::varchar,'sysDataSetDateTimeTZ', NULL::timestamptz,'sysDataValidityStartDateTimeTZ', NULL::timestamptz,'sysDataValidityFinishDateTimeTZ', NULL::timestamptz,'sysPartitionRemovableRecordKey_RefID', NULL::bigint,'sysBranch_RefID', varInstitutionBranchID::bigint,'sysBaseCurrency_RefID',varBaseCurrencyID::bigint,'name', 'Ari Yuniasmono'::varchar,'photo_Log_FileUpload_Pointer_RefID', null::bigint)))::varchar;
B59: Arif Gunawan | C59: arif | I59: =I58 + IF(EXACT(J59, ""), 0, 1) -> 25000000000056 | J59: =IF(EXACT(B59, ""), "", CONCATENATE("PERFORM ""SchData-OLTP-Master"".""Func_TblPerson_SET""(varSystemLoginSession, null::bigint, null::varchar, null::timestamptz, null::timestamptz, null::varchar, varInstitutionBranchID, varBaseCurrencyID, '", B59, "'::varchar, null::bigint);")) -> PERFORM "SchData-OLTP-Master"."Func_TblPerson_SET"(varSystemLoginSession, null::bigint, null::varchar, null::timestamptz, null::timestamptz, null::varchar, varInstitutionBranchID, varBaseCurrencyID, 'Arif Gunawan'::varchar, null::bigint); | K59: =CONCATENATE( "varSQL := varSQL || (CASE WHEN (varSQL = '') THEN '' ELSE ', ' END) || (SELECT JSON_BUILD_OBJECT (", "'recordID', NULL::bigint,", "'entities', ", "JSON_BUILD_OBJECT (", "'sysLoginSession_RefID', varSystemLoginSession::bigint,", "'sysDataAnnotation', NULL::varchar,", "'sysDataSetDateTimeTZ', NULL::timestamptz,", "'sysDataValidityStartDateTimeTZ', NULL::timestamptz,", "'sysDataValidityFinishDateTimeTZ', NULL::timestamptz,", "'sysPartitionRemovableRecordKey_RefID', NULL::bigint,", "'sysBranch_RefID', varInstitutionBranchID::bigint,", "'sysBaseCurrency_RefID',varBaseCurrencyID::bigint,", "'name', ", IF(EXACT($B59, ""), "null", CONCATENATE("'", SUBSTITUTE($B59, "'", "\'"), "'")), "::varchar,", "'photo_Log_FileUpload_Pointer_RefID', ", IF(EXACT($D59, ""), "null", CONCATENATE("'", SUBSTITUTE($D59, "'", "\'"), "'")), "::bigint", ")))::varchar;") -> varSQL := varSQL || (CASE WHEN (varSQL = '') THEN '' ELSE ', ' END) || (SELECT JSON_BUILD_OBJECT ('recordID', NULL::bigint,'entities', JSON_BUILD_OBJECT ('sysLoginSession_RefID', varSystemLoginSession::bigint,'sysDataAnnotation', NULL::varchar,'sysDataSetDateTimeTZ', NULL::timestamptz,'sysDataValidityStartDateTimeTZ', NULL::timestamptz,'sysDataValidityFinishDateTimeTZ', NULL::timestamptz,'sysPartitionRemovableRecordKey_RefID', NULL::bigint,'sysBranch_RefID', varInstitutionBranchID::bigint,'sysBaseCurrency_RefID',varBaseCurrencyID::bigint,'name', 'Arif Gunawan'::varchar,'photo_Log_FileUpload_Pointer_RefID', null::bigint)))::varchar;
B60: Arif Prasetyo | C60: arifp | I60: =I59 + IF(EXACT(J60, ""), 0, 1) -> 25000000000057 | J60: =IF(EXACT(B60, ""), "", CONCATENATE("PERFORM ""SchData-OLTP-Master"".""Func_TblPerson_SET""(varSystemLoginSession, null::bigint, null::varchar, null::timestamptz, null::timestamptz, null::varchar, varInstitutionBranchID, varBaseCurrencyID, '", B60, "'::varchar, null::bigint);")) -> PERFORM "SchData-OLTP-Master"."Func_TblPerson_SET"(varSystemLoginSession, null::bigint, null::varchar, null::timestamptz, null::timestamptz, null::varchar, varInstitutionBranchID, varBaseCurrencyID, 'Arif Prasetyo'::varchar, null::bigint); | K60: =CONCATENATE( "varSQL := varSQL || (CASE WHEN (varSQL = '') THEN '' ELSE ', ' END) || (SELECT JSON_BUILD_OBJECT (", "'recordID', NULL::bigint,", "'entities', ", "JSON_BUILD_OBJECT (", "'sysLoginSession_RefID', varSystemLoginSession::bigint,", "'sysDataAnnotation', NULL::varchar,", "'sysDataSetDateTimeTZ', NULL::timestamptz,", "'sysDataValidityStartDateTimeTZ', NULL::timestamptz,", "'sysDataValidityFinishDateTimeTZ', NULL::timestamptz,", "'sysPartitionRemovableRecordKey_RefID', NULL::bigint,", "'sysBranch_RefID', varInstitutionBranchID::bigint,", "'sysBaseCurrency_RefID',varBaseCurrencyID::bigint,", "'name', ", IF(EXACT($B60, ""), "null", CONCATENATE("'", SUBSTITUTE($B60, "'", "\'"), "'")), "::varchar,", "'photo_Log_FileUpload_Pointer_RefID', ", IF(EXACT($D60, ""), "null", CONCATENATE("'", SUBSTITUTE($D60, "'", "\'"), "'")), "::bigint", ")))::varchar;") -> varSQL := varSQL || (CASE WHEN (varSQL = '') THEN '' ELSE ', ' END) || (SELECT JSON_BUILD_OBJECT ('recordID', NULL::bigint,'entities', JSON_BUILD_OBJECT ('sysLoginSession_RefID', varSystemLoginSession::bigint,'sysDataAnnotation', NULL::varchar,'sysDataSetDateTimeTZ', NULL::timestamptz,'sysDataValidityStartDateTimeTZ', NULL::timestamptz,'sysDataValidityFinishDateTimeTZ', NULL::timestamptz,'sysPartitionRemovableRecordKey_RefID', NULL::bigint,'sysBranch_RefID', varInstitutionBranchID::bigint,'sysBaseCurrency_RefID',varBaseCurrencyID::bigint,'name', 'Arif Prasetyo'::varchar,'photo_Log_FileUpload_Pointer_RefID', null::bigint)))::varchar;
B61: Arini | C61: arini | I61: =I60 + IF(EXACT(J61, ""), 0, 1) -> 25000000000058 | J61: =IF(EXACT(B61, ""), "", CONCATENATE("PERFORM ""SchData-OLTP-Master"".""Func_TblPerson_SET""(varSystemLoginSession, null::bigint, null::varchar, null::timestamptz, null::timestamptz, null::varchar, varInstitutionBranchID, varBaseCurrencyID, '", B61, "'::varchar, null::bigint);")) -> PERFORM "SchData-OLTP-Master"."Func_TblPerson_SET"(varSystemLoginSession, null::bigint, null::varchar, null::timestamptz, null::timestamptz, null::varchar, varInstitutionBranchID, varBaseCurrencyID, 'Arini'::varchar, null::bigint); | K61: =CONCATENATE( "varSQL := varSQL || (CASE WHEN (varSQL = '') THEN '' ELSE ', ' END) || (SELECT JSON_BUILD_OBJECT (", "'recordID', NULL::bigint,", "'entities', ", "JSON_BUILD_OBJECT (", "'sysLoginSession_RefID', varSystemLoginSession::bigint,", "'sysDataAnnotation', NULL::varchar,", "'sysDataSetDateTimeTZ', NULL::timestamptz,", "'sysDataValidityStartDateTimeTZ', NULL::timestamptz,", "'sysDataValidityFinishDateTimeTZ', NULL::timestamptz,", "'sysPartitionRemovableRecordKey_RefID', NULL::bigint,", "'sysBranch_RefID', varInstitutionBranchID::bigint,", "'sysBaseCurrency_RefID',varBaseCurrencyID::bigint,", "'name', ", IF(EXACT($B61, ""), "null", CONCATENATE("'", SUBSTITUTE($B61, "'", "\'"), "'")), "::varchar,", "'photo_Log_FileUpload_Pointer_RefID', ", IF(EXACT($D61, ""), "null", CONCATENATE("'", SUBSTITUTE($D61, "'", "\'"), "'")), "::bigint", ")))::varchar;") -> varSQL := varSQL || (CASE WHEN (varSQL = '') THEN '' ELSE ', ' END) || (SELECT JSON_BUILD_OBJECT ('recordID', NULL::bigint,'entities', JSON_BUILD_OBJECT ('sysLoginSession_RefID', varSystemLoginSession::bigint,'sysDataAnnotation', NULL::varchar,'sysDataSetDateTimeTZ', NULL::timestamptz,'sysDataValidityStartDateTimeTZ', NULL::timestamptz,'sysDataValidityFinishDateTimeTZ', NULL::timestamptz,'sysPartitionRemovableRecordKey_RefID', NULL::bigint,'sysBranch_RefID', varInstitutionBranchID::bigint,'sysBaseCurrency_RefID',varBaseCurrencyID::bigint,'name', 'Arini'::varchar,'photo_Log_FileUpload_Pointer_RefID', null::bigint)))::varchar;
B62: Ario Setyo Gunawan | C62: ariosg | I62: =I61 + IF(EXACT(J62, ""), 0, 1) -> 25000000000059 | J62: =IF(EXACT(B62, ""), "", CONCATENATE("PERFORM ""SchData-OLTP-Master"".""Func_TblPerson_SET""(varSystemLoginSession, null::bigint, null::varchar, null::timestamptz, null::timestamptz, null::varchar, varInstitutionBranchID, varBaseCurrencyID, '", B62, "'::varchar, null::bigint);")) -> PERFORM "SchData-OLTP-Master"."Func_TblPerson_SET"(varSystemLoginSession, null::bigint, null::varchar, null::timestamptz, null::timestamptz, null::varchar, varInstitutionBranchID, varBaseCurrencyID, 'Ario Setyo Gunawan'::varchar, null::bigint); | K62: =CONCATENATE( "varSQL := varSQL || (CASE WHEN (varSQL = '') THEN '' ELSE ', ' END) || (SELECT JSON_BUILD_OBJECT (", "'recordID', NULL::bigint,", "'entities', ", "JSON_BUILD_OBJECT (", "'sysLoginSession_RefID', varSystemLoginSession::bigint,", "'sysDataAnnotation', NULL::varchar,", "'sysDataSetDateTimeTZ', NULL::timestamptz,", "'sysDataValidityStartDateTimeTZ', NULL::timestamptz,", "'sysDataValidityFinishDateTimeTZ', NULL::timestamptz,", "'sysPartitionRemovableRecordKey_RefID', NULL::bigint,", "'sysBranch_RefID', varInstitutionBranchID::bigint,", "'sysBaseCurrency_RefID',varBaseCurrencyID::bigint,", "'name', ", IF(EXACT($B62, ""), "null", CONCATENATE("'", SUBSTITUTE($B62, "'", "\'"), "'")), "::varchar,", "'photo_Log_FileUpload_Pointer_RefID', ", IF(EXACT($D62, ""), "null", CONCATENATE("'", SUBSTITUTE($D62, "'", "\'"), "'")), "::bigint", ")))::varchar;") -> varSQL := varSQL || (CASE WHEN (varSQL = '') THEN '' ELSE ', ' END) || (SELECT JSON_BUILD_OBJECT ('recordID', NULL::bigint,'entities', JSON_BUILD_OBJECT ('sysLoginSession_RefID', varSystemLoginSession::bigint,'sysDataAnnotation', NULL::varchar,'sysDataSetDateTimeTZ', NULL::timestamptz,'sysDataValidityStartDateTimeTZ', NULL::timestamptz,'sysDataValidityFinishDateTimeTZ', NULL::timestamptz,'sysPartitionRemovableRecordKey_RefID', NULL::bigint,'sysBranch_RefID', varInstitutionBranchID::bigint,'sysBaseCurrency_RefID',varBaseCurrencyID::bigint,'name', 'Ario Setyo Gunawan'::varchar,'photo_Log_FileUpload_Pointer_RefID', null::bigint)))::varchar;
B63: Ario Yulianto Wibowo | C63: ario.yulianto | I63: =I62 + IF(EXACT(J63, ""), 0, 1) -> 25000000000060 | J63: =IF(EXACT(B63, ""), "", CONCATENATE("PERFORM ""SchData-OLTP-Master"".""Func_TblPerson_SET""(varSystemLoginSession, null::bigint, null::varchar, null::timestamptz, null::timestamptz, null::varchar, varInstitutionBranchID, varBaseCurrencyID, '", B63, "'::varchar, null::bigint);")) -> PERFORM "SchData-OLTP-Master"."Func_TblPerson_SET"(varSystemLoginSession, null::bigint, null::varchar, null::timestamptz, null::timestamptz, null::varchar, varInstitutionBranchID, varBaseCurrencyID, 'Ario Yulianto Wibowo'::varchar, null::bigint); | K63: =CONCATENATE( "varSQL := varSQL || (CASE WHEN (varSQL = '') THEN '' ELSE ', ' END) || (SELECT JSON_BUILD_OBJECT (", "'recordID', NULL::bigint,", "'entities', ", "JSON_BUILD_OBJECT (", "'sysLoginSession_RefID', varSystemLoginSession::bigint,", "'sysDataAnnotation', NULL::varchar,", "'sysDataSetDateTimeTZ', NULL::timestamptz,", "'sysDataValidityStartDateTimeTZ', NULL::timestamptz,", "'sysDataValidityFinishDateTimeTZ', NULL::timestamptz,", "'sysPartitionRemovableRecordKey_RefID', NULL::bigint,", "'sysBranch_RefID', varInstitutionBranchID::bigint,", "'sysBaseCurrency_RefID',varBaseCurrencyID::bigint,", "'name', ", IF(EXACT($B63, ""), "null", CONCATENATE("'", SUBSTITUTE($B63, "'", "\'"), "'")), "::varchar,", "'photo_Log_FileUpload_Pointer_RefID', ", IF(EXACT($D63, ""), "null", CONCATENATE("'", SUBSTITUTE($D63, "'", "\'"), "'")), "::bigint", ")))::varchar;") -> varSQL := varSQL || (CASE WHEN (varSQL = '') THEN '' ELSE ', ' END) || (SELECT JSON_BUILD_OBJECT ('recordID', NULL::bigint,'entities', JSON_BUILD_OBJECT ('sysLoginSession_RefID', varSystemLoginSession::bigint,'sysDataAnnotation', NULL::varchar,'sysDataSetDateTimeTZ', NULL::timestamptz,'sysDataValidityStartDateTimeTZ', NULL::timestamptz,'sysDataValidityFinishDateTimeTZ', NULL::timestamptz,'sysPartitionRemovableRecordKey_RefID', NULL::bigint,'sysBranch_RefID', varInstitutionBranchID::bigint,'sysBaseCurrency_RefID',varBaseCurrencyID::bigint,'name', 'Ario Yulianto Wibowo'::varchar,'photo_Log_FileUpload_Pointer_RefID', null::bigint)))::varchar;
B64: Aris Widodo Pamungkas | C64: Aris | I64: =I63 + IF(EXACT(J64, ""), 0, 1) -> 25000000000061 | J64: =IF(EXACT(B64, ""), "", CONCATENATE("PERFORM ""SchData-OLTP-Master"".""Func_TblPerson_SET""(varSystemLoginSession, null::bigint, null::varchar, null::timestamptz, null::timestamptz, null::varchar, varInstitutionBranchID, varBaseCurrencyID, '", B64, "'::varchar, null::bigint);")) -> PERFORM "SchData-OLTP-Master"."Func_TblPerson_SET"(varSystemLoginSession, null::bigint, null::varchar, null::timestamptz, null::timestamptz, null::varchar, varInstitutionBranchID, varBaseCurrencyID, 'Aris Widodo Pamungkas'::varchar, null::bigint); | K64: =CONCATENATE( "varSQL := varSQL || (CASE WHEN (varSQL = '') THEN '' ELSE ', ' END) || (SELECT JSON_BUILD_OBJECT (", "'recordID', NULL::bigint,", "'entities', ", "JSON_BUILD_OBJECT (", "'sysLoginSession_RefID', varSystemLoginSession::bigint,", "'sysDataAnnotation', NULL::varchar,", "'sysDataSetDateTimeTZ', NULL::timestamptz,", "'sysDataValidityStartDateTimeTZ', NULL::timestamptz,", "'sysDataValidityFinishDateTimeTZ', NULL::timestamptz,", "'sysPartitionRemovableRecordKey_RefID', NULL::bigint,", "'sysBranch_RefID', varInstitutionBranchID::bigint,", "'sysBaseCurrency_RefID',varBaseCurrencyID::bigint,", "'name', ", IF(EXACT($B64, ""), "null", CONCATENATE("'", SUBSTITUTE($B64, "'", "\'"), "'")), "::varchar,", "'photo_Log_FileUpload_Pointer_RefID', ", IF(EXACT($D64, ""), "null", CONCATENATE("'", SUBSTITUTE($D64, "'", "\'"), "'")), "::bigint", ")))::varchar;") -> varSQL := varSQL || (CASE WHEN (varSQL = '') THEN '' ELSE ', ' END) || (SELECT JSON_BUILD_OBJECT ('recordID', NULL::bigint,'entities', JSON_BUILD_OBJECT ('sysLoginSession_RefID', varSystemLoginSession::bigint,'sysDataAnnotation', NULL::varchar,'sysDataSetDateTimeTZ', NULL::timestamptz,'sysDataValidityStartDateTimeTZ', NULL::timestamptz,'sysDataValidityFinishDateTimeTZ', NULL::timestamptz,'sysPartitionRemovableRecordKey_RefID', NULL::bigint,'sysBranch_RefID', varInstitutionBranchID::bigint,'sysBaseCurrency_RefID',varBaseCurrencyID::bigint,'name', 'Aris Widodo Pamungkas'::varchar,'photo_Log_FileUpload_Pointer_RefID', null::bigint)))::varchar;
B65: Arjiyanto | C65: arjiyanto | I65: =I64 + IF(EXACT(J65, ""), 0, 1) -> 25000000000062 | J65: =IF(EXACT(B65, ""), "", CONCATENATE("PERFORM ""SchData-OLTP-Master"".""Func_TblPerson_SET""(varSystemLoginSession, null::bigint, null::varchar, null::timestamptz, null::timestamptz, null::varchar, varInstitutionBranchID, varBaseCurrencyID, '", B65, "'::varchar, null::bigint);")) -> PERFORM "SchData-OLTP-Master"."Func_TblPerson_SET"(varSystemLoginSession, null::bigint, null::varchar, null::timestamptz, null::timestamptz, null::varchar, varInstitutionBranchID, varBaseCurrencyID, 'Arjiyanto'::varchar, null::bigint); | K65: =CONCATENATE( "varSQL := varSQL || (CASE WHEN (varSQL = '') THEN '' ELSE ', ' END) || (SELECT JSON_BUILD_OBJECT (", "'recordID', NULL::bigint,", "'entities', ", "JSON_BUILD_OBJECT (", "'sysLoginSession_RefID', varSystemLoginSession::bigint,", "'sysDataAnnotation', NULL::varchar,", "'sysDataSetDateTimeTZ', NULL::timestamptz,", "'sysDataValidityStartDateTimeTZ', NULL::timestamptz,", "'sysDataValidityFinishDateTimeTZ', NULL::timestamptz,", "'sysPartitionRemovableRecordKey_RefID', NULL::bigint,", "'sysBranch_RefID', varInstitutionBranchID::bigint,", "'sysBaseCurrency_RefID',varBaseCurrencyID::bigint,", "'name', ", IF(EXACT($B65, ""), "null", CONCATENATE("'", SUBSTITUTE($B65, "'", "\'"), "'")), "::varchar,", "'photo_Log_FileUpload_Pointer_RefID', ", IF(EXACT($D65, ""), "null", CONCATENATE("'", SUBSTITUTE($D65, "'", "\'"), "'")), "::bigint", ")))::varchar;") -> varSQL := varSQL || (CASE WHEN (varSQL = '') THEN '' ELSE ', ' END) || (SELECT JSON_BUILD_OBJECT ('recordID', NULL::bigint,'entities', JSON_BUILD_OBJECT ('sysLoginSession_RefID', varSystemLoginSession::bigint,'sysDataAnnotation', NULL::varchar,'sysDataSetDateTimeTZ', NULL::timestamptz,'sysDataValidityStartDateTimeTZ', NULL::timestamptz,'sysDataValidityFinishDateTimeTZ', NULL::timestamptz,'sysPartitionRemovableRecordKey_RefID', NULL::bigint,'sysBranch_RefID', varInstitutionBranchID::bigint,'sysBaseCurrency_RefID',varBaseCurrencyID::bigint,'name', 'Arjiyanto'::varchar,'photo_Log_FileUpload_Pointer_RefID', null::bigint)))::varchar;
B66: Arman | C66: Arman | I66: =I65 + IF(EXACT(J66, ""), 0, 1) -> 25000000000063 | J66: =IF(EXACT(B66, ""), "", CONCATENATE("PERFORM ""SchData-OLTP-Master"".""Func_TblPerson_SET""(varSystemLoginSession, null::bigint, null::varchar, null::timestamptz, null::timestamptz, null::varchar, varInstitutionBranchID, varBaseCurrencyID, '", B66, "'::varchar, null::bigint);")) -> PERFORM "SchData-OLTP-Master"."Func_TblPerson_SET"(varSystemLoginSession, null::bigint, null::varchar, null::timestamptz, null::timestamptz, null::varchar, varInstitutionBranchID, varBaseCurrencyID, 'Arman'::varchar, null::bigint); | K66: =CONCATENATE( "varSQL := varSQL || (CASE WHEN (varSQL = '') THEN '' ELSE ', ' END) || (SELECT JSON_BUILD_OBJECT (", "'recordID', NULL::bigint,", "'entities', ", "JSON_BUILD_OBJECT (", "'sysLoginSession_RefID', varSystemLoginSession::bigint,", "'sysDataAnnotation', NULL::varchar,", "'sysDataSetDateTimeTZ', NULL::timestamptz,", "'sysDataValidityStartDateTimeTZ', NULL::timestamptz,", "'sysDataValidityFinishDateTimeTZ', NULL::timestamptz,", "'sysPartitionRemovableRecordKey_RefID', NULL::bigint,", "'sysBranch_RefID', varInstitutionBranchID::bigint,", "'sysBaseCurrency_RefID',varBaseCurrencyID::bigint,", "'name', ", IF(EXACT($B66, ""), "null", CONCATENATE("'", SUBSTITUTE($B66, "'", "\'"), "'")), "::varchar,", "'photo_Log_FileUpload_Pointer_RefID', ", IF(EXACT($D66, ""), "null", CONCATENATE("'", SUBSTITUTE($D66, "'", "\'"), "'")), "::bigint", ")))::varchar;") -> varSQL := varSQL || (CASE WHEN (varSQL = '') THEN '' ELSE ', ' END) || (SELECT JSON_BUILD_OBJECT ('recordID', NULL::bigint,'entities', JSON_BUILD_OBJECT ('sysLoginSession_RefID', varSystemLoginSession::bigint,'sysDataAnnotation', NULL::varchar,'sysDataSetDateTimeTZ', NULL::timestamptz,'sysDataValidityStartDateTimeTZ', NULL::timestamptz,'sysDataValidityFinishDateTimeTZ', NULL::timestamptz,'sysPartitionRemovableRecordKey_RefID', NULL::bigint,'sysBranch_RefID', varInstitutionBranchID::bigint,'sysBaseCurrency_RefID',varBaseCurrencyID::bigint,'name', 'Arman'::varchar,'photo_Log_FileUpload_Pointer_RefID', null::bigint)))::varchar;
... B77: Bela Retmalantika | C77: bela | I77: =I76 + IF(EXACT(J77, ""), 0, 1) -> 25000000000074 | J77: =IF(EXACT(B77, ""), "", CONCATENATE("PERFORM ""SchData-OLTP-Master"".""Func_TblPerson_SET""(varSystemLoginSession, null::bigint, null::varchar, null::timestamptz, null::timestamptz, null::varchar, varInstitutionBranchID, varBaseCurrencyID, '", B77, "'::varchar, null::bigint);")) -> PERFORM "SchData-OLTP-Master"."Func_TblPerson_SET"(varSystemLoginSession, null::bigint, null::varchar, null::timestamptz, null::timestamptz, null::varchar, varInstitutionBranchID, varBaseCurrencyID, 'Bela Retmalantika'::varchar, null::bigint); | K77: =CONCATENATE( "varSQL := varSQL || (CASE WHEN (varSQL = '') THEN '' ELSE ', ' END) || (SELECT JSON_BUILD_OBJECT (", "'recordID', NULL::bigint,", "'entities', ", "JSON_BUILD_OBJECT (", "'sysLoginSession_RefID', varSystemLoginSession::bigint,", "'sysDataAnnotation', NULL::varchar,", "'sysDataSetDateTimeTZ', NULL::timestamptz,", "'sysDataValidityStartDateTimeTZ', NULL::timestamptz,", "'sysDataValidityFinishDateTimeTZ', NULL::timestamptz,", "'sysPartitionRemovableRecordKey_RefID', NULL::bigint,", "'sysBranch_RefID', varInstitutionBranchID::bigint,", "'sysBaseCurrency_RefID',varBaseCurrencyID::bigint,", "'name', ", IF(EXACT($B77, ""), "null", CONCATENATE("'", SUBSTITUTE($B77, "'", "\'"), "'")), "::varchar,", "'photo_Log_FileUpload_Pointer_RefID', ", IF(EXACT($D77, ""), "null", CONCATENATE("'", SUBSTITUTE($D77, "'", "\'"), "'")), "::bigint", ")))::varchar;") -> varSQL := varSQL || (CASE WHEN (varSQL = '') THEN '' ELSE ', ' END) || (SELECT JSON_BUILD_OBJECT ('recordID', NULL::bigint,'entities', JSON_BUILD_OBJECT ('sysLoginSession_RefID', varSystemLoginSession::bigint,'sysDataAnnotation', NULL::varchar,'sysDataSetDateTimeTZ', NULL::timestamptz,'sysDataValidityStartDateTimeTZ', NULL::timestamptz,'sysDataValidityFinishDateTimeTZ', NULL::timestamptz,'sysPartitionRemovableRecordKey_RefID', NULL::bigint,'sysBranch_RefID', varInstitutionBranchID::bigint,'sysBaseCurrency_RefID',varBaseCurrencyID::bigint,'name', 'Bela Retmalantika'::varchar,'photo_Log_FileUpload_Pointer_RefID', null::bigint)))::varchar;
B78: Belina Lindarwani | C78: belina.lindarwani | E78: 3276045103940005 | I78: =I77 + IF(EXACT(J78, ""), 0, 1) -> 25000000000075 | J78: =IF(EXACT(B78, ""), "", CONCATENATE("PERFORM ""SchData-OLTP-Master"".""Func_TblPerson_SET""(varSystemLoginSession, null::bigint, null::varchar, null::timestamptz, null::timestamptz, null::varchar, varInstitutionBranchID, varBaseCurrencyID, '", B78, "'::varchar, null::bigint);")) -> PERFORM "SchData-OLTP-Master"."Func_TblPerson_SET"(varSystemLoginSession, null::bigint, null::varchar, null::timestamptz, null::timestamptz, null::varchar, varInstitutionBranchID, varBaseCurrencyID, 'Belina Lindarwani'::varchar, null::bigint); | K78: =CONCATENATE( "varSQL := varSQL || (CASE WHEN (varSQL = '') THEN '' ELSE ', ' END) || (SELECT JSON_BUILD_OBJECT (", "'recordID', NULL::bigint,", "'entities', ", "JSON_BUILD_OBJECT (", "'sysLoginSession_RefID', varSystemLoginSession::bigint,", "'sysDataAnnotation', NULL::varchar,", "'sysDataSetDateTimeTZ', NULL::timestamptz,", "'sysDataValidityStartDateTimeTZ', NULL::timestamptz,", "'sysDataValidityFinishDateTimeTZ', NULL::timestamptz,", "'sysPartitionRemovableRecordKey_RefID', NULL::bigint,", "'sysBranch_RefID', varInstitutionBranchID::bigint,", "'sysBaseCurrency_RefID',varBaseCurrencyID::bigint,", "'name', ", IF(EXACT($B78, ""), "null", CONCATENATE("'", SUBSTITUTE($B78, "'", "\'"), "'")), "::varchar,", "'photo_Log_FileUpload_Pointer_RefID', ", IF(EXACT($D78, ""), "null", CONCATENATE("'", SUBSTITUTE($D78, "'", "\'"), "'")), "::bigint", ")))::varchar;") -> varSQL := varSQL || (CASE WHEN (varSQL = '') THEN '' ELSE ', ' END) || (SELECT JSON_BUILD_OBJECT ('recordID', NULL::bigint,'entities', JSON_BUILD_OBJECT ('sysLoginSession_RefID', varSystemLoginSession::bigint,'sysDataAnnotation', NULL::varchar,'sysDataSetDateTimeTZ', NULL::timestamptz,'sysDataValidityStartDateTimeTZ', NULL::timestamptz,'sysDataValidityFinishDateTimeTZ', NULL::timestamptz,'sysPartitionRemovableRecordKey_RefID', NULL::bigint,'sysBranch_RefID', varInstitutionBranchID::bigint,'sysBaseCurrency_RefID',varBaseCurrencyID::bigint,'name', 'Belina Lindarwani'::varchar,'photo_Log_FileUpload_Pointer_RefID', null::bigint)))::varchar;
B79: Benita Sofia | C79: benita | I79: =I78 + IF(EXACT(J79, ""), 0, 1) -> 25000000000076 | J79: =IF(EXACT(B79, ""), "", CONCATENATE("PERFORM ""SchData-OLTP-Master"".""Func_TblPerson_SET""(varSystemLoginSession, null::bigint, null::varchar, null::timestamptz, null::timestamptz, null::varchar, varInstitutionBranchID, varBaseCurrencyID, '", B79, "'::varchar, null::bigint);")) -> PERFORM "SchData-OLTP-Master"."Func_TblPerson_SET"(varSystemLoginSession, null::bigint, null::varchar, null::timestamptz, null::timestamptz, null::varchar, varInstitutionBranchID, varBaseCurrencyID, 'Benita Sofia'::varchar, null::bigint); | K79: =CONCATENATE( "varSQL := varSQL || (CASE WHEN (varSQL = '') THEN '' ELSE ', ' END) || (SELECT JSON_BUILD_OBJECT (", "'recordID', NULL::bigint,", "'entities', ", "JSON_BUILD_OBJECT (", "'sysLoginSession_RefID', varSystemLoginSession::bigint,", "'sysDataAnnotation', NULL::varchar,", "'sysDataSetDateTimeTZ', NULL::timestamptz,", "'sysDataValidityStartDateTimeTZ', NULL::timestamptz,", "'sysDataValidityFinishDateTimeTZ', NULL::timestamptz,", "'sysPartitionRemovableRecordKey_RefID', NULL::bigint,", "'sysBranch_RefID', varInstitutionBranchID::bigint,", "'sysBaseCurrency_RefID',varBaseCurrencyID::bigint,", "'name', ", IF(EXACT($B79, ""), "null", CONCATENATE("'", SUBSTITUTE($B79, "'", "\'"), "'")), "::varchar,", "'photo_Log_FileUpload_Pointer_RefID', ", IF(EXACT($D79, ""), "null", CONCATENATE("'", SUBSTITUTE($D79, "'", "\'"), "'")), "::bigint", ")))::varchar;") -> varSQL := varSQL || (CASE WHEN (varSQL = '') THEN '' ELSE ', ' END) || (SELECT JSON_BUILD_OBJECT ('recordID', NULL::bigint,'entities', JSON_BUILD_OBJECT ('sysLoginSession_RefID', varSystemLoginSession::bigint,'sysDataAnnotation', NULL::varchar,'sysDataSetDateTimeTZ', NULL::timestamptz,'sysDataValidityStartDateTimeTZ', NULL::timestamptz,'sysDataValidityFinishDateTimeTZ', NULL::timestamptz,'sysPartitionRemovableRecordKey_RefID', NULL::bigint,'sysBranch_RefID', varInstitutionBranchID::bigint,'sysBaseCurrency_RefID',varBaseCurrencyID::bigint,'name', 'Benita Sofia'::varchar,'photo_Log_FileUpload_Pointer_RefID', null::bigint)))::varchar;
B80: Bherly Novrandy | C80: bherly | I80: =I79 + IF(EXACT(J80, ""), 0, 1) -> 25000000000077 | J80: =IF(EXACT(B80, ""), "", CONCATENATE("PERFORM ""SchData-OLTP-Master"".""Func_TblPerson_SET""(varSystemLoginSession, null::bigint, null::varchar, null::timestamptz, null::timestamptz, null::varchar, varInstitutionBranchID, varBaseCurrencyID, '", B80, "'::varchar, null::bigint);")) -> PERFORM "SchData-OLTP-Master"."Func_TblPerson_SET"(varSystemLoginSession, null::bigint, null::varchar, null::timestamptz, null::timestamptz, null::varchar, varInstitutionBranchID, varBaseCurrencyID, 'Bherly Novrandy'::varchar, null::bigint); | K80: =CONCATENATE( "varSQL := varSQL || (CASE WHEN (varSQL = '') THEN '' ELSE ', ' END) || (SELECT JSON_BUILD_OBJECT (", "'recordID', NULL::bigint,", "'entities', ", "JSON_BUILD_OBJECT (", "'sysLoginSession_RefID', varSystemLoginSession::bigint,", "'sysDataAnnotation', NULL::varchar,", "'sysDataSetDateTimeTZ', NULL::timestamptz,", "'sysDataValidityStartDateTimeTZ', NULL::timestamptz,", "'sysDataValidityFinishDateTimeTZ', NULL::timestamptz,", "'sysPartitionRemovableRecordKey_RefID', NULL::bigint,", "'sysBranch_RefID', varInstitutionBranchID::bigint,", "'sysBaseCurrency_RefID',varBaseCurrencyID::bigint,", "'name', ", IF(EXACT($B80, ""), "null", CONCATENATE("'", SUBSTITUTE($B80, "'", "\'"), "'")), "::varchar,", "'photo_Log_FileUpload_Pointer_RefID', ", IF(EXACT($D80, ""), "null", CONCATENATE("'", SUBSTITUTE($D80, "'", "\'"), "'")), "::bigint", ")))::varchar;") -> varSQL := varSQL || (CASE WHEN (varSQL = '') THEN '' ELSE ', ' END) || (SELECT JSON_BUILD_OBJECT ('recordID', NULL::bigint,'entities', JSON_BUILD_OBJECT ('sysLoginSession_RefID', varSystemLoginSession::bigint,'sysDataAnnotation', NULL::varchar,'sysDataSetDateTimeTZ', NULL::timestamptz,'sysDataValidityStartDateTimeTZ', NULL::timestamptz,'sysDataValidityFinishDateTimeTZ', NULL::timestamptz,'sysPartitionRemovableRecordKey_RefID', NULL::bigint,'sysBranch_RefID', varInstitutionBranchID::bigint,'sysBaseCurrency_RefID',varBaseCurrencyID::bigint,'name', 'Bherly Novrandy'::varchar,'photo_Log_FileUpload_Pointer_RefID', null::bigint)))::varchar;
B81: Binsar | C81: binsar | I81: =I80 + IF(EXACT(J81, ""), 0, 1) -> 25000000000078 | J81: =IF(EXACT(B81, ""), "", CONCATENATE("PERFORM ""SchData-OLTP-Master"".""Func_TblPerson_SET""(varSystemLoginSession, null::bigint, null::varchar, null::timestamptz, null::timestamptz, null::varchar, varInstitutionBranchID, varBaseCurrencyID, '", B81, "'::varchar, null::bigint);")) -> PERFORM "SchData-OLTP-Master"."Func_TblPerson_SET"(varSystemLoginSession, null::bigint, null::varchar, null::timestamptz, null::timestamptz, null::varchar, varInstitutionBranchID, varBaseCurrencyID, 'Binsar'::varchar, null::bigint); | K81: =CONCATENATE( "varSQL := varSQL || (CASE WHEN (varSQL = '') THEN '' ELSE ', ' END) || (SELECT JSON_BUILD_OBJECT (", "'recordID', NULL::bigint,", "'entities', ", "JSON_BUILD_OBJECT (", "'sysLoginSession_RefID', varSystemLoginSession::bigint,", "'sysDataAnnotation', NULL::varchar,", "'sysDataSetDateTimeTZ', NULL::timestamptz,", "'sysDataValidityStartDateTimeTZ', NULL::timestamptz,", "'sysDataValidityFinishDateTimeTZ', NULL::timestamptz,", "'sysPartitionRemovableRecordKey_RefID', NULL::bigint,", "'sysBranch_RefID', varInstitutionBranchID::bigint,", "'sysBaseCurrency_RefID',varBaseCurrencyID::bigint,", "'name', ", IF(EXACT($B81, ""), "null", CONCATENATE("'", SUBSTITUTE($B81, "'", "\'"), "'")), "::varchar,", "'photo_Log_FileUpload_Pointer_RefID', ", IF(EXACT($D81, ""), "null", CONCATENATE("'", SUBSTITUTE($D81, "'", "\'"), "'")), "::bigint", ")))::varchar;") -> varSQL := varSQL || (CASE WHEN (varSQL = '') THEN '' ELSE ', ' END) || (SELECT JSON_BUILD_OBJECT ('recordID', NULL::bigint,'entities', JSON_BUILD_OBJECT ('sysLoginSession_RefID', varSystemLoginSession::bigint,'sysDataAnnotation', NULL::varchar,'sysDataSetDateTimeTZ', NULL::timestamptz,'sysDataValidityStartDateTimeTZ', NULL::timestamptz,'sysDataValidityFinishDateTimeTZ', NULL::timestamptz,'sysPartitionRemovableRecordKey_RefID', NULL::bigint,'sysBranch_RefID', varInstitutionBranchID::bigint,'sysBaseCurrency_RefID',varBaseCurrencyID::bigint,'name', 'Binsar'::varchar,'photo_Log_FileUpload_Pointer_RefID', null::bigint)))::varchar;
B82: Bondhan Sosiarta | C82: bondhan | I82: =I81 + IF(EXACT(J82, ""), 0, 1) -> 25000000000079 | J82: =IF(EXACT(B82, ""), "", CONCATENATE("PERFORM ""SchData-OLTP-Master"".""Func_TblPerson_SET""(varSystemLoginSession, null::bigint, null::varchar, null::timestamptz, null::timestamptz, null::varchar, varInstitutionBranchID, varBaseCurrencyID, '", B82, "'::varchar, null::bigint);")) -> PERFORM "SchData-OLTP-Master"."Func_TblPerson_SET"(varSystemLoginSession, null::bigint, null::varchar, null::timestamptz, null::timestamptz, null::varchar, varInstitutionBranchID, varBaseCurrencyID, 'Bondhan Sosiarta'::varchar, null::bigint); | K82: =CONCATENATE( "varSQL := varSQL || (CASE WHEN (varSQL = '') THEN '' ELSE ', ' END) || (SELECT JSON_BUILD_OBJECT (", "'recordID', NULL::bigint,", "'entities', ", "JSON_BUILD_OBJECT (", "'sysLoginSession_RefID', varSystemLoginSession::bigint,", "'sysDataAnnotation', NULL::varchar,", "'sysDataSetDateTimeTZ', NULL::timestamptz,", "'sysDataValidityStartDateTimeTZ', NULL::timestamptz,", "'sysDataValidityFinishDateTimeTZ', NULL::timestamptz,", "'sysPartitionRemovableRecordKey_RefID', NULL::bigint,", "'sysBranch_RefID', varInstitutionBranchID::bigint,", "'sysBaseCurrency_RefID',varBaseCurrencyID::bigint,", "'name', ", IF(EXACT($B82, ""), "null", CONCATENATE("'", SUBSTITUTE($B82, "'", "\'"), "'")), "::varchar,", "'photo_Log_FileUpload_Pointer_RefID', ", IF(EXACT($D82, ""), "null", CONCATENATE("'", SUBSTITUTE($D82, "'", "\'"), "'")), "::bigint", ")))::varchar;") -> varSQL := varSQL || (CASE WHEN (varSQL = '') THEN '' ELSE ', ' END) || (SELECT JSON_BUILD_OBJECT ('recordID', NULL::bigint,'entities', JSON_BUILD_OBJECT ('sysLoginSession_RefID', varSystemLoginSession::bigint,'sysDataAnnotation', NULL::varchar,'sysDataSetDateTimeTZ', NULL::timestamptz,'sysDataValidityStartDateTimeTZ', NULL::timestamptz,'sysDataValidityFinishDateTimeTZ', NULL::timestamptz,'sysPartitionRemovableRecordKey_RefID', NULL::bigint,'sysBranch_RefID', varInstitutionBranchID::bigint,'sysBaseCurrency_RefID',varBaseCurrencyID::bigint,'name', 'Bondhan Sosiarta'::varchar,'photo_Log_FileUpload_Pointer_RefID', null::bigint)))::varchar;
B83: Budi Pranata Sinaga | C83: budip | I83: =I82 + IF(EXACT(J83, ""), 0, 1) -> 25000000000080 | J83: =IF(EXACT(B83, ""), "", CONCATENATE("PERFORM ""SchData-OLTP-Master"".""Func_TblPerson_SET""(varSystemLoginSession, null::bigint, null::varchar, null::timestamptz, null::timestamptz, null::varchar, varInstitutionBranchID, varBaseCurrencyID, '", B83, "'::varchar, null::bigint);")) -> PERFORM "SchData-OLTP-Master"."Func_TblPerson_SET"(varSystemLoginSession, null::bigint, null::varchar, null::timestamptz, null::timestamptz, null::varchar, varInstitutionBranchID, varBaseCurrencyID, 'Budi Pranata Sinaga'::varchar, null::bigint); | K83: =CONCATENATE( "varSQL := varSQL || (CASE WHEN (varSQL = '') THEN '' ELSE ', ' END) || (SELECT JSON_BUILD_OBJECT (", "'recordID', NULL::bigint,", "'entities', ", "JSON_BUILD_OBJECT (", "'sysLoginSession_RefID', varSystemLoginSession::bigint,", "'sysDataAnnotation', NULL::varchar,", "'sysDataSetDateTimeTZ', NULL::timestamptz,", "'sysDataValidityStartDateTimeTZ', NULL::timestamptz,", "'sysDataValidityFinishDateTimeTZ', NULL::timestamptz,", "'sysPartitionRemovableRecordKey_RefID', NULL::bigint,", "'sysBranch_RefID', varInstitutionBranchID::bigint,", "'sysBaseCurrency_RefID',varBaseCurrencyID::bigint,", "'name', ", IF(EXACT($B83, ""), "null", CONCATENATE("'", SUBSTITUTE($B83, "'", "\'"), "'")), "::varchar,", "'photo_Log_FileUpload_Pointer_RefID', ", IF(EXACT($D83, ""), "null", CONCATENATE("'", SUBSTITUTE($D83, "'", "\'"), "'")), "::bigint", ")))::varchar;") -> varSQL := varSQL || (CASE WHEN (varSQL = '') THEN '' ELSE ', ' END) || (SELECT JSON_BUILD_OBJECT ('recordID', NULL::bigint,'entities', JSON_BUILD_OBJECT ('sysLoginSession_RefID', varSystemLoginSession::bigint,'sysDataAnnotation', NULL::varchar,'sysDataSetDateTimeTZ', NULL::timestamptz,'sysDataValidityStartDateTimeTZ', NULL::timestamptz,'sysDataValidityFinishDateTimeTZ', NULL::timestamptz,'sysPartitionRemovableRecordKey_RefID', NULL::bigint,'sysBranch_RefID', varInstitutionBranchID::bigint,'sysBaseCurrency_RefID',varBaseCurrencyID::bigint,'name', 'Budi Pranata Sinaga'::varchar,'photo_Log_FileUpload_Pointer_RefID', null::bigint)))::varchar;
B84: Budi Satrio | C84: budi | I84: =I83 + IF(EXACT(J84, ""), 0, 1) -> 25000000000081 | J84: =IF(EXACT(B84, ""), "", CONCATENATE("PERFORM ""SchData-OLTP-Master"".""Func_TblPerson_SET""(varSystemLoginSession, null::bigint, null::varchar, null::timestamptz, null::timestamptz, null::varchar, varInstitutionBranchID, varBaseCurrencyID, '", B84, "'::varchar, null::bigint);")) -> PERFORM "SchData-OLTP-Master"."Func_TblPerson_SET"(varSystemLoginSession, null::bigint, null::varchar, null::timestamptz, null::timestamptz, null::varchar, varInstitutionBranchID, varBaseCurrencyID, 'Budi Satrio'::varchar, null::bigint); | K84: =CONCATENATE( "varSQL := varSQL || (CASE WHEN (varSQL = '') THEN '' ELSE ', ' END) || (SELECT JSON_BUILD_OBJECT (", "'recordID', NULL::bigint,", "'entities', ", "JSON_BUILD_OBJECT (", "'sysLoginSession_RefID', varSystemLoginSession::bigint,", "'sysDataAnnotation', NULL::varchar,", "'sysDataSetDateTimeTZ', NULL::timestamptz,", "'sysDataValidityStartDateTimeTZ', NULL::timestamptz,", "'sysDataValidityFinishDateTimeTZ', NULL::timestamptz,", "'sysPartitionRemovableRecordKey_RefID', NULL::bigint,", "'sysBranch_RefID', varInstitutionBranchID::bigint,", "'sysBaseCurrency_RefID',varBaseCurrencyID::bigint,", "'name', ", IF(EXACT($B84, ""), "null", CONCATENATE("'", SUBSTITUTE($B84, "'", "\'"), "'")), "::varchar,", "'photo_Log_FileUpload_Pointer_RefID', ", IF(EXACT($D84, ""), "null", CONCATENATE("'", SUBSTITUTE($D84, "'", "\'"), "'")), "::bigint", ")))::varchar;") -> varSQL := varSQL || (CASE WHEN (varSQL = '') THEN '' ELSE ', ' END) || (SELECT JSON_BUILD_OBJECT ('recordID', NULL::bigint,'entities', JSON_BUILD_OBJECT ('sysLoginSession_RefID', varSystemLoginSession::bigint,'sysDataAnnotation', NULL::varchar,'sysDataSetDateTimeTZ', NULL::timestamptz,'sysDataValidityStartDateTimeTZ', NULL::timestamptz,'sysDataValidityFinishDateTimeTZ', NULL::timestamptz,'sysPartitionRemovableRecordKey_RefID', NULL::bigint,'sysBranch_RefID', varInstitutionBranchID::bigint,'sysBaseCurrency_RefID',varBaseCurrencyID::bigint,'name', 'Budi Satrio'::varchar,'photo_Log_FileUpload_Pointer_RefID', null::bigint)))::varchar;
B85: Budianto | C85: budianto | E85: 3174040705860015 | I85: =I84 + IF(EXACT(J85, ""), 0, 1) -> 25000000000082 | J85: =IF(EXACT(B85, ""), "", CONCATENATE("PERFORM ""SchData-OLTP-Master"".""Func_TblPerson_SET""(varSystemLoginSession, null::bigint, null::varchar, null::timestamptz, null::timestamptz, null::varchar, varInstitutionBranchID, varBaseCurrencyID, '", B85, "'::varchar, null::bigint);")) -> PERFORM "SchData-OLTP-Master"."Func_TblPerson_SET"(varSystemLoginSession, null::bigint, null::varchar, null::timestamptz, null::timestamptz, null::varchar, varInstitutionBranchID, varBaseCurrencyID, 'Budianto'::varchar, null::bigint); | K85: =CONCATENATE( "varSQL := varSQL || (CASE WHEN (varSQL = '') THEN '' ELSE ', ' END) || (SELECT JSON_BUILD_OBJECT (", "'recordID', NULL::bigint,", "'entities', ", "JSON_BUILD_OBJECT (", "'sysLoginSession_RefID', varSystemLoginSession::bigint,", "'sysDataAnnotation', NULL::varchar,", "'sysDataSetDateTimeTZ', NULL::timestamptz,", "'sysDataValidityStartDateTimeTZ', NULL::timestamptz,", "'sysDataValidityFinishDateTimeTZ', NULL::timestamptz,", "'sysPartitionRemovableRecordKey_RefID', NULL::bigint,", "'sysBranch_RefID', varInstitutionBranchID::bigint,", "'sysBaseCurrency_RefID',varBaseCurrencyID::bigint,", "'name', ", IF(EXACT($B85, ""), "null", CONCATENATE("'", SUBSTITUTE($B85, "'", "\'"), "'")), "::varchar,", "'photo_Log_FileUpload_Pointer_RefID', ", IF(EXACT($D85, ""), "null", CONCATENATE("'", SUBSTITUTE($D85, "'", "\'"), "'")), "::bigint", ")))::varchar;") -> varSQL := varSQL || (CASE WHEN (varSQL = '') THEN '' ELSE ', ' END) || (SELECT JSON_BUILD_OBJECT ('recordID', NULL::bigint,'entities', JSON_BUILD_OBJECT ('sysLoginSession_RefID', varSystemLoginSession::bigint,'sysDataAnnotation', NULL::varchar,'sysDataSetDateTimeTZ', NULL::timestamptz,'sysDataValidityStartDateTimeTZ', NULL::timestamptz,'sysDataValidityFinishDateTimeTZ', NULL::timestamptz,'sysPartitionRemovableRecordKey_RefID', NULL::bigint,'sysBranch_RefID', varInstitutionBranchID::bigint,'sysBaseCurrency_RefID',varBaseCurrencyID::bigint,'name', 'Budianto'::varchar,'photo_Log_FileUpload_Pointer_RefID', null::bigint)))::varchar;
B86: Budiman | C86: budiman | I86: =I85 + IF(EXACT(J86, ""), 0, 1) -> 25000000000083 | J86: =IF(EXACT(B86, ""), "", CONCATENATE("PERFORM ""SchData-OLTP-Master"".""Func_TblPerson_SET""(varSystemLoginSession, null::bigint, null::varchar, null::timestamptz, null::timestamptz, null::varchar, varInstitutionBranchID, varBaseCurrencyID, '", B86, "'::varchar, null::bigint);")) -> PERFORM "SchData-OLTP-Master"."Func_TblPerson_SET"(varSystemLoginSession, null::bigint, null::varchar, null::timestamptz, null::timestamptz, null::varchar, varInstitutionBranchID, varBaseCurrencyID, 'Budiman'::varchar, null::bigint); | K86: =CONCATENATE( "varSQL := varSQL || (CASE WHEN (varSQL = '') THEN '' ELSE ', ' END) || (SELECT JSON_BUILD_OBJECT (", "'recordID', NULL::bigint,", "'entities', ", "JSON_BUILD_OBJECT (", "'sysLoginSession_RefID', varSystemLoginSession::bigint,", "'sysDataAnnotation', NULL::varchar,", "'sysDataSetDateTimeTZ', NULL::timestamptz,", "'sysDataValidityStartDateTimeTZ', NULL::timestamptz,", "'sysDataValidityFinishDateTimeTZ', NULL::timestamptz,", "'sysPartitionRemovableRecordKey_RefID', NULL::bigint,", "'sysBranch_RefID', varInstitutionBranchID::bigint,", "'sysBaseCurrency_RefID',varBaseCurrencyID::bigint,", "'name', ", IF(EXACT($B86, ""), "null", CONCATENATE("'", SUBSTITUTE($B86, "'", "\'"), "'")), "::varchar,", "'photo_Log_FileUpload_Pointer_RefID', ", IF(EXACT($D86, ""), "null", CONCATENATE("'", SUBSTITUTE($D86, "'", "\'"), "'")), "::bigint", ")))::varchar;") -> varSQL := varSQL || (CASE WHEN (varSQL = '') THEN '' ELSE ', ' END) || (SELECT JSON_BUILD_OBJECT ('recordID', NULL::bigint,'entities', JSON_BUILD_OBJECT ('sysLoginSession_RefID', varSystemLoginSession::bigint,'sysDataAnnotation', NULL::varchar,'sysDataSetDateTimeTZ', NULL::timestamptz,'sysDataValidityStartDateTimeTZ', NULL::timestamptz,'sysDataValidityFinishDateTimeTZ', NULL::timestamptz,'sysPartitionRemovableRecordKey_RefID', NULL::bigint,'sysBranch_RefID', varInstitutionBranchID::bigint,'sysBaseCurrency_RefID',varBaseCurrencyID::bigint,'name', 'Budiman'::varchar,'photo_Log_FileUpload_Pointer_RefID', null::bigint)))::varchar;
B87: Cahyaning Annisa | C87: annisa | I87: =I86 + IF(EXACT(J87, ""), 0, 1) -> 25000000000084 | J87: =IF(EXACT(B87, ""), "", CONCATENATE("PERFORM ""SchData-OLTP-Master"".""Func_TblPerson_SET""(varSystemLoginSession, null::bigint, null::varchar, null::timestamptz, null::timestamptz, null::varchar, varInstitutionBranchID, varBaseCurrencyID, '", B87, "'::varchar, null::bigint);")) -> PERFORM "SchData-OLTP-Master"."Func_TblPerson_SET"(varSystemLoginSession, null::bigint, null::varchar, null::timestamptz, null::timestamptz, null::varchar, varInstitutionBranchID, varBaseCurrencyID, 'Cahyaning Annisa'::varchar, null::bigint); | K87: =CONCATENATE( "varSQL := varSQL || (CASE WHEN (varSQL = '') THEN '' ELSE ', ' END) || (SELECT JSON_BUILD_OBJECT (", "'recordID', NULL::bigint,", "'entities', ", "JSON_BUILD_OBJECT (", "'sysLoginSession_RefID', varSystemLoginSession::bigint,", "'sysDataAnnotation', NULL::varchar,", "'sysDataSetDateTimeTZ', NULL::timestamptz,", "'sysDataValidityStartDateTimeTZ', NULL::timestamptz,", "'sysDataValidityFinishDateTimeTZ', NULL::timestamptz,", "'sysPartitionRemovableRecordKey_RefID', NULL::bigint,", "'sysBranch_RefID', varInstitutionBranchID::bigint,", "'sysBaseCurrency_RefID',varBaseCurrencyID::bigint,", "'name', ", IF(EXACT($B87, ""), "null", CONCATENATE("'", SUBSTITUTE($B87, "'", "\'"), "'")), "::varchar,", "'photo_Log_FileUpload_Pointer_RefID', ", IF(EXACT($D87, ""), "null", CONCATENATE("'", SUBSTITUTE($D87, "'", "\'"), "'")), "::bigint", ")))::varchar;") -> varSQL := varSQL || (CASE WHEN (varSQL = '') THEN '' ELSE ', ' END) || (SELECT JSON_BUILD_OBJECT ('recordID', NULL::bigint,'entities', JSON_BUILD_OBJECT ('sysLoginSession_RefID', varSystemLoginSession::bigint,'sysDataAnnotation', NULL::varchar,'sysDataSetDateTimeTZ', NULL::timestamptz,'sysDataValidityStartDateTimeTZ', NULL::timestamptz,'sysDataValidityFinishDateTimeTZ', NULL::timestamptz,'sysPartitionRemovableRecordKey_RefID', NULL::bigint,'sysBranch_RefID', varInstitutionBranchID::bigint,'sysBaseCurrency_RefID',varBaseCurrencyID::bigint,'name', 'Cahyaning Annisa'::varchar,'photo_Log_FileUpload_Pointer_RefID', null::bigint)))::varchar;
B88: Cahyaningrum Widiastuti | C88: cahyaningrum | I88: =I87 + IF(EXACT(J88, ""), 0, 1) -> 25000000000085 | J88: =IF(EXACT(B88, ""), "", CONCATENATE("PERFORM ""SchData-OLTP-Master"".""Func_TblPerson_SET""(varSystemLoginSession, null::bigint, null::varchar, null::timestamptz, null::timestamptz, null::varchar, varInstitutionBranchID, varBaseCurrencyID, '", B88, "'::varchar, null::bigint);")) -> PERFORM "SchData-OLTP-Master"."Func_TblPerson_SET"(varSystemLoginSession, null::bigint, null::varchar, null::timestamptz, null::timestamptz, null::varchar, varInstitutionBranchID, varBaseCurrencyID, 'Cahyaningrum Widiastuti'::varchar, null::bigint); | K88: =CONCATENATE( "varSQL := varSQL || (CASE WHEN (varSQL = '') THEN '' ELSE ', ' END) || (SELECT JSON_BUILD_OBJECT (", "'recordID', NULL::bigint,", "'entities', ", "JSON_BUILD_OBJECT (", "'sysLoginSession_RefID', varSystemLoginSession::bigint,", "'sysDataAnnotation', NULL::varchar,", "'sysDataSetDateTimeTZ', NULL::timestamptz,", "'sysDataValidityStartDateTimeTZ', NULL::timestamptz,", "'sysDataValidityFinishDateTimeTZ', NULL::timestamptz,", "'sysPartitionRemovableRecordKey_RefID', NULL::bigint,", "'sysBranch_RefID', varInstitutionBranchID::bigint,", "'sysBaseCurrency_RefID',varBaseCurrencyID::bigint,", "'name', ", IF(EXACT($B88, ""), "null", CONCATENATE("'", SUBSTITUTE($B88, "'", "\'"), "'")), "::varchar,", "'photo_Log_FileUpload_Pointer_RefID', ", IF(EXACT($D88, ""), "null", CONCATENATE("'", SUBSTITUTE($D88, "'", "\'"), "'")), "::bigint", ")))::varchar;") -> varSQL := varSQL || (CASE WHEN (varSQL = '') THEN '' ELSE ', ' END) || (SELECT JSON_BUILD_OBJECT ('recordID', NULL::bigint,'entities', JSON_BUILD_OBJECT ('sysLoginSession_RefID', varSystemLoginSession::bigint,'sysDataAnnotation', NULL::varchar,'sysDataSetDateTimeTZ', NULL::timestamptz,'sysDataValidityStartDateTimeTZ', NULL::timestamptz,'sysDataValidityFinishDateTimeTZ', NULL::timestamptz,'sysPartitionRemovableRecordKey_RefID', NULL::bigint,'sysBranch_RefID', varInstitutionBranchID::bigint,'sysBaseCurrency_RefID',varBaseCurrencyID::bigint,'name', 'Cahyaningrum Widiastuti'::varchar,'photo_Log_FileUpload_Pointer_RefID', null::bigint)))::varchar;
B89: Cecep Maulana | C89: cecep | I89: =I88 + IF(EXACT(J89, ""), 0, 1) -> 25000000000086 | J89: =IF(EXACT(B89, ""), "", CONCATENATE("PERFORM ""SchData-OLTP-Master"".""Func_TblPerson_SET""(varSystemLoginSession, null::bigint, null::varchar, null::timestamptz, null::timestamptz, null::varchar, varInstitutionBranchID, varBaseCurrencyID, '", B89, "'::varchar, null::bigint);")) -> PERFORM "SchData-OLTP-Master"."Func_TblPerson_SET"(varSystemLoginSession, null::bigint, null::varchar, null::timestamptz, null::timestamptz, null::varchar, varInstitutionBranchID, varBaseCurrencyID, 'Cecep Maulana'::varchar, null::bigint); | K89: =CONCATENATE( "varSQL := varSQL || (CASE WHEN (varSQL = '') THEN '' ELSE ', ' END) || (SELECT JSON_BUILD_OBJECT (", "'recordID', NULL::bigint,", "'entities', ", "JSON_BUILD_OBJECT (", "'sysLoginSession_RefID', varSystemLoginSession::bigint,", "'sysDataAnnotation', NULL::varchar,", "'sysDataSetDateTimeTZ', NULL::timestamptz,", "'sysDataValidityStartDateTimeTZ', NULL::timestamptz,", "'sysDataValidityFinishDateTimeTZ', NULL::timestamptz,", "'sysPartitionRemovableRecordKey_RefID', NULL::bigint,", "'sysBranch_RefID', varInstitutionBranchID::bigint,", "'sysBaseCurrency_RefID',varBaseCurrencyID::bigint,", "'name', ", IF(EXACT($B89, ""), "null", CONCATENATE("'", SUBSTITUTE($B89, "'", "\'"), "'")), "::varchar,", "'photo_Log_FileUpload_Pointer_RefID', ", IF(EXACT($D89, ""), "null", CONCATENATE("'", SUBSTITUTE($D89, "'", "\'"), "'")), "::bigint", ")))::varchar;") -> varSQL := varSQL || (CASE WHEN (varSQL = '') THEN '' ELSE ', ' END) || (SELECT JSON_BUILD_OBJECT ('recordID', NULL::bigint,'entities', JSON_BUILD_OBJECT ('sysLoginSession_RefID', varSystemLoginSession::bigint,'sysDataAnnotation', NULL::varchar,'sysDataSetDateTimeTZ', NULL::timestamptz,'sysDataValidityStartDateTimeTZ', NULL::timestamptz,'sysDataValidityFinishDateTimeTZ', NULL::timestamptz,'sysPartitionRemovableRecordKey_RefID', NULL::bigint,'sysBranch_RefID', varInstitutionBranchID::bigint,'sysBaseCurrency_RefID',varBaseCurrencyID::bigint,'name', 'Cecep Maulana'::varchar,'photo_Log_FileUpload_Pointer_RefID', null::bigint)))::varchar;
B90: Chairul Musaddat | C90: chairul | I90: =I89 + IF(EXACT(J90, ""), 0, 1) -> 25000000000087 | J90: =IF(EXACT(B90, ""), "", CONCATENATE("PERFORM ""SchData-OLTP-Master"".""Func_TblPerson_SET""(varSystemLoginSession, null::bigint, null::varchar, null::timestamptz, null::timestamptz, null::varchar, varInstitutionBranchID, varBaseCurrencyID, '", B90, "'::varchar, null::bigint);")) -> PERFORM "SchData-OLTP-Master"."Func_TblPerson_SET"(varSystemLoginSession, null::bigint, null::varchar, null::timestamptz, null::timestamptz, null::varchar, varInstitutionBranchID, varBaseCurrencyID, 'Chairul Musaddat'::varchar, null::bigint); | K90: =CONCATENATE( "varSQL := varSQL || (CASE WHEN (varSQL = '') THEN '' ELSE ', ' END) || (SELECT JSON_BUILD_OBJECT (", "'recordID', NULL::bigint,", "'entities', ", "JSON_BUILD_OBJECT (", "'sysLoginSession_RefID', varSystemLoginSession::bigint,", "'sysDataAnnotation', NULL::varchar,", "'sysDataSetDateTimeTZ', NULL::timestamptz,", "'sysDataValidityStartDateTimeTZ', NULL::timestamptz,", "'sysDataValidityFinishDateTimeTZ', NULL::timestamptz,", "'sysPartitionRemovableRecordKey_RefID', NULL::bigint,", "'sysBranch_RefID', varInstitutionBranchID::bigint,", "'sysBaseCurrency_RefID',varBaseCurrencyID::bigint,", "'name', ", IF(EXACT($B90, ""), "null", CONCATENATE("'", SUBSTITUTE($B90, "'", "\'"), "'")), "::varchar,", "'photo_Log_FileUpload_Pointer_RefID', ", IF(EXACT($D90, ""), "null", CONCATENATE("'", SUBSTITUTE($D90, "'", "\'"), "'")), "::bigint", ")))::varchar;") -> varSQL := varSQL || (CASE WHEN (varSQL = '') THEN '' ELSE ', ' END) || (SELECT JSON_BUILD_OBJECT ('recordID', NULL::bigint,'entities', JSON_BUILD_OBJECT ('sysLoginSession_RefID', varSystemLoginSession::bigint,'sysDataAnnotation', NULL::varchar,'sysDataSetDateTimeTZ', NULL::timestamptz,'sysDataValidityStartDateTimeTZ', NULL::timestamptz,'sysDataValidityFinishDateTimeTZ', NULL::timestamptz,'sysPartitionRemovableRecordKey_RefID', NULL::bigint,'sysBranch_RefID', varInstitutionBranchID::bigint,'sysBaseCurrency_RefID',varBaseCurrencyID::bigint,'name', 'Chairul Musaddat'::varchar,'photo_Log_FileUpload_Pointer_RefID', null::bigint)))::varchar;
B91: Christianto | C91: christianto | I91: =I90 + IF(EXACT(J91, ""), 0, 1) -> 25000000000088 | J91: =IF(EXACT(B91, ""), "", CONCATENATE("PERFORM ""SchData-OLTP-Master"".""Func_TblPerson_SET""(varSystemLoginSession, null::bigint, null::varchar, null::timestamptz, null::timestamptz, null::varchar, varInstitutionBranchID, varBaseCurrencyID, '", B91, "'::varchar, null::bigint);")) -> PERFORM "SchData-OLTP-Master"."Func_TblPerson_SET"(varSystemLoginSession, null::bigint, null::varchar, null::timestamptz, null::timestamptz, null::varchar, varInstitutionBranchID, varBaseCurrencyID, 'Christianto'::varchar, null::bigint); | K91: =CONCATENATE( "varSQL := varSQL || (CASE WHEN (varSQL = '') THEN '' ELSE ', ' END) || (SELECT JSON_BUILD_OBJECT (", "'recordID', NULL::bigint,", "'entities', ", "JSON_BUILD_OBJECT (", "'sysLoginSession_RefID', varSystemLoginSession::bigint,", "'sysDataAnnotation', NULL::varchar,", "'sysDataSetDateTimeTZ', NULL::timestamptz,", "'sysDataValidityStartDateTimeTZ', NULL::timestamptz,", "'sysDataValidityFinishDateTimeTZ', NULL::timestamptz,", "'sysPartitionRemovableRecordKey_RefID', NULL::bigint,", "'sysBranch_RefID', varInstitutionBranchID::bigint,", "'sysBaseCurrency_RefID',varBaseCurrencyID::bigint,", "'name', ", IF(EXACT($B91, ""), "null", CONCATENATE("'", SUBSTITUTE($B91, "'", "\'"), "'")), "::varchar,", "'photo_Log_FileUpload_Pointer_RefID', ", IF(EXACT($D91, ""), "null", CONCATENATE("'", SUBSTITUTE($D91, "'", "\'"), "'")), "::bigint", ")))::varchar;") -> varSQL := varSQL || (CASE WHEN (varSQL = '') THEN '' ELSE ', ' END) || (SELECT JSON_BUILD_OBJECT ('recordID', NULL::bigint,'entities', JSON_BUILD_OBJECT ('sysLoginSession_RefID', varSystemLoginSession::bigint,'sysDataAnnotation', NULL::varchar,'sysDataSetDateTimeTZ', NULL::timestamptz,'sysDataValidityStartDateTimeTZ', NULL::timestamptz,'sysDataValidityFinishDateTimeTZ', NULL::timestamptz,'sysPartitionRemovableRecordKey_RefID', NULL::bigint,'sysBranch_RefID', varInstitutionBranchID::bigint,'sysBaseCurrency_RefID',varBaseCurrencyID::bigint,'name', 'Christianto'::varchar,'photo_Log_FileUpload_Pointer_RefID', null::bigint)))::varchar;
B92: Dadan Hermawan | C92: dadanh | I92: =I91 + IF(EXACT(J92, ""), 0, 1) -> 25000000000089 | J92: =IF(EXACT(B92, ""), "", CONCATENATE("PERFORM ""SchData-OLTP-Master"".""Func_TblPerson_SET""(varSystemLoginSession, null::bigint, null::varchar, null::timestamptz, null::timestamptz, null::varchar, varInstitutionBranchID, varBaseCurrencyID, '", B92, "'::varchar, null::bigint);")) -> PERFORM "SchData-OLTP-Master"."Func_TblPerson_SET"(varSystemLoginSession, null::bigint, null::varchar, null::timestamptz, null::timestamptz, null::varchar, varInstitutionBranchID, varBaseCurrencyID, 'Dadan Hermawan'::varchar, null::bigint); | K92: =CONCATENATE( "varSQL := varSQL || (CASE WHEN (varSQL = '') THEN '' ELSE ', ' END) || (SELECT JSON_BUILD_OBJECT (", "'recordID', NULL::bigint,", "'entities', ", "JSON_BUILD_OBJECT (", "'sysLoginSession_RefID', varSystemLoginSession::bigint,", "'sysDataAnnotation', NULL::varchar,", "'sysDataSetDateTimeTZ', NULL::timestamptz,", "'sysDataValidityStartDateTimeTZ', NULL::timestamptz,", "'sysDataValidityFinishDateTimeTZ', NULL::timestamptz,", "'sysPartitionRemovableRecordKey_RefID', NULL::bigint,", "'sysBranch_RefID', varInstitutionBranchID::bigint,", "'sysBaseCurrency_RefID',varBaseCurrencyID::bigint,", "'name', ", IF(EXACT($B92, ""), "null", CONCATENATE("'", SUBSTITUTE($B92, "'", "\'"), "'")), "::varchar,", "'photo_Log_FileUpload_Pointer_RefID', ", IF(EXACT($D92, ""), "null", CONCATENATE("'", SUBSTITUTE($D92, "'", "\'"), "'")), "::bigint", ")))::varchar;") -> varSQL := varSQL || (CASE WHEN (varSQL = '') THEN '' ELSE ', ' END) || (SELECT JSON_BUILD_OBJECT ('recordID', NULL::bigint,'entities', JSON_BUILD_OBJECT ('sysLoginSession_RefID', varSystemLoginSession::bigint,'sysDataAnnotation', NULL::varchar,'sysDataSetDateTimeTZ', NULL::timestamptz,'sysDataValidityStartDateTimeTZ', NULL::timestamptz,'sysDataValidityFinishDateTimeTZ', NULL::timestamptz,'sysPartitionRemovableRecordKey_RefID', NULL::bigint,'sysBranch_RefID', varInstitutionBranchID::bigint,'sysBaseCurrency_RefID',varBaseCurrencyID::bigint,'name', 'Dadan Hermawan'::varchar,'photo_Log_FileUpload_Pointer_RefID', null::bigint)))::varchar;
B93: Dadan Suhendar | C93: dadan | I93: =I92 + IF(EXACT(J93, ""), 0, 1) -> 25000000000090 | J93: =IF(EXACT(B93, ""), "", CONCATENATE("PERFORM ""SchData-OLTP-Master"".""Func_TblPerson_SET""(varSystemLoginSession, null::bigint, null::varchar, null::timestamptz, null::timestamptz, null::varchar, varInstitutionBranchID, varBaseCurrencyID, '", B93, "'::varchar, null::bigint);")) -> PERFORM "SchData-OLTP-Master"."Func_TblPerson_SET"(varSystemLoginSession, null::bigint, null::varchar, null::timestamptz, null::timestamptz, null::varchar, varInstitutionBranchID, varBaseCurrencyID, 'Dadan Suhendar'::varchar, null::bigint); | K93: =CONCATENATE( "varSQL := varSQL || (CASE WHEN (varSQL = '') THEN '' ELSE ', ' END) || (SELECT JSON_BUILD_OBJECT (", "'recordID', NULL::bigint,", "'entities', ", "JSON_BUILD_OBJECT (", "'sysLoginSession_RefID', varSystemLoginSession::bigint,", "'sysDataAnnotation', NULL::varchar,", "'sysDataSetDateTimeTZ', NULL::timestamptz,", "'sysDataValidityStartDateTimeTZ', NULL::timestamptz,", "'sysDataValidityFinishDateTimeTZ', NULL::timestamptz,", "'sysPartitionRemovableRecordKey_RefID', NULL::bigint,", "'sysBranch_RefID', varInstitutionBranchID::bigint,", "'sysBaseCurrency_RefID',varBaseCurrencyID::bigint,", "'name', ", IF(EXACT($B93, ""), "null", CONCATENATE("'", SUBSTITUTE($B93, "'", "\'"), "'")), "::varchar,", "'photo_Log_FileUpload_Pointer_RefID', ", IF(EXACT($D93, ""), "null", CONCATENATE("'", SUBSTITUTE($D93, "'", "\'"), "'")), "::bigint", ")))::varchar;") -> varSQL := varSQL || (CASE WHEN (varSQL = '') THEN '' ELSE ', ' END) || (SELECT JSON_BUILD_OBJECT ('recordID', NULL::bigint,'entities', JSON_BUILD_OBJECT ('sysLoginSession_RefID', varSystemLoginSession::bigint,'sysDataAnnotation', NULL::varchar,'sysDataSetDateTimeTZ', NULL::timestamptz,'sysDataValidityStartDateTimeTZ', NULL::timestamptz,'sysDataValidityFinishDateTimeTZ', NULL::timestamptz,'sysPartitionRemovableRecordKey_RefID', NULL::bigint,'sysBranch_RefID', varInstitutionBranchID::bigint,'sysBaseCurrency_RefID',varBaseCurrencyID::bigint,'name', 'Dadan Suhendar'::varchar,'photo_Log_FileUpload_Pointer_RefID', null::bigint)))::varchar;
B94: Dadi Anda Zuchradi | C94: dadi | I94: =I93 + IF(EXACT(J94, ""), 0, 1) -> 25000000000091 | J94: =IF(EXACT(B94, ""), "", CONCATENATE("PERFORM ""SchData-OLTP-Master"".""Func_TblPerson_SET""(varSystemLoginSession, null::bigint, null::varchar, null::timestamptz, null::timestamptz, null::varchar, varInstitutionBranchID, varBaseCurrencyID, '", B94, "'::varchar, null::bigint);")) -> PERFORM "SchData-OLTP-Master"."Func_TblPerson_SET"(varSystemLoginSession, null::bigint, null::varchar, null::timestamptz, null::timestamptz, null::varchar, varInstitutionBranchID, varBaseCurrencyID, 'Dadi Anda Zuchradi'::varchar, null::bigint); | K94: =CONCATENATE( "varSQL := varSQL || (CASE WHEN (varSQL = '') THEN '' ELSE ', ' END) || (SELECT JSON_BUILD_OBJECT (", "'recordID', NULL::bigint,", "'entities', ", "JSON_BUILD_OBJECT (", "'sysLoginSession_RefID', varSystemLoginSession::bigint,", "'sysDataAnnotation', NULL::varchar,", "'sysDataSetDateTimeTZ', NULL::timestamptz,", "'sysDataValidityStartDateTimeTZ', NULL::timestamptz,", "'sysDataValidityFinishDateTimeTZ', NULL::timestamptz,", "'sysPartitionRemovableRecordKey_RefID', NULL::bigint,", "'sysBranch_RefID', varInstitutionBranchID::bigint,", "'sysBaseCurrency_RefID',varBaseCurrencyID::bigint,", "'name', ", IF(EXACT($B94, ""), "null", CONCATENATE("'", SUBSTITUTE($B94, "'", "\'"), "'")), "::varchar,", "'photo_Log_FileUpload_Pointer_RefID', ", IF(EXACT($D94, ""), "null", CONCATENATE("'", SUBSTITUTE($D94, "'", "\'"), "'")), "::bigint", ")))::varchar;") -> varSQL := varSQL || (CASE WHEN (varSQL = '') THEN '' ELSE ', ' END) || (SELECT JSON_BUILD_OBJECT ('recordID', NULL::bigint,'entities', JSON_BUILD_OBJECT ('sysLoginSession_RefID', varSystemLoginSession::bigint,'sysDataAnnotation', NULL::varchar,'sysDataSetDateTimeTZ', NULL::timestamptz,'sysDataValidityStartDateTimeTZ', NULL::timestamptz,'sysDataValidityFinishDateTimeTZ', NULL::timestamptz,'sysPartitionRemovableRecordKey_RefID', NULL::bigint,'sysBranch_RefID', varInstitutionBranchID::bigint,'sysBaseCurrency_RefID',varBaseCurrencyID::bigint,'name', 'Dadi Anda Zuchradi'::varchar,'photo_Log_FileUpload_Pointer_RefID', null::bigint)))::varchar;
B95: Darsito | C95: darsito | E95: 3313141612730001 | I95: =I94 + IF(EXACT(J95, ""), 0, 1) -> 25000000000092 | J95: =IF(EXACT(B95, ""), "", CONCATENATE("PERFORM ""SchData-OLTP-Master"".""Func_TblPerson_SET""(varSystemLoginSession, null::bigint, null::varchar, null::timestamptz, null::timestamptz, null::varchar, varInstitutionBranchID, varBaseCurrencyID, '", B95, "'::varchar, null::bigint);")) -> PERFORM "SchData-OLTP-Master"."Func_TblPerson_SET"(varSystemLoginSession, null::bigint, null::varchar, null::timestamptz, null::timestamptz, null::varchar, varInstitutionBranchID, varBaseCurrencyID, 'Darsito'::varchar, null::bigint); | K95: =CONCATENATE( "varSQL := varSQL || (CASE WHEN (varSQL = '') THEN '' ELSE ', ' END) || (SELECT JSON_BUILD_OBJECT (", "'recordID', NULL::bigint,", "'entities', ", "JSON_BUILD_OBJECT (", "'sysLoginSession_RefID', varSystemLoginSession::bigint,", "'sysDataAnnotation', NULL::varchar,", "'sysDataSetDateTimeTZ', NULL::timestamptz,", "'sysDataValidityStartDateTimeTZ', NULL::timestamptz,", "'sysDataValidityFinishDateTimeTZ', NULL::timestamptz,", "'sysPartitionRemovableRecordKey_RefID', NULL::bigint,", "'sysBranch_RefID', varInstitutionBranchID::bigint,", "'sysBaseCurrency_RefID',varBaseCurrencyID::bigint,", "'name', ", IF(EXACT($B95, ""), "null", CONCATENATE("'", SUBSTITUTE($B95, "'", "\'"), "'")), "::varchar,", "'photo_Log_FileUpload_Pointer_RefID', ", IF(EXACT($D95, ""), "null", CONCATENATE("'", SUBSTITUTE($D95, "'", "\'"), "'")), "::bigint", ")))::varchar;") -> varSQL := varSQL || (CASE WHEN (varSQL = '') THEN '' ELSE ', ' END) || (SELECT JSON_BUILD_OBJECT ('recordID', NULL::bigint,'entities', JSON_BUILD_OBJECT ('sysLoginSession_RefID', varSystemLoginSession::bigint,'sysDataAnnotation', NULL::varchar,'sysDataSetDateTimeTZ', NULL::timestamptz,'sysDataValidityStartDateTimeTZ', NULL::timestamptz,'sysDataValidityFinishDateTimeTZ', NULL::timestamptz,'sysPartitionRemovableRecordKey_RefID', NULL::bigint,'sysBranch_RefID', varInstitutionBranchID::bigint,'sysBaseCurrency_RefID',varBaseCurrencyID::bigint,'name', 'Darsito'::varchar,'photo_Log_FileUpload_Pointer_RefID', null::bigint)))::varchar;
B96: Davit Lumban Gaol | C96: david.lumban | E96: 1408102502900001 | I96: =I95 + IF(EXACT(J96, ""), 0, 1) -> 25000000000093 | J96: =IF(EXACT(B96, ""), "", CONCATENATE("PERFORM ""SchData-OLTP-Master"".""Func_TblPerson_SET""(varSystemLoginSession, null::bigint, null::varchar, null::timestamptz, null::timestamptz, null::varchar, varInstitutionBranchID, varBaseCurrencyID, '", B96, "'::varchar, null::bigint);")) -> PERFORM "SchData-OLTP-Master"."Func_TblPerson_SET"(varSystemLoginSession, null::bigint, null::varchar, null::timestamptz, null::timestamptz, null::varchar, varInstitutionBranchID, varBaseCurrencyID, 'Davit Lumban Gaol'::varchar, null::bigint); | K96: =CONCATENATE( "varSQL := varSQL || (CASE WHEN (varSQL = '') THEN '' ELSE ', ' END) || (SELECT JSON_BUILD_OBJECT (", "'recordID', NULL::bigint,", "'entities', ", "JSON_BUILD_OBJECT (", "'sysLoginSession_RefID', varSystemLoginSession::bigint,", "'sysDataAnnotation', NULL::varchar,", "'sysDataSetDateTimeTZ', NULL::timestamptz,", "'sysDataValidityStartDateTimeTZ', NULL::timestamptz,", "'sysDataValidityFinishDateTimeTZ', NULL::timestamptz,", "'sysPartitionRemovableRecordKey_RefID', NULL::bigint,", "'sysBranch_RefID', varInstitutionBranchID::bigint,", "'sysBaseCurrency_RefID',varBaseCurrencyID::bigint,", "'name', ", IF(EXACT($B96, ""), "null", CONCATENATE("'", SUBSTITUTE($B96, "'", "\'"), "'")), "::varchar,", "'photo_Log_FileUpload_Pointer_RefID', ", IF(EXACT($D96, ""), "null", CONCATENATE("'", SUBSTITUTE($D96, "'", "\'"), "'")), "::bigint", ")))::varchar;") -> varSQL := varSQL || (CASE WHEN (varSQL = '') THEN '' ELSE ', ' END) || (SELECT JSON_BUILD_OBJECT ('recordID', NULL::bigint,'entities', JSON_BUILD_OBJECT ('sysLoginSession_RefID', varSystemLoginSession::bigint,'sysDataAnnotation', NULL::varchar,'sysDataSetDateTimeTZ', NULL::timestamptz,'sysDataValidityStartDateTimeTZ', NULL::timestamptz,'sysDataValidityFinishDateTimeTZ', NULL::timestamptz,'sysPartitionRemovableRecordKey_RefID', NULL::bigint,'sysBranch_RefID', varInstitutionBranchID::bigint,'sysBaseCurrency_RefID',varBaseCurrencyID::bigint,'name', 'Davit Lumban Gaol'::varchar,'photo_Log_FileUpload_Pointer_RefID', null::bigint)))::varchar;
B97: Deddy Rochman | C97: Deddy | I97: =I96 + IF(EXACT(J97, ""), 0, 1) -> 25000000000094 | J97: =IF(EXACT(B97, ""), "", CONCATENATE("PERFORM ""SchData-OLTP-Master"".""Func_TblPerson_SET""(varSystemLoginSession, null::bigint, null::varchar, null::timestamptz, null::timestamptz, null::varchar, varInstitutionBranchID, varBaseCurrencyID, '", B97, "'::varchar, null::bigint);")) -> PERFORM "SchData-OLTP-Master"."Func_TblPerson_SET"(varSystemLoginSession, null::bigint, null::varchar, null::timestamptz, null::timestamptz, null::varchar, varInstitutionBranchID, varBaseCurrencyID, 'Deddy Rochman'::varchar, null::bigint); | K97: =CONCATENATE( "varSQL := varSQL || (CASE WHEN (varSQL = '') THEN '' ELSE ', ' END) || (SELECT JSON_BUILD_OBJECT (", "'recordID', NULL::bigint,", "'entities', ", "JSON_BUILD_OBJECT (", "'sysLoginSession_RefID', varSystemLoginSession::bigint,", "'sysDataAnnotation', NULL::varchar,", "'sysDataSetDateTimeTZ', NULL::timestamptz,", "'sysDataValidityStartDateTimeTZ', NULL::timestamptz,", "'sysDataValidityFinishDateTimeTZ', NULL::timestamptz,", "'sysPartitionRemovableRecordKey_RefID', NULL::bigint,", "'sysBranch_RefID', varInstitutionBranchID::bigint,", "'sysBaseCurrency_RefID',varBaseCurrencyID::bigint,", "'name', ", IF(EXACT($B97, ""), "null", CONCATENATE("'", SUBSTITUTE($B97, "'", "\'"), "'")), "::varchar,", "'photo_Log_FileUpload_Pointer_RefID', ", IF(EXACT($D97, ""), "null", CONCATENATE("'", SUBSTITUTE($D97, "'", "\'"), "'")), "::bigint", ")))::varchar;") -> varSQL := varSQL || (CASE WHEN (varSQL = '') THEN '' ELSE ', ' END) || (SELECT JSON_BUILD_OBJECT ('recordID', NULL::bigint,'entities', JSON_BUILD_OBJECT ('sysLoginSession_RefID', varSystemLoginSession::bigint,'sysDataAnnotation', NULL::varchar,'sysDataSetDateTimeTZ', NULL::timestamptz,'sysDataValidityStartDateTimeTZ', NULL::timestamptz,'sysDataValidityFinishDateTimeTZ', NULL::timestamptz,'sysPartitionRemovableRecordKey_RefID', NULL::bigint,'sysBranch_RefID', varInstitutionBranchID::bigint,'sysBaseCurrency_RefID',varBaseCurrencyID::bigint,'name', 'Deddy Rochman'::varchar,'photo_Log_FileUpload_Pointer_RefID', null::bigint)))::varchar;
B98: Dedi Kusnadi | C98: kusnadi | I98: =I97 + IF(EXACT(J98, ""), 0, 1) -> 25000000000095 | J98: =IF(EXACT(B98, ""), "", CONCATENATE("PERFORM ""SchData-OLTP-Master"".""Func_TblPerson_SET""(varSystemLoginSession, null::bigint, null::varchar, null::timestamptz, null::timestamptz, null::varchar, varInstitutionBranchID, varBaseCurrencyID, '", B98, "'::varchar, null::bigint);")) -> PERFORM "SchData-OLTP-Master"."Func_TblPerson_SET"(varSystemLoginSession, null::bigint, null::varchar, null::timestamptz, null::timestamptz, null::varchar, varInstitutionBranchID, varBaseCurrencyID, 'Dedi Kusnadi'::varchar, null::bigint); | K98: =CONCATENATE( "varSQL := varSQL || (CASE WHEN (varSQL = '') THEN '' ELSE ', ' END) || (SELECT JSON_BUILD_OBJECT (", "'recordID', NULL::bigint,", "'entities', ", "JSON_BUILD_OBJECT (", "'sysLoginSession_RefID', varSystemLoginSession::bigint,", "'sysDataAnnotation', NULL::varchar,", "'sysDataSetDateTimeTZ', NULL::timestamptz,", "'sysDataValidityStartDateTimeTZ', NULL::timestamptz,", "'sysDataValidityFinishDateTimeTZ', NULL::timestamptz,", "'sysPartitionRemovableRecordKey_RefID', NULL::bigint,", "'sysBranch_RefID', varInstitutionBranchID::bigint,", "'sysBaseCurrency_RefID',varBaseCurrencyID::bigint,", "'name', ", IF(EXACT($B98, ""), "null", CONCATENATE("'", SUBSTITUTE($B98, "'", "\'"), "'")), "::varchar,", "'photo_Log_FileUpload_Pointer_RefID', ", IF(EXACT($D98, ""), "null", CONCATENATE("'", SUBSTITUTE($D98, "'", "\'"), "'")), "::bigint", ")))::varchar;") -> varSQL := varSQL || (CASE WHEN (varSQL = '') THEN '' ELSE ', ' END) || (SELECT JSON_BUILD_OBJECT ('recordID', NULL::bigint,'entities', JSON_BUILD_OBJECT ('sysLoginSession_RefID', varSystemLoginSession::bigint,'sysDataAnnotation', NULL::varchar,'sysDataSetDateTimeTZ', NULL::timestamptz,'sysDataValidityStartDateTimeTZ', NULL::timestamptz,'sysDataValidityFinishDateTimeTZ', NULL::timestamptz,'sysPartitionRemovableRecordKey_RefID', NULL::bigint,'sysBranch_RefID', varInstitutionBranchID::bigint,'sysBaseCurrency_RefID',varBaseCurrencyID::bigint,'name', 'Dedi Kusnadi'::varchar,'photo_Log_FileUpload_Pointer_RefID', null::bigint)))::varchar;
B99: Dedi Marciano Rizanur | C99: rizanur | I99: =I98 + IF(EXACT(J99, ""), 0, 1) -> 25000000000096 | J99: =IF(EXACT(B99, ""), "", CONCATENATE("PERFORM ""SchData-OLTP-Master"".""Func_TblPerson_SET""(varSystemLoginSession, null::bigint, null::varchar, null::timestamptz, null::timestamptz, null::varchar, varInstitutionBranchID, varBaseCurrencyID, '", B99, "'::varchar, null::bigint);")) -> PERFORM "SchData-OLTP-Master"."Func_TblPerson_SET"(varSystemLoginSession, null::bigint, null::varchar, null::timestamptz, null::timestamptz, null::varchar, varInstitutionBranchID, varBaseCurrencyID, 'Dedi Marciano Rizanur'::varchar, null::bigint); | K99: =CONCATENATE( "varSQL := varSQL || (CASE WHEN (varSQL = '') THEN '' ELSE ', ' END) || (SELECT JSON_BUILD_OBJECT (", "'recordID', NULL::bigint,", "'entities', ", "JSON_BUILD_OBJECT (", "'sysLoginSession_RefID', varSystemLoginSession::bigint,", "'sysDataAnnotation', NULL::varchar,", "'sysDataSetDateTimeTZ', NULL::timestamptz,", "'sysDataValidityStartDateTimeTZ', NULL::timestamptz,", "'sysDataValidityFinishDateTimeTZ', NULL::timestamptz,", "'sysPartitionRemovableRecordKey_RefID', NULL::bigint,", "'sysBranch_RefID', varInstitutionBranchID::bigint,", "'sysBaseCurrency_RefID',varBaseCurrencyID::bigint,", "'name', ", IF(EXACT($B99, ""), "null", CONCATENATE("'", SUBSTITUTE($B99, "'", "\'"), "'")), "::varchar,", "'photo_Log_FileUpload_Pointer_RefID', ", IF(EXACT($D99, ""), "null", CONCATENATE("'", SUBSTITUTE($D99, "'", "\'"), "'")), "::bigint", ")))::varchar;") -> varSQL := varSQL || (CASE WHEN (varSQL = '') THEN '' ELSE ', ' END) || (SELECT JSON_BUILD_OBJECT ('recordID', NULL::bigint,'entities', JSON_BUILD_OBJECT ('sysLoginSession_RefID', varSystemLoginSession::bigint,'sysDataAnnotation', NULL::varchar,'sysDataSetDateTimeTZ', NULL::timestamptz,'sysDataValidityStartDateTimeTZ', NULL::timestamptz,'sysDataValidityFinishDateTimeTZ', NULL::timestamptz,'sysPartitionRemovableRecordKey_RefID', NULL::bigint,'sysBranch_RefID', varInstitutionBranchID::bigint,'sysBaseCurrency_RefID',varBaseCurrencyID::bigint,'name', 'Dedi Marciano Rizanur'::varchar,'photo_Log_FileUpload_Pointer_RefID', null::bigint)))::varchar;
B100: Dedi Rianto | C100: dedi | I100: =I99 + IF(EXACT(J100, ""), 0, 1) -> 25000000000097 | J100: =IF(EXACT(B100, ""), "", CONCATENATE("PERFORM ""SchData-OLTP-Master"".""Func_TblPerson_SET""(varSystemLoginSession, null::bigint, null::varchar, null::timestamptz, null::timestamptz, null::varchar, varInstitutionBranchID, varBaseCurrencyID, '", B100, "'::varchar, null::bigint);")) -> PERFORM "SchData-OLTP-Master"."Func_TblPerson_SET"(varSystemLoginSession, null::bigint, null::varchar, null::timestamptz, null::timestamptz, null::varchar, varInstitutionBranchID, varBaseCurrencyID, 'Dedi Rianto'::varchar, null::bigint); | K100: =CONCATENATE( "varSQL := varSQL || (CASE WHEN (varSQL = '') THEN '' ELSE ', ' END) || (SELECT JSON_BUILD_OBJECT (", "'recordID', NULL::bigint,", "'entities', ", "JSON_BUILD_OBJECT (", "'sysLoginSession_RefID', varSystemLoginSession::bigint,", "'sysDataAnnotation', NULL::varchar,", "'sysDataSetDateTimeTZ', NULL::timestamptz,", "'sysDataValidityStartDateTimeTZ', NULL::timestamptz,", "'sysDataValidityFinishDateTimeTZ', NULL::timestamptz,", "'sysPartitionRemovableRecordKey_RefID', NULL::bigint,", "'sysBranch_RefID', varInstitutionBranchID::bigint,", "'sysBaseCurrency_RefID',varBaseCurrencyID::bigint,", "'name', ", IF(EXACT($B100, ""), "null", CONCATENATE("'", SUBSTITUTE($B100, "'", "\'"), "'")), "::varchar,", "'photo_Log_FileUpload_Pointer_RefID', ", IF(EXACT($D100, ""), "null", CONCATENATE("'", SUBSTITUTE($D100, "'", "\'"), "'")), "::bigint", ")))::varchar;") -> varSQL := varSQL || (CASE WHEN (varSQL = '') THEN '' ELSE ', ' END) || (SELECT JSON_BUILD_OBJECT ('recordID', NULL::bigint,'entities', JSON_BUILD_OBJECT ('sysLoginSession_RefID', varSystemLoginSession::bigint,'sysDataAnnotation', NULL::varchar,'sysDataSetDateTimeTZ', NULL::timestamptz,'sysDataValidityStartDateTimeTZ', NULL::timestamptz,'sysDataValidityFinishDateTimeTZ', NULL::timestamptz,'sysPartitionRemovableRecordKey_RefID', NULL::bigint,'sysBranch_RefID', varInstitutionBranchID::bigint,'sysBaseCurrency_RefID',varBaseCurrencyID::bigint,'name', 'Dedi Rianto'::varchar,'photo_Log_FileUpload_Pointer_RefID', null::bigint)))::varchar;
B101: Dedi Syahputra | C101: syahputra | I101: =I100 + IF(EXACT(J101, ""), 0, 1) -> 25000000000098 | J101: =IF(EXACT(B101, ""), "", CONCATENATE("PERFORM ""SchData-OLTP-Master"".""Func_TblPerson_SET""(varSystemLoginSession, null::bigint, null::varchar, null::timestamptz, null::timestamptz, null::varchar, varInstitutionBranchID, varBaseCurrencyID, '", B101, "'::varchar, null::bigint);")) -> PERFORM "SchData-OLTP-Master"."Func_TblPerson_SET"(varSystemLoginSession, null::bigint, null::varchar, null::timestamptz, null::timestamptz, null::varchar, varInstitutionBranchID, varBaseCurrencyID, 'Dedi Syahputra'::varchar, null::bigint); | K101: =CONCATENATE( "varSQL := varSQL || (CASE WHEN (varSQL = '') THEN '' ELSE ', ' END) || (SELECT JSON_BUILD_OBJECT (", "'recordID', NULL::bigint,", "'entities', ", "JSON_BUILD_OBJECT (", "'sysLoginSession_RefID', varSystemLoginSession::bigint,", "'sysDataAnnotation', NULL::varchar,", "'sysDataSetDateTimeTZ', NULL::timestamptz,", "'sysDataValidityStartDateTimeTZ', NULL::timestamptz,", "'sysDataValidityFinishDateTimeTZ', NULL::timestamptz,", "'sysPartitionRemovableRecordKey_RefID', NULL::bigint,", "'sysBranch_RefID', varInstitutionBranchID::bigint,", "'sysBaseCurrency_RefID',varBaseCurrencyID::bigint,", "'name', ", IF(EXACT($B101, ""), "null", CONCATENATE("'", SUBSTITUTE($B101, "'", "\'"), "'")), "::varchar,", "'photo_Log_FileUpload_Pointer_RefID', ", IF(EXACT($D101, ""), "null", CONCATENATE("'", SUBSTITUTE($D101, "'", "\'"), "'")), "::bigint", ")))::varchar;") -> varSQL := varSQL || (CASE WHEN (varSQL = '') THEN '' ELSE ', ' END) || (SELECT JSON_BUILD_OBJECT ('recordID', NULL::bigint,'entities', JSON_BUILD_OBJECT ('sysLoginSession_RefID', varSystemLoginSession::bigint,'sysDataAnnotation', NULL::varchar,'sysDataSetDateTimeTZ', NULL::timestamptz,'sysDataValidityStartDateTimeTZ', NULL::timestamptz,'sysDataValidityFinishDateTimeTZ', NULL::timestamptz,'sysPartitionRemovableRecordKey_RefID', NULL::bigint,'sysBranch_RefID', varInstitutionBranchID::bigint,'sysBaseCurrency_RefID',varBaseCurrencyID::bigint,'name', 'Dedi Syahputra'::varchar,'photo_Log_FileUpload_Pointer_RefID', null::bigint)))::varchar;
B102: Deni Setiawan | C102: denis | I102: =I101 + IF(EXACT(J102, ""), 0, 1) -> 25000000000099 | J102: =IF(EXACT(B102, ""), "", CONCATENATE("PERFORM ""SchData-OLTP-Master"".""Func_TblPerson_SET""(varSystemLoginSession, null::bigint, null::varchar, null::timestamptz, null::timestamptz, null::varchar, varInstitutionBranchID, varBaseCurrencyID, '", B102, "'::varchar, null::bigint);")) -> PERFORM "SchData-OLTP-Master"."Func_TblPerson_SET"(varSystemLoginSession, null::bigint, null::varchar, null::timestamptz, null::timestamptz, null::varchar, varInstitutionBranchID, varBaseCurrencyID, 'Deni Setiawan'::varchar, null::bigint); | K102: =CONCATENATE( "varSQL := varSQL || (CASE WHEN (varSQL = '') THEN '' ELSE ', ' END) || (SELECT JSON_BUILD_OBJECT (", "'recordID', NULL::bigint,", "'entities', ", "JSON_BUILD_OBJECT (", "'sysLoginSession_RefID', varSystemLoginSession::bigint,", "'sysDataAnnotation', NULL::varchar,", "'sysDataSetDateTimeTZ', NULL::timestamptz,", "'sysDataValidityStartDateTimeTZ', NULL::timestamptz,", "'sysDataValidityFinishDateTimeTZ', NULL::timestamptz,", "'sysPartitionRemovableRecordKey_RefID', NULL::bigint,", "'sysBranch_RefID', varInstitutionBranchID::bigint,", "'sysBaseCurrency_RefID',varBaseCurrencyID::bigint,", "'name', ", IF(EXACT($B102, ""), "null", CONCATENATE("'", SUBSTITUTE($B102, "'", "\'"), "'")), "::varchar,", "'photo_Log_FileUpload_Pointer_RefID', ", IF(EXACT($D102, ""), "null", CONCATENATE("'", SUBSTITUTE($D102, "'", "\'"), "'")), "::bigint", ")))::varchar;") -> varSQL := varSQL || (CASE WHEN (varSQL = '') THEN '' ELSE ', ' END) || (SELECT JSON_BUILD_OBJECT ('recordID', NULL::bigint,'entities', JSON_BUILD_OBJECT ('sysLoginSession_RefID', varSystemLoginSession::bigint,'sysDataAnnotation', NULL::varchar,'sysDataSetDateTimeTZ', NULL::timestamptz,'sysDataValidityStartDateTimeTZ', NULL::timestamptz,'sysDataValidityFinishDateTimeTZ', NULL::timestamptz,'sysPartitionRemovableRecordKey_RefID', NULL::bigint,'sysBranch_RefID', varInstitutionBranchID::bigint,'sysBaseCurrency_RefID',varBaseCurrencyID::bigint,'name', 'Deni Setiawan'::varchar,'photo_Log_FileUpload_Pointer_RefID', null::bigint)))::varchar;
B103: Deny Adi Purnama | C103: deny.adi | I103: =I102 + IF(EXACT(J103, ""), 0, 1) -> 25000000000100 | J103: =IF(EXACT(B103, ""), "", CONCATENATE("PERFORM ""SchData-OLTP-Master"".""Func_TblPerson_SET""(varSystemLoginSession, null::bigint, null::varchar, null::timestamptz, null::timestamptz, null::varchar, varInstitutionBranchID, varBaseCurrencyID, '", B103, "'::varchar, null::bigint);")) -> PERFORM "SchData-OLTP-Master"."Func_TblPerson_SET"(varSystemLoginSession, null::bigint, null::varchar, null::timestamptz, null::timestamptz, null::varchar, varInstitutionBranchID, varBaseCurrencyID, 'Deny Adi Purnama'::varchar, null::bigint); | K103: =CONCATENATE( "varSQL := varSQL || (CASE WHEN (varSQL = '') THEN '' ELSE ', ' END) || (SELECT JSON_BUILD_OBJECT (", "'recordID', NULL::bigint,", "'entities', ", "JSON_BUILD_OBJECT (", "'sysLoginSession_RefID', varSystemLoginSession::bigint,", "'sysDataAnnotation', NULL::varchar,", "'sysDataSetDateTimeTZ', NULL::timestamptz,", "'sysDataValidityStartDateTimeTZ', NULL::timestamptz,", "'sysDataValidityFinishDateTimeTZ', NULL::timestamptz,", "'sysPartitionRemovableRecordKey_RefID', NULL::bigint,", "'sysBranch_RefID', varInstitutionBranchID::bigint,", "'sysBaseCurrency_RefID',varBaseCurrencyID::bigint,", "'name', ", IF(EXACT($B103, ""), "null", CONCATENATE("'", SUBSTITUTE($B103, "'", "\'"), "'")), "::varchar,", "'photo_Log_FileUpload_Pointer_RefID', ", IF(EXACT($D103, ""), "null", CONCATENATE("'", SUBSTITUTE($D103, "'", "\'"), "'")), "::bigint", ")))::varchar;") -> varSQL := varSQL || (CASE WHEN (varSQL = '') THEN '' ELSE ', ' END) || (SELECT JSON_BUILD_OBJECT ('recordID', NULL::bigint,'entities', JSON_BUILD_OBJECT ('sysLoginSession_RefID', varSystemLoginSession::bigint,'sysDataAnnotation', NULL::varchar,'sysDataSetDateTimeTZ', NULL::timestamptz,'sysDataValidityStartDateTimeTZ', NULL::timestamptz,'sysDataValidityFinishDateTimeTZ', NULL::timestamptz,'sysPartitionRemovableRecordKey_RefID', NULL::bigint,'sysBranch_RefID', varInstitutionBranchID::bigint,'sysBaseCurrency_RefID',varBaseCurrencyID::bigint,'name', 'Deny Adi Purnama'::varchar,'photo_Log_FileUpload_Pointer_RefID', null::bigint)))::varchar;
B104: Desi Herawati | C104: desi.herawati | I104: =I103 + IF(EXACT(J104, ""), 0, 1) -> 25000000000101 | J104: =IF(EXACT(B104, ""), "", CONCATENATE("PERFORM ""SchData-OLTP-Master"".""Func_TblPerson_SET""(varSystemLoginSession, null::bigint, null::varchar, null::timestamptz, null::timestamptz, null::varchar, varInstitutionBranchID, varBaseCurrencyID, '", B104, "'::varchar, null::bigint);")) -> PERFORM "SchData-OLTP-Master"."Func_TblPerson_SET"(varSystemLoginSession, null::bigint, null::varchar, null::timestamptz, null::timestamptz, null::varchar, varInstitutionBranchID, varBaseCurrencyID, 'Desi Herawati'::varchar, null::bigint); | K104: =CONCATENATE( "varSQL := varSQL || (CASE WHEN (varSQL = '') THEN '' ELSE ', ' END) || (SELECT JSON_BUILD_OBJECT (", "'recordID', NULL::bigint,", "'entities', ", "JSON_BUILD_OBJECT (", "'sysLoginSession_RefID', varSystemLoginSession::bigint,", "'sysDataAnnotation', NULL::varchar,", "'sysDataSetDateTimeTZ', NULL::timestamptz,", "'sysDataValidityStartDateTimeTZ', NULL::timestamptz,", "'sysDataValidityFinishDateTimeTZ', NULL::timestamptz,", "'sysPartitionRemovableRecordKey_RefID', NULL::bigint,", "'sysBranch_RefID', varInstitutionBranchID::bigint,", "'sysBaseCurrency_RefID',varBaseCurrencyID::bigint,", "'name', ", IF(EXACT($B104, ""), "null", CONCATENATE("'", SUBSTITUTE($B104, "'", "\'"), "'")), "::varchar,", "'photo_Log_FileUpload_Pointer_RefID', ", IF(EXACT($D104, ""), "null", CONCATENATE("'", SUBSTITUTE($D104, "'", "\'"), "'")), "::bigint", ")))::varchar;") -> varSQL := varSQL || (CASE WHEN (varSQL = '') THEN '' ELSE ', ' END) || (SELECT JSON_BUILD_OBJECT ('recordID', NULL::bigint,'entities', JSON_BUILD_OBJECT ('sysLoginSession_RefID', varSystemLoginSession::bigint,'sysDataAnnotation', NULL::varchar,'sysDataSetDateTimeTZ', NULL::timestamptz,'sysDataValidityStartDateTimeTZ', NULL::timestamptz,'sysDataValidityFinishDateTimeTZ', NULL::timestamptz,'sysPartitionRemovableRecordKey_RefID', NULL::bigint,'sysBranch_RefID', varInstitutionBranchID::bigint,'sysBaseCurrency_RefID',varBaseCurrencyID::bigint,'name', 'Desi Herawati'::varchar,'photo_Log_FileUpload_Pointer_RefID', null::bigint)))::varchar;
B105: Desi Setiowati | C105: desi | I105: =I104 + IF(EXACT(J105, ""), 0, 1) -> 25000000000102 | J105: =IF(EXACT(B105, ""), "", CONCATENATE("PERFORM ""SchData-OLTP-Master"".""Func_TblPerson_SET""(varSystemLoginSession, null::bigint, null::varchar, null::timestamptz, null::timestamptz, null::varchar, varInstitutionBranchID, varBaseCurrencyID, '", B105, "'::varchar, null::bigint);")) -> PERFORM "SchData-OLTP-Master"."Func_TblPerson_SET"(varSystemLoginSession, null::bigint, null::varchar, null::timestamptz, null::timestamptz, null::varchar, varInstitutionBranchID, varBaseCurrencyID, 'Desi Setiowati'::varchar, null::bigint); | K105: =CONCATENATE( "varSQL := varSQL || (CASE WHEN (varSQL = '') THEN '' ELSE ', ' END) || (SELECT JSON_BUILD_OBJECT (", "'recordID', NULL::bigint,", "'entities', ", "JSON_BUILD_OBJECT (", "'sysLoginSession_RefID', varSystemLoginSession::bigint,", "'sysDataAnnotation', NULL::varchar,", "'sysDataSetDateTimeTZ', NULL::timestamptz,", "'sysDataValidityStartDateTimeTZ', NULL::timestamptz,", "'sysDataValidityFinishDateTimeTZ', NULL::timestamptz,", "'sysPartitionRemovableRecordKey_RefID', NULL::bigint,", "'sysBranch_RefID', varInstitutionBranchID::bigint,", "'sysBaseCurrency_RefID',varBaseCurrencyID::bigint,", "'name', ", IF(EXACT($B105, ""), "null", CONCATENATE("'", SUBSTITUTE($B105, "'", "\'"), "'")), "::varchar,", "'photo_Log_FileUpload_Pointer_RefID', ", IF(EXACT($D105, ""), "null", CONCATENATE("'", SUBSTITUTE($D105, "'", "\'"), "'")), "::bigint", ")))::varchar;") -> varSQL := varSQL || (CASE WHEN (varSQL = '') THEN '' ELSE ', ' END) || (SELECT JSON_BUILD_OBJECT ('recordID', NULL::bigint,'entities', JSON_BUILD_OBJECT ('sysLoginSession_RefID', varSystemLoginSession::bigint,'sysDataAnnotation', NULL::varchar,'sysDataSetDateTimeTZ', NULL::timestamptz,'sysDataValidityStartDateTimeTZ', NULL::timestamptz,'sysDataValidityFinishDateTimeTZ', NULL::timestamptz,'sysPartitionRemovableRecordKey_RefID', NULL::bigint,'sysBranch_RefID', varInstitutionBranchID::bigint,'sysBaseCurrency_RefID',varBaseCurrencyID::bigint,'name', 'Desi Setiowati'::varchar,'photo_Log_FileUpload_Pointer_RefID', null::bigint)))::varchar;
B106: Dian Firdaus | C106: dianf | I106: =I105 + IF(EXACT(J106, ""), 0, 1) -> 25000000000103 | J106: =IF(EXACT(B106, ""), "", CONCATENATE("PERFORM ""SchData-OLTP-Master"".""Func_TblPerson_SET""(varSystemLoginSession, null::bigint, null::varchar, null::timestamptz, null::timestamptz, null::varchar, varInstitutionBranchID, varBaseCurrencyID, '", B106, "'::varchar, null::bigint);")) -> PERFORM "SchData-OLTP-Master"."Func_TblPerson_SET"(varSystemLoginSession, null::bigint, null::varchar, null::timestamptz, null::timestamptz, null::varchar, varInstitutionBranchID, varBaseCurrencyID, 'Dian Firdaus'::varchar, null::bigint); | K106: =CONCATENATE( "varSQL := varSQL || (CASE WHEN (varSQL = '') THEN '' ELSE ', ' END) || (SELECT JSON_BUILD_OBJECT (", "'recordID', NULL::bigint,", "'entities', ", "JSON_BUILD_OBJECT (", "'sysLoginSession_RefID', varSystemLoginSession::bigint,", "'sysDataAnnotation', NULL::varchar,", "'sysDataSetDateTimeTZ', NULL::timestamptz,", "'sysDataValidityStartDateTimeTZ', NULL::timestamptz,", "'sysDataValidityFinishDateTimeTZ', NULL::timestamptz,", "'sysPartitionRemovableRecordKey_RefID', NULL::bigint,", "'sysBranch_RefID', varInstitutionBranchID::bigint,", "'sysBaseCurrency_RefID',varBaseCurrencyID::bigint,", "'name', ", IF(EXACT($B106, ""), "null", CONCATENATE("'", SUBSTITUTE($B106, "'", "\'"), "'")), "::varchar,", "'photo_Log_FileUpload_Pointer_RefID', ", IF(EXACT($D106, ""), "null", CONCATENATE("'", SUBSTITUTE($D106, "'", "\'"), "'")), "::bigint", ")))::varchar;") -> varSQL := varSQL || (CASE WHEN (varSQL = '') THEN '' ELSE ', ' END) || (SELECT JSON_BUILD_OBJECT ('recordID', NULL::bigint,'entities', JSON_BUILD_OBJECT ('sysLoginSession_RefID', varSystemLoginSession::bigint,'sysDataAnnotation', NULL::varchar,'sysDataSetDateTimeTZ', NULL::timestamptz,'sysDataValidityStartDateTimeTZ', NULL::timestamptz,'sysDataValidityFinishDateTimeTZ', NULL::timestamptz,'sysPartitionRemovableRecordKey_RefID', NULL::bigint,'sysBranch_RefID', varInstitutionBranchID::bigint,'sysBaseCurrency_RefID',varBaseCurrencyID::bigint,'name', 'Dian Firdaus'::varchar,'photo_Log_FileUpload_Pointer_RefID', null::bigint)))::varchar;
B107: Dian Hariyana | C107: dian | I107: =I106 + IF(EXACT(J107, ""), 0, 1) -> 25000000000104 | J107: =IF(EXACT(B107, ""), "", CONCATENATE("PERFORM ""SchData-OLTP-Master"".""Func_TblPerson_SET""(varSystemLoginSession, null::bigint, null::varchar, null::timestamptz, null::timestamptz, null::varchar, varInstitutionBranchID, varBaseCurrencyID, '", B107, "'::varchar, null::bigint);")) -> PERFORM "SchData-OLTP-Master"."Func_TblPerson_SET"(varSystemLoginSession, null::bigint, null::varchar, null::timestamptz, null::timestamptz, null::varchar, varInstitutionBranchID, varBaseCurrencyID, 'Dian Hariyana'::varchar, null::bigint); | K107: =CONCATENATE( "varSQL := varSQL || (CASE WHEN (varSQL = '') THEN '' ELSE ', ' END) || (SELECT JSON_BUILD_OBJECT (", "'recordID', NULL::bigint,", "'entities', ", "JSON_BUILD_OBJECT (", "'sysLoginSession_RefID', varSystemLoginSession::bigint,", "'sysDataAnnotation', NULL::varchar,", "'sysDataSetDateTimeTZ', NULL::timestamptz,", "'sysDataValidityStartDateTimeTZ', NULL::timestamptz,", "'sysDataValidityFinishDateTimeTZ', NULL::timestamptz,", "'sysPartitionRemovableRecordKey_RefID', NULL::bigint,", "'sysBranch_RefID', varInstitutionBranchID::bigint,", "'sysBaseCurrency_RefID',varBaseCurrencyID::bigint,", "'name', ", IF(EXACT($B107, ""), "null", CONCATENATE("'", SUBSTITUTE($B107, "'", "\'"), "'")), "::varchar,", "'photo_Log_FileUpload_Pointer_RefID', ", IF(EXACT($D107, ""), "null", CONCATENATE("'", SUBSTITUTE($D107, "'", "\'"), "'")), "::bigint", ")))::varchar;") -> varSQL := varSQL || (CASE WHEN (varSQL = '') THEN '' ELSE ', ' END) || (SELECT JSON_BUILD_OBJECT ('recordID', NULL::bigint,'entities', JSON_BUILD_OBJECT ('sysLoginSession_RefID', varSystemLoginSession::bigint,'sysDataAnnotation', NULL::varchar,'sysDataSetDateTimeTZ', NULL::timestamptz,'sysDataValidityStartDateTimeTZ', NULL::timestamptz,'sysDataValidityFinishDateTimeTZ', NULL::timestamptz,'sysPartitionRemovableRecordKey_RefID', NULL::bigint,'sysBranch_RefID', varInstitutionBranchID::bigint,'sysBaseCurrency_RefID',varBaseCurrencyID::bigint,'name', 'Dian Hariyana'::varchar,'photo_Log_FileUpload_Pointer_RefID', null::bigint)))::varchar;
B108: Dinnar Budiarti | C108: dinnar | I108: =I107 + IF(EXACT(J108, ""), 0, 1) -> 25000000000105 | J108: =IF(EXACT(B108, ""), "", CONCATENATE("PERFORM ""SchData-OLTP-Master"".""Func_TblPerson_SET""(varSystemLoginSession, null::bigint, null::varchar, null::timestamptz, null::timestamptz, null::varchar, varInstitutionBranchID, varBaseCurrencyID, '", B108, "'::varchar, null::bigint);")) -> PERFORM "SchData-OLTP-Master"."Func_TblPerson_SET"(varSystemLoginSession, null::bigint, null::varchar, null::timestamptz, null::timestamptz, null::varchar, varInstitutionBranchID, varBaseCurrencyID, 'Dinnar Budiarti'::varchar, null::bigint); | K108: =CONCATENATE( "varSQL := varSQL || (CASE WHEN (varSQL = '') THEN '' ELSE ', ' END) || (SELECT JSON_BUILD_OBJECT (", "'recordID', NULL::bigint,", "'entities', ", "JSON_BUILD_OBJECT (", "'sysLoginSession_RefID', varSystemLoginSession::bigint,", "'sysDataAnnotation', NULL::varchar,", "'sysDataSetDateTimeTZ', NULL::timestamptz,", "'sysDataValidityStartDateTimeTZ', NULL::timestamptz,", "'sysDataValidityFinishDateTimeTZ', NULL::timestamptz,", "'sysPartitionRemovableRecordKey_RefID', NULL::bigint,", "'sysBranch_RefID', varInstitutionBranchID::bigint,", "'sysBaseCurrency_RefID',varBaseCurrencyID::bigint,", "'name', ", IF(EXACT($B108, ""), "null", CONCATENATE("'", SUBSTITUTE($B108, "'", "\'"), "'")), "::varchar,", "'photo_Log_FileUpload_Pointer_RefID', ", IF(EXACT($D108, ""), "null", CONCATENATE("'", SUBSTITUTE($D108, "'", "\'"), "'")), "::bigint", ")))::varchar;") -> varSQL := varSQL || (CASE WHEN (varSQL = '') THEN '' ELSE ', ' END) || (SELECT JSON_BUILD_OBJECT ('recordID', NULL::bigint,'entities', JSON_BUILD_OBJECT ('sysLoginSession_RefID', varSystemLoginSession::bigint,'sysDataAnnotation', NULL::varchar,'sysDataSetDateTimeTZ', NULL::timestamptz,'sysDataValidityStartDateTimeTZ', NULL::timestamptz,'sysDataValidityFinishDateTimeTZ', NULL::timestamptz,'sysPartitionRemovableRecordKey_RefID', NULL::bigint,'sysBranch_RefID', varInstitutionBranchID::bigint,'sysBaseCurrency_RefID',varBaseCurrencyID::bigint,'name', 'Dinnar Budiarti'::varchar,'photo_Log_FileUpload_Pointer_RefID', null::bigint)))::varchar;
B109: Dionesius Sostenist Duka | C109: dion | E109: 3175102908760008 | I109: =I108 + IF(EXACT(J109, ""), 0, 1) -> 25000000000106 | J109: =IF(EXACT(B109, ""), "", CONCATENATE("PERFORM ""SchData-OLTP-Master"".""Func_TblPerson_SET""(varSystemLoginSession, null::bigint, null::varchar, null::timestamptz, null::timestamptz, null::varchar, varInstitutionBranchID, varBaseCurrencyID, '", B109, "'::varchar, null::bigint);")) -> PERFORM "SchData-OLTP-Master"."Func_TblPerson_SET"(varSystemLoginSession, null::bigint, null::varchar, null::timestamptz, null::timestamptz, null::varchar, varInstitutionBranchID, varBaseCurrencyID, 'Dionesius Sostenist Duka'::varchar, null::bigint); | K109: =CONCATENATE( "varSQL := varSQL || (CASE WHEN (varSQL = '') THEN '' ELSE ', ' END) || (SELECT JSON_BUILD_OBJECT (", "'recordID', NULL::bigint,", "'entities', ", "JSON_BUILD_OBJECT (", "'sysLoginSession_RefID', varSystemLoginSession::bigint,", "'sysDataAnnotation', NULL::varchar,", "'sysDataSetDateTimeTZ', NULL::timestamptz,", "'sysDataValidityStartDateTimeTZ', NULL::timestamptz,", "'sysDataValidityFinishDateTimeTZ', NULL::timestamptz,", "'sysPartitionRemovableRecordKey_RefID', NULL::bigint,", "'sysBranch_RefID', varInstitutionBranchID::bigint,", "'sysBaseCurrency_RefID',varBaseCurrencyID::bigint,", "'name', ", IF(EXACT($B109, ""), "null", CONCATENATE("'", SUBSTITUTE($B109, "'", "\'"), "'")), "::varchar,", "'photo_Log_FileUpload_Pointer_RefID', ", IF(EXACT($D109, ""), "null", CONCATENATE("'", SUBSTITUTE($D109, "'", "\'"), "'")), "::bigint", ")))::varchar;") -> varSQL := varSQL || (CASE WHEN (varSQL = '') THEN '' ELSE ', ' END) || (SELECT JSON_BUILD_OBJECT ('recordID', NULL::bigint,'entities', JSON_BUILD_OBJECT ('sysLoginSession_RefID', varSystemLoginSession::bigint,'sysDataAnnotation', NULL::varchar,'sysDataSetDateTimeTZ', NULL::timestamptz,'sysDataValidityStartDateTimeTZ', NULL::timestamptz,'sysDataValidityFinishDateTimeTZ', NULL::timestamptz,'sysPartitionRemovableRecordKey_RefID', NULL::bigint,'sysBranch_RefID', varInstitutionBranchID::bigint,'sysBaseCurrency_RefID',varBaseCurrencyID::bigint,'name', 'Dionesius Sostenist Duka'::varchar,'photo_Log_FileUpload_Pointer_RefID', null::bigint)))::varchar;
B110: Diyah Martina | C110: diyah | I110: =I109 + IF(EXACT(J110, ""), 0, 1) -> 25000000000107 | J110: =IF(EXACT(B110, ""), "", CONCATENATE("PERFORM ""SchData-OLTP-Master"".""Func_TblPerson_SET""(varSystemLoginSession, null::bigint, null::varchar, null::timestamptz, null::timestamptz, null::varchar, varInstitutionBranchID, varBaseCurrencyID, '", B110, "'::varchar, null::bigint);")) -> PERFORM "SchData-OLTP-Master"."Func_TblPerson_SET"(varSystemLoginSession, null::bigint, null::varchar, null::timestamptz, null::timestamptz, null::varchar, varInstitutionBranchID, varBaseCurrencyID, 'Diyah Martina'::varchar, null::bigint); | K110: =CONCATENATE( "varSQL := varSQL || (CASE WHEN (varSQL = '') THEN '' ELSE ', ' END) || (SELECT JSON_BUILD_OBJECT (", "'recordID', NULL::bigint,", "'entities', ", "JSON_BUILD_OBJECT (", "'sysLoginSession_RefID', varSystemLoginSession::bigint,", "'sysDataAnnotation', NULL::varchar,", "'sysDataSetDateTimeTZ', NULL::timestamptz,", "'sysDataValidityStartDateTimeTZ', NULL::timestamptz,", "'sysDataValidityFinishDateTimeTZ', NULL::timestamptz,", "'sysPartitionRemovableRecordKey_RefID', NULL::bigint,", "'sysBranch_RefID', varInstitutionBranchID::bigint,", "'sysBaseCurrency_RefID',varBaseCurrencyID::bigint,", "'name', ", IF(EXACT($B110, ""), "null", CONCATENATE("'", SUBSTITUTE($B110, "'", "\'"), "'")), "::varchar,", "'photo_Log_FileUpload_Pointer_RefID', ", IF(EXACT($D110, ""), "null", CONCATENATE("'", SUBSTITUTE($D110, "'", "\'"), "'")), "::bigint", ")))::varchar;") -> varSQL := varSQL || (CASE WHEN (varSQL = '') THEN '' ELSE ', ' END) || (SELECT JSON_BUILD_OBJECT ('recordID', NULL::bigint,'entities', JSON_BUILD_OBJECT ('sysLoginSession_RefID', varSystemLoginSession::bigint,'sysDataAnnotation', NULL::varchar,'sysDataSetDateTimeTZ', NULL::timestamptz,'sysDataValidityStartDateTimeTZ', NULL::timestamptz,'sysDataValidityFinishDateTimeTZ', NULL::timestamptz,'sysPartitionRemovableRecordKey_RefID', NULL::bigint,'sysBranch_RefID', varInstitutionBranchID::bigint,'sysBaseCurrency_RefID',varBaseCurrencyID::bigint,'name', 'Diyah Martina'::varchar,'photo_Log_FileUpload_Pointer_RefID', null::bigint)))::varchar;
B111: Djuang Tampubolon | C111: djuang | I111: =I110 + IF(EXACT(J111, ""), 0, 1) -> 25000000000108 | J111: =IF(EXACT(B111, ""), "", CONCATENATE("PERFORM ""SchData-OLTP-Master"".""Func_TblPerson_SET""(varSystemLoginSession, null::bigint, null::varchar, null::timestamptz, null::timestamptz, null::varchar, varInstitutionBranchID, varBaseCurrencyID, '", B111, "'::varchar, null::bigint);")) -> PERFORM "SchData-OLTP-Master"."Func_TblPerson_SET"(varSystemLoginSession, null::bigint, null::varchar, null::timestamptz, null::timestamptz, null::varchar, varInstitutionBranchID, varBaseCurrencyID, 'Djuang Tampubolon'::varchar, null::bigint); | K111: =CONCATENATE( "varSQL := varSQL || (CASE WHEN (varSQL = '') THEN '' ELSE ', ' END) || (SELECT JSON_BUILD_OBJECT (", "'recordID', NULL::bigint,", "'entities', ", "JSON_BUILD_OBJECT (", "'sysLoginSession_RefID', varSystemLoginSession::bigint,", "'sysDataAnnotation', NULL::varchar,", "'sysDataSetDateTimeTZ', NULL::timestamptz,", "'sysDataValidityStartDateTimeTZ', NULL::timestamptz,", "'sysDataValidityFinishDateTimeTZ', NULL::timestamptz,", "'sysPartitionRemovableRecordKey_RefID', NULL::bigint,", "'sysBranch_RefID', varInstitutionBranchID::bigint,", "'sysBaseCurrency_RefID',varBaseCurrencyID::bigint,", "'name', ", IF(EXACT($B111, ""), "null", CONCATENATE("'", SUBSTITUTE($B111, "'", "\'"), "'")), "::varchar,", "'photo_Log_FileUpload_Pointer_RefID', ", IF(EXACT($D111, ""), "null", CONCATENATE("'", SUBSTITUTE($D111, "'", "\'"), "'")), "::bigint", ")))::varchar;") -> varSQL := varSQL || (CASE WHEN (varSQL = '') THEN '' ELSE ', ' END) || (SELECT JSON_BUILD_OBJECT ('recordID', NULL::bigint,'entities', JSON_BUILD_OBJECT ('sysLoginSession_RefID', varSystemLoginSession::bigint,'sysDataAnnotation', NULL::varchar,'sysDataSetDateTimeTZ', NULL::timestamptz,'sysDataValidityStartDateTimeTZ', NULL::timestamptz,'sysDataValidityFinishDateTimeTZ', NULL::timestamptz,'sysPartitionRemovableRecordKey_RefID', NULL::bigint,'sysBranch_RefID', varInstitutionBranchID::bigint,'sysBaseCurrency_RefID',varBaseCurrencyID::bigint,'name', 'Djuang Tampubolon'::varchar,'photo_Log_FileUpload_Pointer_RefID', null::bigint)))::varchar;
B112: Dodit Widiarto | C112: dodit | I112: =I111 + IF(EXACT(J112, ""), 0, 1) -> 25000000000109 | J112: =IF(EXACT(B112, ""), "", CONCATENATE("PERFORM ""SchData-OLTP-Master"".""Func_TblPerson_SET""(varSystemLoginSession, null::bigint, null::varchar, null::timestamptz, null::timestamptz, null::varchar, varInstitutionBranchID, varBaseCurrencyID, '", B112, "'::varchar, null::bigint);")) -> PERFORM "SchData-OLTP-Master"."Func_TblPerson_SET"(varSystemLoginSession, null::bigint, null::varchar, null::timestamptz, null::timestamptz, null::varchar, varInstitutionBranchID, varBaseCurrencyID, 'Dodit Widiarto'::varchar, null::bigint); | K112: =CONCATENATE( "varSQL := varSQL || (CASE WHEN (varSQL = '') THEN '' ELSE ', ' END) || (SELECT JSON_BUILD_OBJECT (", "'recordID', NULL::bigint,", "'entities', ", "JSON_BUILD_OBJECT (", "'sysLoginSession_RefID', varSystemLoginSession::bigint,", "'sysDataAnnotation', NULL::varchar,", "'sysDataSetDateTimeTZ', NULL::timestamptz,", "'sysDataValidityStartDateTimeTZ', NULL::timestamptz,", "'sysDataValidityFinishDateTimeTZ', NULL::timestamptz,", "'sysPartitionRemovableRecordKey_RefID', NULL::bigint,", "'sysBranch_RefID', varInstitutionBranchID::bigint,", "'sysBaseCurrency_RefID',varBaseCurrencyID::bigint,", "'name', ", IF(EXACT($B112, ""), "null", CONCATENATE("'", SUBSTITUTE($B112, "'", "\'"), "'")), "::varchar,", "'photo_Log_FileUpload_Pointer_RefID', ", IF(EXACT($D112, ""), "null", CONCATENATE("'", SUBSTITUTE($D112, "'", "\'"), "'")), "::bigint", ")))::varchar;") -> varSQL := varSQL || (CASE WHEN (varSQL = '') THEN '' ELSE ', ' END) || (SELECT JSON_BUILD_OBJECT ('recordID', NULL::bigint,'entities', JSON_BUILD_OBJECT ('sysLoginSession_RefID', varSystemLoginSession::bigint,'sysDataAnnotation', NULL::varchar,'sysDataSetDateTimeTZ', NULL::timestamptz,'sysDataValidityStartDateTimeTZ', NULL::timestamptz,'sysDataValidityFinishDateTimeTZ', NULL::timestamptz,'sysPartitionRemovableRecordKey_RefID', NULL::bigint,'sysBranch_RefID', varInstitutionBranchID::bigint,'sysBaseCurrency_RefID',varBaseCurrencyID::bigint,'name', 'Dodit Widiarto'::varchar,'photo_Log_FileUpload_Pointer_RefID', null::bigint)))::varchar;
B113: Dony Darmawan | C113: dony | I113: =I112 + IF(EXACT(J113, ""), 0, 1) -> 25000000000110 | J113: =IF(EXACT(B113, ""), "", CONCATENATE("PERFORM ""SchData-OLTP-Master"".""Func_TblPerson_SET""(varSystemLoginSession, null::bigint, null::varchar, null::timestamptz, null::timestamptz, null::varchar, varInstitutionBranchID, varBaseCurrencyID, '", B113, "'::varchar, null::bigint);")) -> PERFORM "SchData-OLTP-Master"."Func_TblPerson_SET"(varSystemLoginSession, null::bigint, null::varchar, null::timestamptz, null::timestamptz, null::varchar, varInstitutionBranchID, varBaseCurrencyID, 'Dony Darmawan'::varchar, null::bigint); | K113: =CONCATENATE( "varSQL := varSQL || (CASE WHEN (varSQL = '') THEN '' ELSE ', ' END) || (SELECT JSON_BUILD_OBJECT (", "'recordID', NULL::bigint,", "'entities', ", "JSON_BUILD_OBJECT (", "'sysLoginSession_RefID', varSystemLoginSession::bigint,", "'sysDataAnnotation', NULL::varchar,", "'sysDataSetDateTimeTZ', NULL::timestamptz,", "'sysDataValidityStartDateTimeTZ', NULL::timestamptz,", "'sysDataValidityFinishDateTimeTZ', NULL::timestamptz,", "'sysPartitionRemovableRecordKey_RefID', NULL::bigint,", "'sysBranch_RefID', varInstitutionBranchID::bigint,", "'sysBaseCurrency_RefID',varBaseCurrencyID::bigint,", "'name', ", IF(EXACT($B113, ""), "null", CONCATENATE("'", SUBSTITUTE($B113, "'", "\'"), "'")), "::varchar,", "'photo_Log_FileUpload_Pointer_RefID', ", IF(EXACT($D113, ""), "null", CONCATENATE("'", SUBSTITUTE($D113, "'", "\'"), "'")), "::bigint", ")))::varchar;") -> varSQL := varSQL || (CASE WHEN (varSQL = '') THEN '' ELSE ', ' END) || (SELECT JSON_BUILD_OBJECT ('recordID', NULL::bigint,'entities', JSON_BUILD_OBJECT ('sysLoginSession_RefID', varSystemLoginSession::bigint,'sysDataAnnotation', NULL::varchar,'sysDataSetDateTimeTZ', NULL::timestamptz,'sysDataValidityStartDateTimeTZ', NULL::timestamptz,'sysDataValidityFinishDateTimeTZ', NULL::timestamptz,'sysPartitionRemovableRecordKey_RefID', NULL::bigint,'sysBranch_RefID', varInstitutionBranchID::bigint,'sysBaseCurrency_RefID',varBaseCurrencyID::bigint,'name', 'Dony Darmawan'::varchar,'photo_Log_FileUpload_Pointer_RefID', null::bigint)))::varchar;
B114: Dony Setiawan | C114: dony.setiawan | I114: =I113 + IF(EXACT(J114, ""), 0, 1) -> 25000000000111 | J114: =IF(EXACT(B114, ""), "", CONCATENATE("PERFORM ""SchData-OLTP-Master"".""Func_TblPerson_SET""(varSystemLoginSession, null::bigint, null::varchar, null::timestamptz, null::timestamptz, null::varchar, varInstitutionBranchID, varBaseCurrencyID, '", B114, "'::varchar, null::bigint);")) -> PERFORM "SchData-OLTP-Master"."Func_TblPerson_SET"(varSystemLoginSession, null::bigint, null::varchar, null::timestamptz, null::timestamptz, null::varchar, varInstitutionBranchID, varBaseCurrencyID, 'Dony Setiawan'::varchar, null::bigint); | K114: =CONCATENATE( "varSQL := varSQL || (CASE WHEN (varSQL = '') THEN '' ELSE ', ' END) || (SELECT JSON_BUILD_OBJECT (", "'recordID', NULL::bigint,", "'entities', ", "JSON_BUILD_OBJECT (", "'sysLoginSession_RefID', varSystemLoginSession::bigint,", "'sysDataAnnotation', NULL::varchar,", "'sysDataSetDateTimeTZ', NULL::timestamptz,", "'sysDataValidityStartDateTimeTZ', NULL::timestamptz,", "'sysDataValidityFinishDateTimeTZ', NULL::timestamptz,", "'sysPartitionRemovableRecordKey_RefID', NULL::bigint,", "'sysBranch_RefID', varInstitutionBranchID::bigint,", "'sysBaseCurrency_RefID',varBaseCurrencyID::bigint,", "'name', ", IF(EXACT($B114, ""), "null", CONCATENATE("'", SUBSTITUTE($B114, "'", "\'"), "'")), "::varchar,", "'photo_Log_FileUpload_Pointer_RefID', ", IF(EXACT($D114, ""), "null", CONCATENATE("'", SUBSTITUTE($D114, "'", "\'"), "'")), "::bigint", ")))::varchar;") -> varSQL := varSQL || (CASE WHEN (varSQL = '') THEN '' ELSE ', ' END) || (SELECT JSON_BUILD_OBJECT ('recordID', NULL::bigint,'entities', JSON_BUILD_OBJECT ('sysLoginSession_RefID', varSystemLoginSession::bigint,'sysDataAnnotation', NULL::varchar,'sysDataSetDateTimeTZ', NULL::timestamptz,'sysDataValidityStartDateTimeTZ', NULL::timestamptz,'sysDataValidityFinishDateTimeTZ', NULL::timestamptz,'sysPartitionRemovableRecordKey_RefID', NULL::bigint,'sysBranch_RefID', varInstitutionBranchID::bigint,'sysBaseCurrency_RefID',varBaseCurrencyID::bigint,'name', 'Dony Setiawan'::varchar,'photo_Log_FileUpload_Pointer_RefID', null::bigint)))::varchar;
B115: Dudi Rustandi | C115: dudi | I115: =I114 + IF(EXACT(J115, ""), 0, 1) -> 25000000000112 | J115: =IF(EXACT(B115, ""), "", CONCATENATE("PERFORM ""SchData-OLTP-Master"".""Func_TblPerson_SET""(varSystemLoginSession, null::bigint, null::varchar, null::timestamptz, null::timestamptz, null::varchar, varInstitutionBranchID, varBaseCurrencyID, '", B115, "'::varchar, null::bigint);")) -> PERFORM "SchData-OLTP-Master"."Func_TblPerson_SET"(varSystemLoginSession, null::bigint, null::varchar, null::timestamptz, null::timestamptz, null::varchar, varInstitutionBranchID, varBaseCurrencyID, 'Dudi Rustandi'::varchar, null::bigint); | K115: =CONCATENATE( "varSQL := varSQL || (CASE WHEN (varSQL = '') THEN '' ELSE ', ' END) || (SELECT JSON_BUILD_OBJECT (", "'recordID', NULL::bigint,", "'entities', ", "JSON_BUILD_OBJECT (", "'sysLoginSession_RefID', varSystemLoginSession::bigint,", "'sysDataAnnotation', NULL::varchar,", "'sysDataSetDateTimeTZ', NULL::timestamptz,", "'sysDataValidityStartDateTimeTZ', NULL::timestamptz,", "'sysDataValidityFinishDateTimeTZ', NULL::timestamptz,", "'sysPartitionRemovableRecordKey_RefID', NULL::bigint,", "'sysBranch_RefID', varInstitutionBranchID::bigint,", "'sysBaseCurrency_RefID',varBaseCurrencyID::bigint,", "'name', ", IF(EXACT($B115, ""), "null", CONCATENATE("'", SUBSTITUTE($B115, "'", "\'"), "'")), "::varchar,", "'photo_Log_FileUpload_Pointer_RefID', ", IF(EXACT($D115, ""), "null", CONCATENATE("'", SUBSTITUTE($D115, "'", "\'"), "'")), "::bigint", ")))::varchar;") -> varSQL := varSQL || (CASE WHEN (varSQL = '') THEN '' ELSE ', ' END) || (SELECT JSON_BUILD_OBJECT ('recordID', NULL::bigint,'entities', JSON_BUILD_OBJECT ('sysLoginSession_RefID', varSystemLoginSession::bigint,'sysDataAnnotation', NULL::varchar,'sysDataSetDateTimeTZ', NULL::timestamptz,'sysDataValidityStartDateTimeTZ', NULL::timestamptz,'sysDataValidityFinishDateTimeTZ', NULL::timestamptz,'sysPartitionRemovableRecordKey_RefID', NULL::bigint,'sysBranch_RefID', varInstitutionBranchID::bigint,'sysBaseCurrency_RefID',varBaseCurrencyID::bigint,'name', 'Dudi Rustandi'::varchar,'photo_Log_FileUpload_Pointer_RefID', null::bigint)))::varchar;
B116: Dudung | C116: dudung | I116: =I115 + IF(EXACT(J116, ""), 0, 1) -> 25000000000113 | J116: =IF(EXACT(B116, ""), "", CONCATENATE("PERFORM ""SchData-OLTP-Master"".""Func_TblPerson_SET""(varSystemLoginSession, null::bigint, null::varchar, null::timestamptz, null::timestamptz, null::varchar, varInstitutionBranchID, varBaseCurrencyID, '", B116, "'::varchar, null::bigint);")) -> PERFORM "SchData-OLTP-Master"."Func_TblPerson_SET"(varSystemLoginSession, null::bigint, null::varchar, null::timestamptz, null::timestamptz, null::varchar, varInstitutionBranchID, varBaseCurrencyID, 'Dudung'::varchar, null::bigint); | K116: =CONCATENATE( "varSQL := varSQL || (CASE WHEN (varSQL = '') THEN '' ELSE ', ' END) || (SELECT JSON_BUILD_OBJECT (", "'recordID', NULL::bigint,", "'entities', ", "JSON_BUILD_OBJECT (", "'sysLoginSession_RefID', varSystemLoginSession::bigint,", "'sysDataAnnotation', NULL::varchar,", "'sysDataSetDateTimeTZ', NULL::timestamptz,", "'sysDataValidityStartDateTimeTZ', NULL::timestamptz,", "'sysDataValidityFinishDateTimeTZ', NULL::timestamptz,", "'sysPartitionRemovableRecordKey_RefID', NULL::bigint,", "'sysBranch_RefID', varInstitutionBranchID::bigint,", "'sysBaseCurrency_RefID',varBaseCurrencyID::bigint,", "'name', ", IF(EXACT($B116, ""), "null", CONCATENATE("'", SUBSTITUTE($B116, "'", "\'"), "'")), "::varchar,", "'photo_Log_FileUpload_Pointer_RefID', ", IF(EXACT($D116, ""), "null", CONCATENATE("'", SUBSTITUTE($D116, "'", "\'"), "'")), "::bigint", ")))::varchar;") -> varSQL := varSQL || (CASE WHEN (varSQL = '') THEN '' ELSE ', ' END) || (SELECT JSON_BUILD_OBJECT ('recordID', NULL::bigint,'entities', JSON_BUILD_OBJECT ('sysLoginSession_RefID', varSystemLoginSession::bigint,'sysDataAnnotation', NULL::varchar,'sysDataSetDateTimeTZ', NULL::timestamptz,'sysDataValidityStartDateTimeTZ', NULL::timestamptz,'sysDataValidityFinishDateTimeTZ', NULL::timestamptz,'sysPartitionRemovableRecordKey_RefID', NULL::bigint,'sysBranch_RefID', varInstitutionBranchID::bigint,'sysBaseCurrency_RefID',varBaseCurrencyID::bigint,'name', 'Dudung'::varchar,'photo_Log_FileUpload_Pointer_RefID', null::bigint)))::varchar;
B117: Dwi Joko Setio Tjaroko | C117: dwijoko | I117: =I116 + IF(EXACT(J117, ""), 0, 1) -> 25000000000114 | J117: =IF(EXACT(B117, ""), "", CONCATENATE("PERFORM ""SchData-OLTP-Master"".""Func_TblPerson_SET""(varSystemLoginSession, null::bigint, null::varchar, null::timestamptz, null::timestamptz, null::varchar, varInstitutionBranchID, varBaseCurrencyID, '", B117, "'::varchar, null::bigint);")) -> PERFORM "SchData-OLTP-Master"."Func_TblPerson_SET"(varSystemLoginSession, null::bigint, null::varchar, null::timestamptz, null::timestamptz, null::varchar, varInstitutionBranchID, varBaseCurrencyID, 'Dwi Joko Setio Tjaroko'::varchar, null::bigint); | K117: =CONCATENATE( "varSQL := varSQL || (CASE WHEN (varSQL = '') THEN '' ELSE ', ' END) || (SELECT JSON_BUILD_OBJECT (", "'recordID', NULL::bigint,", "'entities', ", "JSON_BUILD_OBJECT (", "'sysLoginSession_RefID', varSystemLoginSession::bigint,", "'sysDataAnnotation', NULL::varchar,", "'sysDataSetDateTimeTZ', NULL::timestamptz,", "'sysDataValidityStartDateTimeTZ', NULL::timestamptz,", "'sysDataValidityFinishDateTimeTZ', NULL::timestamptz,", "'sysPartitionRemovableRecordKey_RefID', NULL::bigint,", "'sysBranch_RefID', varInstitutionBranchID::bigint,", "'sysBaseCurrency_RefID',varBaseCurrencyID::bigint,", "'name', ", IF(EXACT($B117, ""), "null", CONCATENATE("'", SUBSTITUTE($B117, "'", "\'"), "'")), "::varchar,", "'photo_Log_FileUpload_Pointer_RefID', ", IF(EXACT($D117, ""), "null", CONCATENATE("'", SUBSTITUTE($D117, "'", "\'"), "'")), "::bigint", ")))::varchar;") -> varSQL := varSQL || (CASE WHEN (varSQL = '') THEN '' ELSE ', ' END) || (SELECT JSON_BUILD_OBJECT ('recordID', NULL::bigint,'entities', JSON_BUILD_OBJECT ('sysLoginSession_RefID', varSystemLoginSession::bigint,'sysDataAnnotation', NULL::varchar,'sysDataSetDateTimeTZ', NULL::timestamptz,'sysDataValidityStartDateTimeTZ', NULL::timestamptz,'sysDataValidityFinishDateTimeTZ', NULL::timestamptz,'sysPartitionRemovableRecordKey_RefID', NULL::bigint,'sysBranch_RefID', varInstitutionBranchID::bigint,'sysBaseCurrency_RefID',varBaseCurrencyID::bigint,'name', 'Dwi Joko Setio Tjaroko'::varchar,'photo_Log_FileUpload_Pointer_RefID', null::bigint)))::varchar;
B118: Dwinanto Prabowo | C118: dwinanto | I118: =I117 + IF(EXACT(J118, ""), 0, 1) -> 25000000000115 | J118: =IF(EXACT(B118, ""), "", CONCATENATE("PERFORM ""SchData-OLTP-Master"".""Func_TblPerson_SET""(varSystemLoginSession, null::bigint, null::varchar, null::timestamptz, null::timestamptz, null::varchar, varInstitutionBranchID, varBaseCurrencyID, '", B118, "'::varchar, null::bigint);")) -> PERFORM "SchData-OLTP-Master"."Func_TblPerson_SET"(varSystemLoginSession, null::bigint, null::varchar, null::timestamptz, null::timestamptz, null::varchar, varInstitutionBranchID, varBaseCurrencyID, 'Dwinanto Prabowo'::varchar, null::bigint); | K118: =CONCATENATE( "varSQL := varSQL || (CASE WHEN (varSQL = '') THEN '' ELSE ', ' END) || (SELECT JSON_BUILD_OBJECT (", "'recordID', NULL::bigint,", "'entities', ", "JSON_BUILD_OBJECT (", "'sysLoginSession_RefID', varSystemLoginSession::bigint,", "'sysDataAnnotation', NULL::varchar,", "'sysDataSetDateTimeTZ', NULL::timestamptz,", "'sysDataValidityStartDateTimeTZ', NULL::timestamptz,", "'sysDataValidityFinishDateTimeTZ', NULL::timestamptz,", "'sysPartitionRemovableRecordKey_RefID', NULL::bigint,", "'sysBranch_RefID', varInstitutionBranchID::bigint,", "'sysBaseCurrency_RefID',varBaseCurrencyID::bigint,", "'name', ", IF(EXACT($B118, ""), "null", CONCATENATE("'", SUBSTITUTE($B118, "'", "\'"), "'")), "::varchar,", "'photo_Log_FileUpload_Pointer_RefID', ", IF(EXACT($D118, ""), "null", CONCATENATE("'", SUBSTITUTE($D118, "'", "\'"), "'")), "::bigint", ")))::varchar;") -> varSQL := varSQL || (CASE WHEN (varSQL = '') THEN '' ELSE ', ' END) || (SELECT JSON_BUILD_OBJECT ('recordID', NULL::bigint,'entities', JSON_BUILD_OBJECT ('sysLoginSession_RefID', varSystemLoginSession::bigint,'sysDataAnnotation', NULL::varchar,'sysDataSetDateTimeTZ', NULL::timestamptz,'sysDataValidityStartDateTimeTZ', NULL::timestamptz,'sysDataValidityFinishDateTimeTZ', NULL::timestamptz,'sysPartitionRemovableRecordKey_RefID', NULL::bigint,'sysBranch_RefID', varInstitutionBranchID::bigint,'sysBaseCurrency_RefID',varBaseCurrencyID::bigint,'name', 'Dwinanto Prabowo'::varchar,'photo_Log_FileUpload_Pointer_RefID', null::bigint)))::varchar;
B119: Edi Waluyo | C119: eddy | E119: 3173012409690006 | I119: =I118 + IF(EXACT(J119, ""), 0, 1) -> 25000000000116 | J119: =IF(EXACT(B119, ""), "", CONCATENATE("PERFORM ""SchData-OLTP-Master"".""Func_TblPerson_SET""(varSystemLoginSession, null::bigint, null::varchar, null::timestamptz, null::timestamptz, null::varchar, varInstitutionBranchID, varBaseCurrencyID, '", B119, "'::varchar, null::bigint);")) -> PERFORM "SchData-OLTP-Master"."Func_TblPerson_SET"(varSystemLoginSession, null::bigint, null::varchar, null::timestamptz, null::timestamptz, null::varchar, varInstitutionBranchID, varBaseCurrencyID, 'Edi Waluyo'::varchar, null::bigint); | K119: =CONCATENATE( "varSQL := varSQL || (CASE WHEN (varSQL = '') THEN '' ELSE ', ' END) || (SELECT JSON_BUILD_OBJECT (", "'recordID', NULL::bigint,", "'entities', ", "JSON_BUILD_OBJECT (", "'sysLoginSession_RefID', varSystemLoginSession::bigint,", "'sysDataAnnotation', NULL::varchar,", "'sysDataSetDateTimeTZ', NULL::timestamptz,", "'sysDataValidityStartDateTimeTZ', NULL::timestamptz,", "'sysDataValidityFinishDateTimeTZ', NULL::timestamptz,", "'sysPartitionRemovableRecordKey_RefID', NULL::bigint,", "'sysBranch_RefID', varInstitutionBranchID::bigint,", "'sysBaseCurrency_RefID',varBaseCurrencyID::bigint,", "'name', ", IF(EXACT($B119, ""), "null", CONCATENATE("'", SUBSTITUTE($B119, "'", "\'"), "'")), "::varchar,", "'photo_Log_FileUpload_Pointer_RefID', ", IF(EXACT($D119, ""), "null", CONCATENATE("'", SUBSTITUTE($D119, "'", "\'"), "'")), "::bigint", ")))::varchar;") -> varSQL := varSQL || (CASE WHEN (varSQL = '') THEN '' ELSE ', ' END) || (SELECT JSON_BUILD_OBJECT ('recordID', NULL::bigint,'entities', JSON_BUILD_OBJECT ('sysLoginSession_RefID', varSystemLoginSession::bigint,'sysDataAnnotation', NULL::varchar,'sysDataSetDateTimeTZ', NULL::timestamptz,'sysDataValidityStartDateTimeTZ', NULL::timestamptz,'sysDataValidityFinishDateTimeTZ', NULL::timestamptz,'sysPartitionRemovableRecordKey_RefID', NULL::bigint,'sysBranch_RefID', varInstitutionBranchID::bigint,'sysBaseCurrency_RefID',varBaseCurrencyID::bigint,'name', 'Edi Waluyo'::varchar,'photo_Log_FileUpload_Pointer_RefID', null::bigint)))::varchar;
B120: Edi Siswanto | C120: edis | I120: =I119 + IF(EXACT(J120, ""), 0, 1) -> 25000000000117 | J120: =IF(EXACT(B120, ""), "", CONCATENATE("PERFORM ""SchData-OLTP-Master"".""Func_TblPerson_SET""(varSystemLoginSession, null::bigint, null::varchar, null::timestamptz, null::timestamptz, null::varchar, varInstitutionBranchID, varBaseCurrencyID, '", B120, "'::varchar, null::bigint);")) -> PERFORM "SchData-OLTP-Master"."Func_TblPerson_SET"(varSystemLoginSession, null::bigint, null::varchar, null::timestamptz, null::timestamptz, null::varchar, varInstitutionBranchID, varBaseCurrencyID, 'Edi Siswanto'::varchar, null::bigint); | K120: =CONCATENATE( "varSQL := varSQL || (CASE WHEN (varSQL = '') THEN '' ELSE ', ' END) || (SELECT JSON_BUILD_OBJECT (", "'recordID', NULL::bigint,", "'entities', ", "JSON_BUILD_OBJECT (", "'sysLoginSession_RefID', varSystemLoginSession::bigint,", "'sysDataAnnotation', NULL::varchar,", "'sysDataSetDateTimeTZ', NULL::timestamptz,", "'sysDataValidityStartDateTimeTZ', NULL::timestamptz,", "'sysDataValidityFinishDateTimeTZ', NULL::timestamptz,", "'sysPartitionRemovableRecordKey_RefID', NULL::bigint,", "'sysBranch_RefID', varInstitutionBranchID::bigint,", "'sysBaseCurrency_RefID',varBaseCurrencyID::bigint,", "'name', ", IF(EXACT($B120, ""), "null", CONCATENATE("'", SUBSTITUTE($B120, "'", "\'"), "'")), "::varchar,", "'photo_Log_FileUpload_Pointer_RefID', ", IF(EXACT($D120, ""), "null", CONCATENATE("'", SUBSTITUTE($D120, "'", "\'"), "'")), "::bigint", ")))::varchar;") -> varSQL := varSQL || (CASE WHEN (varSQL = '') THEN '' ELSE ', ' END) || (SELECT JSON_BUILD_OBJECT ('recordID', NULL::bigint,'entities', JSON_BUILD_OBJECT ('sysLoginSession_RefID', varSystemLoginSession::bigint,'sysDataAnnotation', NULL::varchar,'sysDataSetDateTimeTZ', NULL::timestamptz,'sysDataValidityStartDateTimeTZ', NULL::timestamptz,'sysDataValidityFinishDateTimeTZ', NULL::timestamptz,'sysPartitionRemovableRecordKey_RefID', NULL::bigint,'sysBranch_RefID', varInstitutionBranchID::bigint,'sysBaseCurrency_RefID',varBaseCurrencyID::bigint,'name', 'Edi Siswanto'::varchar,'photo_Log_FileUpload_Pointer_RefID', null::bigint)))::varchar;
B121: Edi Turnip | C121: edi | I121: =I120 + IF(EXACT(J121, ""), 0, 1) -> 25000000000118 | J121: =IF(EXACT(B121, ""), "", CONCATENATE("PERFORM ""SchData-OLTP-Master"".""Func_TblPerson_SET""(varSystemLoginSession, null::bigint, null::varchar, null::timestamptz, null::timestamptz, null::varchar, varInstitutionBranchID, varBaseCurrencyID, '", B121, "'::varchar, null::bigint);")) -> PERFORM "SchData-OLTP-Master"."Func_TblPerson_SET"(varSystemLoginSession, null::bigint, null::varchar, null::timestamptz, null::timestamptz, null::varchar, varInstitutionBranchID, varBaseCurrencyID, 'Edi Turnip'::varchar, null::bigint); | K121: =CONCATENATE( "varSQL := varSQL || (CASE WHEN (varSQL = '') THEN '' ELSE ', ' END) || (SELECT JSON_BUILD_OBJECT (", "'recordID', NULL::bigint,", "'entities', ", "JSON_BUILD_OBJECT (", "'sysLoginSession_RefID', varSystemLoginSession::bigint,", "'sysDataAnnotation', NULL::varchar,", "'sysDataSetDateTimeTZ', NULL::timestamptz,", "'sysDataValidityStartDateTimeTZ', NULL::timestamptz,", "'sysDataValidityFinishDateTimeTZ', NULL::timestamptz,", "'sysPartitionRemovableRecordKey_RefID', NULL::bigint,", "'sysBranch_RefID', varInstitutionBranchID::bigint,", "'sysBaseCurrency_RefID',varBaseCurrencyID::bigint,", "'name', ", IF(EXACT($B121, ""), "null", CONCATENATE("'", SUBSTITUTE($B121, "'", "\'"), "'")), "::varchar,", "'photo_Log_FileUpload_Pointer_RefID', ", IF(EXACT($D121, ""), "null", CONCATENATE("'", SUBSTITUTE($D121, "'", "\'"), "'")), "::bigint", ")))::varchar;") -> varSQL := varSQL || (CASE WHEN (varSQL = '') THEN '' ELSE ', ' END) || (SELECT JSON_BUILD_OBJECT ('recordID', NULL::bigint,'entities', JSON_BUILD_OBJECT ('sysLoginSession_RefID', varSystemLoginSession::bigint,'sysDataAnnotation', NULL::varchar,'sysDataSetDateTimeTZ', NULL::timestamptz,'sysDataValidityStartDateTimeTZ', NULL::timestamptz,'sysDataValidityFinishDateTimeTZ', NULL::timestamptz,'sysPartitionRemovableRecordKey_RefID', NULL::bigint,'sysBranch_RefID', varInstitutionBranchID::bigint,'sysBaseCurrency_RefID',varBaseCurrencyID::bigint,'name', 'Edi Turnip'::varchar,'photo_Log_FileUpload_Pointer_RefID', null::bigint)))::varchar;
B122: Edy Putra Waskita | C122: edyw | I122: =I121 + IF(EXACT(J122, ""), 0, 1) -> 25000000000119 | J122: =IF(EXACT(B122, ""), "", CONCATENATE("PERFORM ""SchData-OLTP-Master"".""Func_TblPerson_SET""(varSystemLoginSession, null::bigint, null::varchar, null::timestamptz, null::timestamptz, null::varchar, varInstitutionBranchID, varBaseCurrencyID, '", B122, "'::varchar, null::bigint);")) -> PERFORM "SchData-OLTP-Master"."Func_TblPerson_SET"(varSystemLoginSession, null::bigint, null::varchar, null::timestamptz, null::timestamptz, null::varchar, varInstitutionBranchID, varBaseCurrencyID, 'Edy Putra Waskita'::varchar, null::bigint); | K122: =CONCATENATE( "varSQL := varSQL || (CASE WHEN (varSQL = '') THEN '' ELSE ', ' END) || (SELECT JSON_BUILD_OBJECT (", "'recordID', NULL::bigint,", "'entities', ", "JSON_BUILD_OBJECT (", "'sysLoginSession_RefID', varSystemLoginSession::bigint,", "'sysDataAnnotation', NULL::varchar,", "'sysDataSetDateTimeTZ', NULL::timestamptz,", "'sysDataValidityStartDateTimeTZ', NULL::timestamptz,", "'sysDataValidityFinishDateTimeTZ', NULL::timestamptz,", "'sysPartitionRemovableRecordKey_RefID', NULL::bigint,", "'sysBranch_RefID', varInstitutionBranchID::bigint,", "'sysBaseCurrency_RefID',varBaseCurrencyID::bigint,", "'name', ", IF(EXACT($B122, ""), "null", CONCATENATE("'", SUBSTITUTE($B122, "'", "\'"), "'")), "::varchar,", "'photo_Log_FileUpload_Pointer_RefID', ", IF(EXACT($D122, ""), "null", CONCATENATE("'", SUBSTITUTE($D122, "'", "\'"), "'")), "::bigint", ")))::varchar;") -> varSQL := varSQL || (CASE WHEN (varSQL = '') THEN '' ELSE ', ' END) || (SELECT JSON_BUILD_OBJECT ('recordID', NULL::bigint,'entities', JSON_BUILD_OBJECT ('sysLoginSession_RefID', varSystemLoginSession::bigint,'sysDataAnnotation', NULL::varchar,'sysDataSetDateTimeTZ', NULL::timestamptz,'sysDataValidityStartDateTimeTZ', NULL::timestamptz,'sysDataValidityFinishDateTimeTZ', NULL::timestamptz,'sysPartitionRemovableRecordKey_RefID', NULL::bigint,'sysBranch_RefID', varInstitutionBranchID::bigint,'sysBaseCurrency_RefID',varBaseCurrencyID::bigint,'name', 'Edy Putra Waskita'::varchar,'photo_Log_FileUpload_Pointer_RefID', null::bigint)))::varchar;
B123: Edy Syahputra Situmeang | C123: edy.situmeang | E123: 1208301611900003 | I123: =I122 + IF(EXACT(J123, ""), 0, 1) -> 25000000000120 | J123: =IF(EXACT(B123, ""), "", CONCATENATE("PERFORM ""SchData-OLTP-Master"".""Func_TblPerson_SET""(varSystemLoginSession, null::bigint, null::varchar, null::timestamptz, null::timestamptz, null::varchar, varInstitutionBranchID, varBaseCurrencyID, '", B123, "'::varchar, null::bigint);")) -> PERFORM "SchData-OLTP-Master"."Func_TblPerson_SET"(varSystemLoginSession, null::bigint, null::varchar, null::timestamptz, null::timestamptz, null::varchar, varInstitutionBranchID, varBaseCurrencyID, 'Edy Syahputra Situmeang'::varchar, null::bigint); | K123: =CONCATENATE( "varSQL := varSQL || (CASE WHEN (varSQL = '') THEN '' ELSE ', ' END) || (SELECT JSON_BUILD_OBJECT (", "'recordID', NULL::bigint,", "'entities', ", "JSON_BUILD_OBJECT (", "'sysLoginSession_RefID', varSystemLoginSession::bigint,", "'sysDataAnnotation', NULL::varchar,", "'sysDataSetDateTimeTZ', NULL::timestamptz,", "'sysDataValidityStartDateTimeTZ', NULL::timestamptz,", "'sysDataValidityFinishDateTimeTZ', NULL::timestamptz,", "'sysPartitionRemovableRecordKey_RefID', NULL::bigint,", "'sysBranch_RefID', varInstitutionBranchID::bigint,", "'sysBaseCurrency_RefID',varBaseCurrencyID::bigint,", "'name', ", IF(EXACT($B123, ""), "null", CONCATENATE("'", SUBSTITUTE($B123, "'", "\'"), "'")), "::varchar,", "'photo_Log_FileUpload_Pointer_RefID', ", IF(EXACT($D123, ""), "null", CONCATENATE("'", SUBSTITUTE($D123, "'", "\'"), "'")), "::bigint", ")))::varchar;") -> varSQL := varSQL || (CASE WHEN (varSQL = '') THEN '' ELSE ', ' END) || (SELECT JSON_BUILD_OBJECT ('recordID', NULL::bigint,'entities', JSON_BUILD_OBJECT ('sysLoginSession_RefID', varSystemLoginSession::bigint,'sysDataAnnotation', NULL::varchar,'sysDataSetDateTimeTZ', NULL::timestamptz,'sysDataValidityStartDateTimeTZ', NULL::timestamptz,'sysDataValidityFinishDateTimeTZ', NULL::timestamptz,'sysPartitionRemovableRecordKey_RefID', NULL::bigint,'sysBranch_RefID', varInstitutionBranchID::bigint,'sysBaseCurrency_RefID',varBaseCurrencyID::bigint,'name', 'Edy Syahputra Situmeang'::varchar,'photo_Log_FileUpload_Pointer_RefID', null::bigint)))::varchar;
B124: Effendi fendi | C124: effendi | I124: =I123 + IF(EXACT(J124, ""), 0, 1) -> 25000000000121 | J124: =IF(EXACT(B124, ""), "", CONCATENATE("PERFORM ""SchData-OLTP-Master"".""Func_TblPerson_SET""(varSystemLoginSession, null::bigint, null::varchar, null::timestamptz, null::timestamptz, null::varchar, varInstitutionBranchID, varBaseCurrencyID, '", B124, "'::varchar, null::bigint);")) -> PERFORM "SchData-OLTP-Master"."Func_TblPerson_SET"(varSystemLoginSession, null::bigint, null::varchar, null::timestamptz, null::timestamptz, null::varchar, varInstitutionBranchID, varBaseCurrencyID, 'Effendi fendi'::varchar, null::bigint); | K124: =CONCATENATE( "varSQL := varSQL || (CASE WHEN (varSQL = '') THEN '' ELSE ', ' END) || (SELECT JSON_BUILD_OBJECT (", "'recordID', NULL::bigint,", "'entities', ", "JSON_BUILD_OBJECT (", "'sysLoginSession_RefID', varSystemLoginSession::bigint,", "'sysDataAnnotation', NULL::varchar,", "'sysDataSetDateTimeTZ', NULL::timestamptz,", "'sysDataValidityStartDateTimeTZ', NULL::timestamptz,", "'sysDataValidityFinishDateTimeTZ', NULL::timestamptz,", "'sysPartitionRemovableRecordKey_RefID', NULL::bigint,", "'sysBranch_RefID', varInstitutionBranchID::bigint,", "'sysBaseCurrency_RefID',varBaseCurrencyID::bigint,", "'name', ", IF(EXACT($B124, ""), "null", CONCATENATE("'", SUBSTITUTE($B124, "'", "\'"), "'")), "::varchar,", "'photo_Log_FileUpload_Pointer_RefID', ", IF(EXACT($D124, ""), "null", CONCATENATE("'", SUBSTITUTE($D124, "'", "\'"), "'")), "::bigint", ")))::varchar;") -> varSQL := varSQL || (CASE WHEN (varSQL = '') THEN '' ELSE ', ' END) || (SELECT JSON_BUILD_OBJECT ('recordID', NULL::bigint,'entities', JSON_BUILD_OBJECT ('sysLoginSession_RefID', varSystemLoginSession::bigint,'sysDataAnnotation', NULL::varchar,'sysDataSetDateTimeTZ', NULL::timestamptz,'sysDataValidityStartDateTimeTZ', NULL::timestamptz,'sysDataValidityFinishDateTimeTZ', NULL::timestamptz,'sysPartitionRemovableRecordKey_RefID', NULL::bigint,'sysBranch_RefID', varInstitutionBranchID::bigint,'sysBaseCurrency_RefID',varBaseCurrencyID::bigint,'name', 'Effendi fendi'::varchar,'photo_Log_FileUpload_Pointer_RefID', null::bigint)))::varchar;
B125: Efrina Dwililia | C125: efrina | I125: =I124 + IF(EXACT(J125, ""), 0, 1) -> 25000000000122 | J125: =IF(EXACT(B125, ""), "", CONCATENATE("PERFORM ""SchData-OLTP-Master"".""Func_TblPerson_SET""(varSystemLoginSession, null::bigint, null::varchar, null::timestamptz, null::timestamptz, null::varchar, varInstitutionBranchID, varBaseCurrencyID, '", B125, "'::varchar, null::bigint);")) -> PERFORM "SchData-OLTP-Master"."Func_TblPerson_SET"(varSystemLoginSession, null::bigint, null::varchar, null::timestamptz, null::timestamptz, null::varchar, varInstitutionBranchID, varBaseCurrencyID, 'Efrina Dwililia'::varchar, null::bigint); | K125: =CONCATENATE( "varSQL := varSQL || (CASE WHEN (varSQL = '') THEN '' ELSE ', ' END) || (SELECT JSON_BUILD_OBJECT (", "'recordID', NULL::bigint,", "'entities', ", "JSON_BUILD_OBJECT (", "'sysLoginSession_RefID', varSystemLoginSession::bigint,", "'sysDataAnnotation', NULL::varchar,", "'sysDataSetDateTimeTZ', NULL::timestamptz,", "'sysDataValidityStartDateTimeTZ', NULL::timestamptz,", "'sysDataValidityFinishDateTimeTZ', NULL::timestamptz,", "'sysPartitionRemovableRecordKey_RefID', NULL::bigint,", "'sysBranch_RefID', varInstitutionBranchID::bigint,", "'sysBaseCurrency_RefID',varBaseCurrencyID::bigint,", "'name', ", IF(EXACT($B125, ""), "null", CONCATENATE("'", SUBSTITUTE($B125, "'", "\'"), "'")), "::varchar,", "'photo_Log_FileUpload_Pointer_RefID', ", IF(EXACT($D125, ""), "null", CONCATENATE("'", SUBSTITUTE($D125, "'", "\'"), "'")), "::bigint", ")))::varchar;") -> varSQL := varSQL || (CASE WHEN (varSQL = '') THEN '' ELSE ', ' END) || (SELECT JSON_BUILD_OBJECT ('recordID', NULL::bigint,'entities', JSON_BUILD_OBJECT ('sysLoginSession_RefID', varSystemLoginSession::bigint,'sysDataAnnotation', NULL::varchar,'sysDataSetDateTimeTZ', NULL::timestamptz,'sysDataValidityStartDateTimeTZ', NULL::timestamptz,'sysDataValidityFinishDateTimeTZ', NULL::timestamptz,'sysPartitionRemovableRecordKey_RefID', NULL::bigint,'sysBranch_RefID', varInstitutionBranchID::bigint,'sysBaseCurrency_RefID',varBaseCurrencyID::bigint,'name', 'Efrina Dwililia'::varchar,'photo_Log_FileUpload_Pointer_RefID', null::bigint)))::varchar;
B126: Eka Bagus Dwi Putra | C126: eka.bagus | E126: 3275030108950030 | I126: =I125 + IF(EXACT(J126, ""), 0, 1) -> 25000000000123 | J126: =IF(EXACT(B126, ""), "", CONCATENATE("PERFORM ""SchData-OLTP-Master"".""Func_TblPerson_SET""(varSystemLoginSession, null::bigint, null::varchar, null::timestamptz, null::timestamptz, null::varchar, varInstitutionBranchID, varBaseCurrencyID, '", B126, "'::varchar, null::bigint);")) -> PERFORM "SchData-OLTP-Master"."Func_TblPerson_SET"(varSystemLoginSession, null::bigint, null::varchar, null::timestamptz, null::timestamptz, null::varchar, varInstitutionBranchID, varBaseCurrencyID, 'Eka Bagus Dwi Putra'::varchar, null::bigint); | K126: =CONCATENATE( "varSQL := varSQL || (CASE WHEN (varSQL = '') THEN '' ELSE ', ' END) || (SELECT JSON_BUILD_OBJECT (", "'recordID', NULL::bigint,", "'entities', ", "JSON_BUILD_OBJECT (", "'sysLoginSession_RefID', varSystemLoginSession::bigint,", "'sysDataAnnotation', NULL::varchar,", "'sysDataSetDateTimeTZ', NULL::timestamptz,", "'sysDataValidityStartDateTimeTZ', NULL::timestamptz,", "'sysDataValidityFinishDateTimeTZ', NULL::timestamptz,", "'sysPartitionRemovableRecordKey_RefID', NULL::bigint,", "'sysBranch_RefID', varInstitutionBranchID::bigint,", "'sysBaseCurrency_RefID',varBaseCurrencyID::bigint,", "'name', ", IF(EXACT($B126, ""), "null", CONCATENATE("'", SUBSTITUTE($B126, "'", "\'"), "'")), "::varchar,", "'photo_Log_FileUpload_Pointer_RefID', ", IF(EXACT($D126, ""), "null", CONCATENATE("'", SUBSTITUTE($D126, "'", "\'"), "'")), "::bigint", ")))::varchar;") -> varSQL := varSQL || (CASE WHEN (varSQL = '') THEN '' ELSE ', ' END) || (SELECT JSON_BUILD_OBJECT ('recordID', NULL::bigint,'entities', JSON_BUILD_OBJECT ('sysLoginSession_RefID', varSystemLoginSession::bigint,'sysDataAnnotation', NULL::varchar,'sysDataSetDateTimeTZ', NULL::timestamptz,'sysDataValidityStartDateTimeTZ', NULL::timestamptz,'sysDataValidityFinishDateTimeTZ', NULL::timestamptz,'sysPartitionRemovableRecordKey_RefID', NULL::bigint,'sysBranch_RefID', varInstitutionBranchID::bigint,'sysBaseCurrency_RefID',varBaseCurrencyID::bigint,'name', 'Eka Bagus Dwi Putra'::varchar,'photo_Log_FileUpload_Pointer_RefID', null::bigint)))::varchar;
