Workbook

Sheet RAW - HP
B2: 250117820 | C2: Yusri Azhar
B3: 140612611 | C3: Nancy Meriana Sinaga
B4: 210807401 | C4: Galuh Swastika
B5: 310717841 | C5: Maharani Uthmaniah
B6: 50913684 | C6: Elisa Krisnawati
B7: 261016808 | C7: M. Ervan Isyawal Akbar
B8: 161213705 | C8: Chairul Musaddat
B9: 140410529 | C9: Anda Zuchradi Dadi
B10: 10703025 | C10: Indawan Haryadi
B11: 130217822 | C11: Mia Puspitasari
B12: 10314719 | C12: Prayati Zai
B13: 211117851 | C13: Silvia Febi Putri
... B56: 210618875 | C56: Jaenudin
B57: 150419905 | C57: Khafid Fahrurrozi | D57: +62 878-7792-3708
B58: 11018884 | C58: Lucky Daniansyah | D58: +62 812-9397-4227
B59: 100918881 | C59: Rian Yushak | D59: +62 856-9401-0438
B60: 20519907 | C60: Bahyu Sanciko | D60: +62 896-8226-1128
B61: 111103059 | C61: Yusman W | D61: +62 838-7009-0020
B62: 81012521 | C62: Ardi | D62: +62 812-9592-4499
B63: 251016807 | C63: Abdul Rahman Sitompul
B64: 120417831 | C64: Erwin Firmansyah | D64: +62 857-2162-3338
B65: 290118856 | C65: Paryanto | D65: +62 813-8428-4951
B66: 111018884 | C66: Vidhy Putri Kartika | D66: +62 838-7375-2989
B67: 10317827 | C67: Rohendi | D67: +62 822-6092-0555
B68: 71217854 | C68: Anggit Ismiyanto | D68: +62 822-5131-3575
B69: 100613675 | C69: Firman Akbar | D69: +62 812-4519-2298
B70: 231219923 | C70: Fuad Febrian | D70: +62 813-1422-8295
B71: 90819916 | C71: Sulih | D71: +62 857-2881-8103
B72: 140518870 | C72: Heru Sugiri | D72: +62 812-2491-0322
B73: 221007407 | C73: Rinaldi Asrin | D73: +62 818-0691-9844
B74: 100220928 | C74: Rafi Firman Saputra | D74: +62 857-6021-1355
B75: 160718878 | C75: Putra Perdana Tirtomoyo | D75: +62 812-8884-4266
... B82: 31218894 | C82: Herlin Juli Asri | D82: +62 813-1920-7116
B83: 271120940 | C83: Sherly Tamira Happy | D83: +62 811-9568-886 | E83: +62 8128-2230-665
B84: 111218896 | C84: Muhammad Khadafy | D84: +62 812-8744-1774
B85: 251119920 | C85: Hernita Dwi Cahyani Putri | D85: +62 857-7048-1711
B86: 271217855 | C86: Amir Sofyan Hadi | D86: +62 813-1690-6639
B87: 140319901 | C87: Bani Mustazeni | D87: +62 857-1519-9050
B88: 120220929 | C88: Eko Kurniawan | D88: +62 859-4561-9900
B89: 140518871 | C89: Fani Dwi Astutik | D89: +62 812-9902-0267
B90: 10719913 | C90: Dony Setiyawan | D90: +62 856-4156-8410
B91: 90315759 | C91: M Ari Ardizah Nasution | D91: +62 813-6291-9395
B92: 110621951 | C92: Martimbul Rahman | D92: +62 813-6193-0878
B93: 140708474 | C93: Zaire Biscaya Dite | D93: +62 812-9102-5349
B94: 31005165 | C94: Imam Basuki | D94: +62 813-1818-7318
B95: 150721949 | C95: Wisnu Andra Isdianto | D95: +62 877-8419-0978
B96: 291121956 | C96: Novizan
B97: 130921953 | C97: Rafi Artman Siddiq | D97: +62 8574-1188-449
B98: 20518867 | C98: Deny Adi Purnama | D98: +62 813-1846-0405
B99: 140518872 | C99: Nopitasari | D99: +62 812-9586-6677
B100: 171121955 | C100: Agus Budi Setiawan | D100: +62 821-2144-4989
B101: 161120938 | C101: Wendy Septiyan | D101: +62 838-0664-3866
B102: 301017849 | C102: R. Lar Kumalaning Tresno | D102: +62 856-9438-7250
B103: 260606236 | C103: Hendri Kustian | D103: +62 813-8432-9270
B104: 171016802 | C104: Sarif Hidayatul Umah | D104: +62 812-9912-9011
B105: 30221945 | C105: Safira Nurbaiti
B106: 131221957 | C106: Vingky Hendriek Yomerlin | D106: +62 821-7308-7816
B107: 10803042 | C107: Masimin | D107: +62 813-1886-3471
B108: 80321946 | C108: Adietya Dharmawan | D108: +62 857-7326-1575
B109: 200105119 | C109: Sutarno | D109: +62 812-9699-123
B110: 40722964 | C110: Fuzi Mafhrozi | D110: +62 895-3368-96672
B111: 20120919 | C111: Sang Toga Sitompul | D111: +62 812-2119-3402
B112: 170522963 | C112: Denny Achmad Ferlando | D112: +62 877-8038-9758
B113: 241219924 | C113: Azis Purwadana | D113: +62 821-1399-1950
B114: 161220941 | C114: Sakinah Tantriani Lubis
B115: 70518868 | C115: Panca Yudi Baskoro | D115: +62 813-8643-5585
B116: 280618877 | C116: Wisnu Ardian | D116: +62 813-8600-7788
B117: 70703034 | C117: H.T Assubki Ismail | D117: +62 813-1016-7838
B118: 211222971 | C118: Rizal Amri | D118: +62 812-2420-8139
B119: 70305123 | C119: Kurnia Fitriastuti | D119: +62 813-9855-7959
B120: 181114748 | C120: Frando Judi Siahaan | D120: +62 853-7140-4163
B121: 260115754 | C121: Prayanti Dewi Anggraini | D121: +62 812-6807-4074
B122: 130223978 | C122: Agus Salim | D122: +62 857-7598-7323
B123: 170217825 | C123: Ilham | D123: +62 822-5538-5557
B124: 100419903 | C124: Annisa Dewi Arumsari | D124: +62 812-9949-5209
C125: Achmad Yunadi | D125: +62 812-9849-4325
B126: 50123975 | C126: Deny Adi Purnama | D126: +62 813-1846-0405
B127: 40219900 | C127: Wahyu Ramadhani | D127: +62 812-8954-4005
B128: 171215791 | C128: Dedi Rohman | D128: +62 821-3029-5392
B129: 311022972 | C129: Agus Nuryadi
B130: 210904088 | C130: Abd Samad | D130: +62 813-3218-1409
B131: 150506222 | C131: Ahmad Syaifulloh | D131: +62 813-8425-5855
B132: 191022968 | C132: Ferdian Kriswantoro | D132: +62 821-1410-00545
B133: 180822966 | C133: Wulanraniasih | D133: +62 851-6275-1360
B134: 120923980 | C134: Yustiana Firda Apriani
B135: 140421948 | C135: Sufie Amalia | D135: +62 856-7500-887
B136: 61123983 | C136: Ridha Nauval S | D136: +62 859-5982-2621
B137: 141020935 | C137: Aldi Mulyadi | D137: +62 831-1250-5824
B138: 100724990 | C138: Joshika Pradirga Utama
B139: 150805153 | C139: Isa Taufik | D139: +62 898-0269-288
B140: 11123982 | C140: Abdul Rachman Nur Hanafi | D140: +62 811-1193-9034
B141: 10224986 | C141: Muhammad Ramadani | D141: +62 877-4832-9110
B142: 271222973 | C142: Zeinurani | D142: +62 812-8084-0848
B143: 180324988 | C143: Satrio Dhiaputra Prayudi | D143: +62 823-3546-1142
B144: 310821007 | C144: Anugerah Januariansyah | D144: +62 857-4382-5555
B145: 2804251006 | C145: Kiki Prasetyo | D145: +62 812-1015-216
B146: 160603011 | C146: Pantas Banjarnahor Marbun | D146: +62 813-7544-0999
B147: 91224995 | C147: Firmansyah Awaludin | D147: +62 812-1320-5160
B148: 2702251001 | C148: Muhammad Irfan Alfikri Rayana | D148: +62 813-68061116
B149: 261219925 | C149: Suyanto | D149: +62 838-2329-6661
...

Sheet SEED
B2: DefaultEntity _RefID | C2: Default Entity Name | D2: Email Account Type _RefID | E2: Email Account Type Name | F2: Email Account | G2: Holder Name | I2: SYS_PID Prediction | J2: SQL Syntax
I3: 286000000000000
B4: 124000000000087 | C4: =IF(EXACT($B4, ""), "", IF((($B4 - MOD($B4, 1000000000000))/1000000000000)=25, CONCATENATE("Person - ", VLOOKUP($B4, [1]DataLookUp!$B$4:$C$2000, 2, FALSE)), IF((($B4 - MOD($B4, 1000000000000))/1000000000000)=124, CONCATENATE("Institution - ", VLOOKUP($B4, '[2]DataLookUp - InstitutionBranch'!$B$4:$C$2000, 2, FALSE)), ""))) -> Institution - CV. Anugerah Karya Magantha | D4: 287000000000003 | E4: =IF(EXACT($D4, ""), "", VLOOKUP($D4, 'REF - EmailAccountType'!$B$4:$C$7, 2, FALSE)) -> Business | F4: anugrah_kry@yahoo.com | G4: Leonardo Sampetoding | I4: =I3 + IF(EXACT(J4, ""), 0, 1) -> 286000000000001 | J4: =IF(EXACT(F4, ""), "", CONCATENATE("PERFORM ""SchData-OLTP-Master"".""Func_TblEMailAccount_SET""(varSystemLoginSession::bigint, null::bigint, null::varchar, null::timestamptz, null::timestamptz, null::varchar, varInstitutionBranchID::bigint, varBaseCurrencyID::bigint, ", IF(EXACT($D4, ""), "NULL", ""&$D4&""), "::bigint, ", IF(EXACT($F4, ""), "NULL", "'"&$F4&"'"), "::varchar, ", IF(EXACT($G4, ""), "NULL", "'"&$G4&"'"), "::varchar, ", IF(EXACT($B4, ""), "NULL", "'"&$B4&"'"), "::bigint);")) -> PERFORM "SchData-OLTP-Master"."Func_TblEMailAccount_SET"(varSystemLoginSession::bigint, null::bigint, null::varchar, null::timestamptz, null::timestamptz, null::varchar, varInstitutionBranchID::bigint, varBaseCurrencyID::bigint, 287000000000003::bigint, 'anugrah_kry@yahoo.com'::varchar, 'Leonardo Sampetoding'::varchar, '124000000000087'::bigint);
B5: 124000000000090 | C5: =IF(EXACT($B5, ""), "", IF((($B5 - MOD($B5, 1000000000000))/1000000000000)=25, CONCATENATE("Person - ", VLOOKUP($B5, [1]DataLookUp!$B$4:$C$2000, 2, FALSE)), IF((($B5 - MOD($B5, 1000000000000))/1000000000000)=124, CONCATENATE("Institution - ", VLOOKUP($B5, '[2]DataLookUp - InstitutionBranch'!$B$4:$C$2000, 2, FALSE)), ""))) -> Institution - CV. Cipta Aneka Sarana | D5: 287000000000003 | E5: =IF(EXACT($D5, ""), "", VLOOKUP($D5, 'REF - EmailAccountType'!$B$4:$C$7, 2, FALSE)) -> Business | F5: maxcell_dpt@yahoo.co.id | G5: Maxcell Online Service | I5: =I4 + IF(EXACT(J5, ""), 0, 1) -> 286000000000002 | J5: =IF(EXACT(F5, ""), "", CONCATENATE("PERFORM ""SchData-OLTP-Master"".""Func_TblEMailAccount_SET""(varSystemLoginSession::bigint, null::bigint, null::varchar, null::timestamptz, null::timestamptz, null::varchar, varInstitutionBranchID::bigint, varBaseCurrencyID::bigint, ", IF(EXACT($D5, ""), "NULL", ""&$D5&""), "::bigint, ", IF(EXACT($F5, ""), "NULL", "'"&$F5&"'"), "::varchar, ", IF(EXACT($G5, ""), "NULL", "'"&$G5&"'"), "::varchar, ", IF(EXACT($B5, ""), "NULL", "'"&$B5&"'"), "::bigint);")) -> PERFORM "SchData-OLTP-Master"."Func_TblEMailAccount_SET"(varSystemLoginSession::bigint, null::bigint, null::varchar, null::timestamptz, null::timestamptz, null::varchar, varInstitutionBranchID::bigint, varBaseCurrencyID::bigint, 287000000000003::bigint, 'maxcell_dpt@yahoo.co.id'::varchar, 'Maxcell Online Service'::varchar, '124000000000090'::bigint);
B6: 124000000000091 | C6: =IF(EXACT($B6, ""), "", IF((($B6 - MOD($B6, 1000000000000))/1000000000000)=25, CONCATENATE("Person - ", VLOOKUP($B6, [1]DataLookUp!$B$4:$C$2000, 2, FALSE)), IF((($B6 - MOD($B6, 1000000000000))/1000000000000)=124, CONCATENATE("Institution - ", VLOOKUP($B6, '[2]DataLookUp - InstitutionBranch'!$B$4:$C$2000, 2, FALSE)), ""))) -> Institution - CV. Didi Dan Darwis Survey | D6: 287000000000003 | E6: =IF(EXACT($D6, ""), "", VLOOKUP($D6, 'REF - EmailAccountType'!$B$4:$C$7, 2, FALSE)) -> Business | F6: dndsurvey90@gmail.com | G6: DnD Survey Bandung | I6: =I5 + IF(EXACT(J6, ""), 0, 1) -> 286000000000003 | J6: =IF(EXACT(F6, ""), "", CONCATENATE("PERFORM ""SchData-OLTP-Master"".""Func_TblEMailAccount_SET""(varSystemLoginSession::bigint, null::bigint, null::varchar, null::timestamptz, null::timestamptz, null::varchar, varInstitutionBranchID::bigint, varBaseCurrencyID::bigint, ", IF(EXACT($D6, ""), "NULL", ""&$D6&""), "::bigint, ", IF(EXACT($F6, ""), "NULL", "'"&$F6&"'"), "::varchar, ", IF(EXACT($G6, ""), "NULL", "'"&$G6&"'"), "::varchar, ", IF(EXACT($B6, ""), "NULL", "'"&$B6&"'"), "::bigint);")) -> PERFORM "SchData-OLTP-Master"."Func_TblEMailAccount_SET"(varSystemLoginSession::bigint, null::bigint, null::varchar, null::timestamptz, null::timestamptz, null::varchar, varInstitutionBranchID::bigint, varBaseCurrencyID::bigint, 287000000000003::bigint, 'dndsurvey90@gmail.com'::varchar, 'DnD Survey Bandung'::varchar, '124000000000091'::bigint);
B7: 124000000000094 | C7: =IF(EXACT($B7, ""), "", IF((($B7 - MOD($B7, 1000000000000))/1000000000000)=25, CONCATENATE("Person - ", VLOOKUP($B7, [1]DataLookUp!$B$4:$C$2000, 2, FALSE)), IF((($B7 - MOD($B7, 1000000000000))/1000000000000)=124, CONCATENATE("Institution - ", VLOOKUP($B7, '[2]DataLookUp - InstitutionBranch'!$B$4:$C$2000, 2, FALSE)), ""))) -> Institution - CV. Edi Jaya Bangunan | D7: 287000000000003 | E7: =IF(EXACT($D7, ""), "", VLOOKUP($D7, 'REF - EmailAccountType'!$B$4:$C$7, 2, FALSE)) -> Business | F7: ejbpbun@gmail.com | G7: Edi Nuryanto | I7: =I6 + IF(EXACT(J7, ""), 0, 1) -> 286000000000004 | J7: =IF(EXACT(F7, ""), "", CONCATENATE("PERFORM ""SchData-OLTP-Master"".""Func_TblEMailAccount_SET""(varSystemLoginSession::bigint, null::bigint, null::varchar, null::timestamptz, null::timestamptz, null::varchar, varInstitutionBranchID::bigint, varBaseCurrencyID::bigint, ", IF(EXACT($D7, ""), "NULL", ""&$D7&""), "::bigint, ", IF(EXACT($F7, ""), "NULL", "'"&$F7&"'"), "::varchar, ", IF(EXACT($G7, ""), "NULL", "'"&$G7&"'"), "::varchar, ", IF(EXACT($B7, ""), "NULL", "'"&$B7&"'"), "::bigint);")) -> PERFORM "SchData-OLTP-Master"."Func_TblEMailAccount_SET"(varSystemLoginSession::bigint, null::bigint, null::varchar, null::timestamptz, null::timestamptz, null::varchar, varInstitutionBranchID::bigint, varBaseCurrencyID::bigint, 287000000000003::bigint, 'ejbpbun@gmail.com'::varchar, 'Edi Nuryanto'::varchar, '124000000000094'::bigint);
B8: 124000000000096 | C8: =IF(EXACT($B8, ""), "", IF((($B8 - MOD($B8, 1000000000000))/1000000000000)=25, CONCATENATE("Person - ", VLOOKUP($B8, [1]DataLookUp!$B$4:$C$2000, 2, FALSE)), IF((($B8 - MOD($B8, 1000000000000))/1000000000000)=124, CONCATENATE("Institution - ", VLOOKUP($B8, '[2]DataLookUp - InstitutionBranch'!$B$4:$C$2000, 2, FALSE)), ""))) -> Institution - CV. Gallazka Teknik | D8: 287000000000003 | E8: =IF(EXACT($D8, ""), "", VLOOKUP($D8, 'REF - EmailAccountType'!$B$4:$C$7, 2, FALSE)) -> Business | F8: gallazkateknik@gmail.com | G8: Wartim | I8: =I7 + IF(EXACT(J8, ""), 0, 1) -> 286000000000005 | J8: =IF(EXACT(F8, ""), "", CONCATENATE("PERFORM ""SchData-OLTP-Master"".""Func_TblEMailAccount_SET""(varSystemLoginSession::bigint, null::bigint, null::varchar, null::timestamptz, null::timestamptz, null::varchar, varInstitutionBranchID::bigint, varBaseCurrencyID::bigint, ", IF(EXACT($D8, ""), "NULL", ""&$D8&""), "::bigint, ", IF(EXACT($F8, ""), "NULL", "'"&$F8&"'"), "::varchar, ", IF(EXACT($G8, ""), "NULL", "'"&$G8&"'"), "::varchar, ", IF(EXACT($B8, ""), "NULL", "'"&$B8&"'"), "::bigint);")) -> PERFORM "SchData-OLTP-Master"."Func_TblEMailAccount_SET"(varSystemLoginSession::bigint, null::bigint, null::varchar, null::timestamptz, null::timestamptz, null::varchar, varInstitutionBranchID::bigint, varBaseCurrencyID::bigint, 287000000000003::bigint, 'gallazkateknik@gmail.com'::varchar, 'Wartim'::varchar, '124000000000096'::bigint);
B9: 124000000000099 | C9: =IF(EXACT($B9, ""), "", IF((($B9 - MOD($B9, 1000000000000))/1000000000000)=25, CONCATENATE("Person - ", VLOOKUP($B9, [1]DataLookUp!$B$4:$C$2000, 2, FALSE)), IF((($B9 - MOD($B9, 1000000000000))/1000000000000)=124, CONCATENATE("Institution - ", VLOOKUP($B9, '[2]DataLookUp - InstitutionBranch'!$B$4:$C$2000, 2, FALSE)), ""))) -> Institution - CV. Jember Elektrindo Gemilang | D9: 287000000000003 | E9: =IF(EXACT($D9, ""), "", VLOOKUP($D9, 'REF - EmailAccountType'!$B$4:$C$7, 2, FALSE)) -> Business | F9: owner.grd@gmail.com | G9: Sigit | I9: =I8 + IF(EXACT(J9, ""), 0, 1) -> 286000000000006 | J9: =IF(EXACT(F9, ""), "", CONCATENATE("PERFORM ""SchData-OLTP-Master"".""Func_TblEMailAccount_SET""(varSystemLoginSession::bigint, null::bigint, null::varchar, null::timestamptz, null::timestamptz, null::varchar, varInstitutionBranchID::bigint, varBaseCurrencyID::bigint, ", IF(EXACT($D9, ""), "NULL", ""&$D9&""), "::bigint, ", IF(EXACT($F9, ""), "NULL", "'"&$F9&"'"), "::varchar, ", IF(EXACT($G9, ""), "NULL", "'"&$G9&"'"), "::varchar, ", IF(EXACT($B9, ""), "NULL", "'"&$B9&"'"), "::bigint);")) -> PERFORM "SchData-OLTP-Master"."Func_TblEMailAccount_SET"(varSystemLoginSession::bigint, null::bigint, null::varchar, null::timestamptz, null::timestamptz, null::varchar, varInstitutionBranchID::bigint, varBaseCurrencyID::bigint, 287000000000003::bigint, 'owner.grd@gmail.com'::varchar, 'Sigit'::varchar, '124000000000099'::bigint);
B10: 124000000000106 | C10: =IF(EXACT($B10, ""), "", IF((($B10 - MOD($B10, 1000000000000))/1000000000000)=25, CONCATENATE("Person - ", VLOOKUP($B10, [1]DataLookUp!$B$4:$C$2000, 2, FALSE)), IF((($B10 - MOD($B10, 1000000000000))/1000000000000)=124, CONCATENATE("Institution - ", VLOOKUP($B10, '[2]DataLookUp - InstitutionBranch'!$B$4:$C$2000, 2, FALSE)), ""))) -> Institution - CV. Punokawan | D10: 287000000000003 | E10: =IF(EXACT($D10, ""), "", VLOOKUP($D10, 'REF - EmailAccountType'!$B$4:$C$7, 2, FALSE)) -> Business | F10: punokawan_smrg@yahoo.co.id | G10: Heri | I10: =I9 + IF(EXACT(J10, ""), 0, 1) -> 286000000000007 | J10: =IF(EXACT(F10, ""), "", CONCATENATE("PERFORM ""SchData-OLTP-Master"".""Func_TblEMailAccount_SET""(varSystemLoginSession::bigint, null::bigint, null::varchar, null::timestamptz, null::timestamptz, null::varchar, varInstitutionBranchID::bigint, varBaseCurrencyID::bigint, ", IF(EXACT($D10, ""), "NULL", ""&$D10&""), "::bigint, ", IF(EXACT($F10, ""), "NULL", "'"&$F10&"'"), "::varchar, ", IF(EXACT($G10, ""), "NULL", "'"&$G10&"'"), "::varchar, ", IF(EXACT($B10, ""), "NULL", "'"&$B10&"'"), "::bigint);")) -> PERFORM "SchData-OLTP-Master"."Func_TblEMailAccount_SET"(varSystemLoginSession::bigint, null::bigint, null::varchar, null::timestamptz, null::timestamptz, null::varchar, varInstitutionBranchID::bigint, varBaseCurrencyID::bigint, 287000000000003::bigint, 'punokawan_smrg@yahoo.co.id'::varchar, 'Heri'::varchar, '124000000000106'::bigint);
B11: 124000000000114 | C11: =IF(EXACT($B11, ""), "", IF((($B11 - MOD($B11, 1000000000000))/1000000000000)=25, CONCATENATE("Person - ", VLOOKUP($B11, [1]DataLookUp!$B$4:$C$2000, 2, FALSE)), IF((($B11 - MOD($B11, 1000000000000))/1000000000000)=124, CONCATENATE("Institution - ", VLOOKUP($B11, '[2]DataLookUp - InstitutionBranch'!$B$4:$C$2000, 2, FALSE)), ""))) -> Institution - PT. Abadi Rajawali Semesta | D11: 287000000000003 | E11: =IF(EXACT($D11, ""), "", VLOOKUP($D11, 'REF - EmailAccountType'!$B$4:$C$7, 2, FALSE)) -> Business | F11: office@ptasrs.id | G11: Shira | I11: =I10 + IF(EXACT(J11, ""), 0, 1) -> 286000000000008 | J11: =IF(EXACT(F11, ""), "", CONCATENATE("PERFORM ""SchData-OLTP-Master"".""Func_TblEMailAccount_SET""(varSystemLoginSession::bigint, null::bigint, null::varchar, null::timestamptz, null::timestamptz, null::varchar, varInstitutionBranchID::bigint, varBaseCurrencyID::bigint, ", IF(EXACT($D11, ""), "NULL", ""&$D11&""), "::bigint, ", IF(EXACT($F11, ""), "NULL", "'"&$F11&"'"), "::varchar, ", IF(EXACT($G11, ""), "NULL", "'"&$G11&"'"), "::varchar, ", IF(EXACT($B11, ""), "NULL", "'"&$B11&"'"), "::bigint);")) -> PERFORM "SchData-OLTP-Master"."Func_TblEMailAccount_SET"(varSystemLoginSession::bigint, null::bigint, null::varchar, null::timestamptz, null::timestamptz, null::varchar, varInstitutionBranchID::bigint, varBaseCurrencyID::bigint, 287000000000003::bigint, 'office@ptasrs.id'::varchar, 'Shira'::varchar, '124000000000114'::bigint);
B12: 124000000000117 | C12: =IF(EXACT($B12, ""), "", IF((($B12 - MOD($B12, 1000000000000))/1000000000000)=25, CONCATENATE("Person - ", VLOOKUP($B12, [1]DataLookUp!$B$4:$C$2000, 2, FALSE)), IF((($B12 - MOD($B12, 1000000000000))/1000000000000)=124, CONCATENATE("Institution - ", VLOOKUP($B12, '[2]DataLookUp - InstitutionBranch'!$B$4:$C$2000, 2, FALSE)), ""))) -> Institution - PT. Agape Biomedi Investama | D12: 287000000000003 | E12: =IF(EXACT($D12, ""), "", VLOOKUP($D12, 'REF - EmailAccountType'!$B$4:$C$7, 2, FALSE)) -> Business | F12: info@biomedilab.co.id | G12: PT. Agape Biomedi Investama | I12: =I11 + IF(EXACT(J12, ""), 0, 1) -> 286000000000009 | J12: =IF(EXACT(F12, ""), "", CONCATENATE("PERFORM ""SchData-OLTP-Master"".""Func_TblEMailAccount_SET""(varSystemLoginSession::bigint, null::bigint, null::varchar, null::timestamptz, null::timestamptz, null::varchar, varInstitutionBranchID::bigint, varBaseCurrencyID::bigint, ", IF(EXACT($D12, ""), "NULL", ""&$D12&""), "::bigint, ", IF(EXACT($F12, ""), "NULL", "'"&$F12&"'"), "::varchar, ", IF(EXACT($G12, ""), "NULL", "'"&$G12&"'"), "::varchar, ", IF(EXACT($B12, ""), "NULL", "'"&$B12&"'"), "::bigint);")) -> PERFORM "SchData-OLTP-Master"."Func_TblEMailAccount_SET"(varSystemLoginSession::bigint, null::bigint, null::varchar, null::timestamptz, null::timestamptz, null::varchar, varInstitutionBranchID::bigint, varBaseCurrencyID::bigint, 287000000000003::bigint, 'info@biomedilab.co.id'::varchar, 'PT. Agape Biomedi Investama'::varchar, '124000000000117'::bigint);
B13: 124000000000121 | C13: =IF(EXACT($B13, ""), "", IF((($B13 - MOD($B13, 1000000000000))/1000000000000)=25, CONCATENATE("Person - ", VLOOKUP($B13, [1]DataLookUp!$B$4:$C$2000, 2, FALSE)), IF((($B13 - MOD($B13, 1000000000000))/1000000000000)=124, CONCATENATE("Institution - ", VLOOKUP($B13, '[2]DataLookUp - InstitutionBranch'!$B$4:$C$2000, 2, FALSE)), ""))) -> Institution - PT. Asiatronic Indo Makmur | D13: 287000000000003 | E13: =IF(EXACT($D13, ""), "", VLOOKUP($D13, 'REF - EmailAccountType'!$B$4:$C$7, 2, FALSE)) -> Business | F13: yehezkiel_jc@yahoo.com08 | G13: Yehezkiel Yosafat | I13: =I12 + IF(EXACT(J13, ""), 0, 1) -> 286000000000010 | J13: =IF(EXACT(F13, ""), "", CONCATENATE("PERFORM ""SchData-OLTP-Master"".""Func_TblEMailAccount_SET""(varSystemLoginSession::bigint, null::bigint, null::varchar, null::timestamptz, null::timestamptz, null::varchar, varInstitutionBranchID::bigint, varBaseCurrencyID::bigint, ", IF(EXACT($D13, ""), "NULL", ""&$D13&""), "::bigint, ", IF(EXACT($F13, ""), "NULL", "'"&$F13&"'"), "::varchar, ", IF(EXACT($G13, ""), "NULL", "'"&$G13&"'"), "::varchar, ", IF(EXACT($B13, ""), "NULL", "'"&$B13&"'"), "::bigint);")) -> PERFORM "SchData-OLTP-Master"."Func_TblEMailAccount_SET"(varSystemLoginSession::bigint, null::bigint, null::varchar, null::timestamptz, null::timestamptz, null::varchar, varInstitutionBranchID::bigint, varBaseCurrencyID::bigint, 287000000000003::bigint, 'yehezkiel_jc@yahoo.com08'::varchar, 'Yehezkiel Yosafat'::varchar, '124000000000121'::bigint);
B14: 124000000000128 | C14: =IF(EXACT($B14, ""), "", IF((($B14 - MOD($B14, 1000000000000))/1000000000000)=25, CONCATENATE("Person - ", VLOOKUP($B14, [1]DataLookUp!$B$4:$C$2000, 2, FALSE)), IF((($B14 - MOD($B14, 1000000000000))/1000000000000)=124, CONCATENATE("Institution - ", VLOOKUP($B14, '[2]DataLookUp - InstitutionBranch'!$B$4:$C$2000, 2, FALSE)), ""))) -> Institution - PT. Berkat Sahabat Sejati | D14: 287000000000003 | E14: =IF(EXACT($D14, ""), "", VLOOKUP($D14, 'REF - EmailAccountType'!$B$4:$C$7, 2, FALSE)) -> Business | F14: pemudaban@ymail.com | G14: Pemuda | I14: =I13 + IF(EXACT(J14, ""), 0, 1) -> 286000000000011 | J14: =IF(EXACT(F14, ""), "", CONCATENATE("PERFORM ""SchData-OLTP-Master"".""Func_TblEMailAccount_SET""(varSystemLoginSession::bigint, null::bigint, null::varchar, null::timestamptz, null::timestamptz, null::varchar, varInstitutionBranchID::bigint, varBaseCurrencyID::bigint, ", IF(EXACT($D14, ""), "NULL", ""&$D14&""), "::bigint, ", IF(EXACT($F14, ""), "NULL", "'"&$F14&"'"), "::varchar, ", IF(EXACT($G14, ""), "NULL", "'"&$G14&"'"), "::varchar, ", IF(EXACT($B14, ""), "NULL", "'"&$B14&"'"), "::bigint);")) -> PERFORM "SchData-OLTP-Master"."Func_TblEMailAccount_SET"(varSystemLoginSession::bigint, null::bigint, null::varchar, null::timestamptz, null::timestamptz, null::varchar, varInstitutionBranchID::bigint, varBaseCurrencyID::bigint, 287000000000003::bigint, 'pemudaban@ymail.com'::varchar, 'Pemuda'::varchar, '124000000000128'::bigint);
B15: 124000000000130 | C15: =IF(EXACT($B15, ""), "", IF((($B15 - MOD($B15, 1000000000000))/1000000000000)=25, CONCATENATE("Person - ", VLOOKUP($B15, [1]DataLookUp!$B$4:$C$2000, 2, FALSE)), IF((($B15 - MOD($B15, 1000000000000))/1000000000000)=124, CONCATENATE("Institution - ", VLOOKUP($B15, '[2]DataLookUp - InstitutionBranch'!$B$4:$C$2000, 2, FALSE)), ""))) -> Institution - PT. Beton Perkasa Wijaksana | D15: 287000000000003 | E15: =IF(EXACT($D15, ""), "", VLOOKUP($D15, 'REF - EmailAccountType'!$B$4:$C$7, 2, FALSE)) -> Business | F15: sigit.koentjoro@betonperkasa.c | G15: Sigit Koencoro | I15: =I14 + IF(EXACT(J15, ""), 0, 1) -> 286000000000012 | J15: =IF(EXACT(F15, ""), "", CONCATENATE("PERFORM ""SchData-OLTP-Master"".""Func_TblEMailAccount_SET""(varSystemLoginSession::bigint, null::bigint, null::varchar, null::timestamptz, null::timestamptz, null::varchar, varInstitutionBranchID::bigint, varBaseCurrencyID::bigint, ", IF(EXACT($D15, ""), "NULL", ""&$D15&""), "::bigint, ", IF(EXACT($F15, ""), "NULL", "'"&$F15&"'"), "::varchar, ", IF(EXACT($G15, ""), "NULL", "'"&$G15&"'"), "::varchar, ", IF(EXACT($B15, ""), "NULL", "'"&$B15&"'"), "::bigint);")) -> PERFORM "SchData-OLTP-Master"."Func_TblEMailAccount_SET"(varSystemLoginSession::bigint, null::bigint, null::varchar, null::timestamptz, null::timestamptz, null::varchar, varInstitutionBranchID::bigint, varBaseCurrencyID::bigint, 287000000000003::bigint, 'sigit.koentjoro@betonperkasa.c'::varchar, 'Sigit Koencoro'::varchar, '124000000000130'::bigint);
... B18: 124000000000136 | C18: =IF(EXACT($B18, ""), "", IF((($B18 - MOD($B18, 1000000000000))/1000000000000)=25, CONCATENATE("Person - ", VLOOKUP($B18, [1]DataLookUp!$B$4:$C$2000, 2, FALSE)), IF((($B18 - MOD($B18, 1000000000000))/1000000000000)=124, CONCATENATE("Institution - ", VLOOKUP($B18, '[2]DataLookUp - InstitutionBranch'!$B$4:$C$2000, 2, FALSE)), ""))) -> Institution - PT. Blue Power International | D18: 287000000000003 | E18: =IF(EXACT($D18, ""), "", VLOOKUP($D18, 'REF - EmailAccountType'!$B$4:$C$7, 2, FALSE)) -> Business | F18: service@bpi-id.com | G18: Yani | I18: =I17 + IF(EXACT(J18, ""), 0, 1) -> 286000000000015 | J18: =IF(EXACT(F18, ""), "", CONCATENATE("PERFORM ""SchData-OLTP-Master"".""Func_TblEMailAccount_SET""(varSystemLoginSession::bigint, null::bigint, null::varchar, null::timestamptz, null::timestamptz, null::varchar, varInstitutionBranchID::bigint, varBaseCurrencyID::bigint, ", IF(EXACT($D18, ""), "NULL", ""&$D18&""), "::bigint, ", IF(EXACT($F18, ""), "NULL", "'"&$F18&"'"), "::varchar, ", IF(EXACT($G18, ""), "NULL", "'"&$G18&"'"), "::varchar, ", IF(EXACT($B18, ""), "NULL", "'"&$B18&"'"), "::bigint);")) -> PERFORM "SchData-OLTP-Master"."Func_TblEMailAccount_SET"(varSystemLoginSession::bigint, null::bigint, null::varchar, null::timestamptz, null::timestamptz, null::varchar, varInstitutionBranchID::bigint, varBaseCurrencyID::bigint, 287000000000003::bigint, 'service@bpi-id.com'::varchar, 'Yani'::varchar, '124000000000136'::bigint);
B19: 124000000000139 | C19: =IF(EXACT($B19, ""), "", IF((($B19 - MOD($B19, 1000000000000))/1000000000000)=25, CONCATENATE("Person - ", VLOOKUP($B19, [1]DataLookUp!$B$4:$C$2000, 2, FALSE)), IF((($B19 - MOD($B19, 1000000000000))/1000000000000)=124, CONCATENATE("Institution - ", VLOOKUP($B19, '[2]DataLookUp - InstitutionBranch'!$B$4:$C$2000, 2, FALSE)), ""))) -> Institution - PT. Cahaya Mentari Cemerlang | D19: 287000000000003 | E19: =IF(EXACT($D19, ""), "", VLOOKUP($D19, 'REF - EmailAccountType'!$B$4:$C$7, 2, FALSE)) -> Business | F19: mentariplywood@yahoo.com | I19: =I18 + IF(EXACT(J19, ""), 0, 1) -> 286000000000016 | J19: =IF(EXACT(F19, ""), "", CONCATENATE("PERFORM ""SchData-OLTP-Master"".""Func_TblEMailAccount_SET""(varSystemLoginSession::bigint, null::bigint, null::varchar, null::timestamptz, null::timestamptz, null::varchar, varInstitutionBranchID::bigint, varBaseCurrencyID::bigint, ", IF(EXACT($D19, ""), "NULL", ""&$D19&""), "::bigint, ", IF(EXACT($F19, ""), "NULL", "'"&$F19&"'"), "::varchar, ", IF(EXACT($G19, ""), "NULL", "'"&$G19&"'"), "::varchar, ", IF(EXACT($B19, ""), "NULL", "'"&$B19&"'"), "::bigint);")) -> PERFORM "SchData-OLTP-Master"."Func_TblEMailAccount_SET"(varSystemLoginSession::bigint, null::bigint, null::varchar, null::timestamptz, null::timestamptz, null::varchar, varInstitutionBranchID::bigint, varBaseCurrencyID::bigint, 287000000000003::bigint, 'mentariplywood@yahoo.com'::varchar, NULL::varchar, '124000000000139'::bigint);
B20: 124000000000140 | C20: =IF(EXACT($B20, ""), "", IF((($B20 - MOD($B20, 1000000000000))/1000000000000)=25, CONCATENATE("Person - ", VLOOKUP($B20, [1]DataLookUp!$B$4:$C$2000, 2, FALSE)), IF((($B20 - MOD($B20, 1000000000000))/1000000000000)=124, CONCATENATE("Institution - ", VLOOKUP($B20, '[2]DataLookUp - InstitutionBranch'!$B$4:$C$2000, 2, FALSE)), ""))) -> Institution - PT. Cakrawala Persada Internasional | D20: 287000000000003 | E20: =IF(EXACT($D20, ""), "", VLOOKUP($D20, 'REF - EmailAccountType'!$B$4:$C$7, 2, FALSE)) -> Business | F20: Mona@cakrawalainternasional.co | G20: Mona | I20: =I19 + IF(EXACT(J20, ""), 0, 1) -> 286000000000017 | J20: =IF(EXACT(F20, ""), "", CONCATENATE("PERFORM ""SchData-OLTP-Master"".""Func_TblEMailAccount_SET""(varSystemLoginSession::bigint, null::bigint, null::varchar, null::timestamptz, null::timestamptz, null::varchar, varInstitutionBranchID::bigint, varBaseCurrencyID::bigint, ", IF(EXACT($D20, ""), "NULL", ""&$D20&""), "::bigint, ", IF(EXACT($F20, ""), "NULL", "'"&$F20&"'"), "::varchar, ", IF(EXACT($G20, ""), "NULL", "'"&$G20&"'"), "::varchar, ", IF(EXACT($B20, ""), "NULL", "'"&$B20&"'"), "::bigint);")) -> PERFORM "SchData-OLTP-Master"."Func_TblEMailAccount_SET"(varSystemLoginSession::bigint, null::bigint, null::varchar, null::timestamptz, null::timestamptz, null::varchar, varInstitutionBranchID::bigint, varBaseCurrencyID::bigint, 287000000000003::bigint, 'Mona@cakrawalainternasional.co'::varchar, 'Mona'::varchar, '124000000000140'::bigint);
B21: 124000000000141 | C21: =IF(EXACT($B21, ""), "", IF((($B21 - MOD($B21, 1000000000000))/1000000000000)=25, CONCATENATE("Person - ", VLOOKUP($B21, [1]DataLookUp!$B$4:$C$2000, 2, FALSE)), IF((($B21 - MOD($B21, 1000000000000))/1000000000000)=124, CONCATENATE("Institution - ", VLOOKUP($B21, '[2]DataLookUp - InstitutionBranch'!$B$4:$C$2000, 2, FALSE)), ""))) -> Institution - PT. Caroline Trans Mandiri | D21: 287000000000003 | E21: =IF(EXACT($D21, ""), "", VLOOKUP($D21, 'REF - EmailAccountType'!$B$4:$C$7, 2, FALSE)) -> Business | F21: carolinetrans@yahoo.com | G21: Dohar Lumbanraja | I21: =I20 + IF(EXACT(J21, ""), 0, 1) -> 286000000000018 | J21: =IF(EXACT(F21, ""), "", CONCATENATE("PERFORM ""SchData-OLTP-Master"".""Func_TblEMailAccount_SET""(varSystemLoginSession::bigint, null::bigint, null::varchar, null::timestamptz, null::timestamptz, null::varchar, varInstitutionBranchID::bigint, varBaseCurrencyID::bigint, ", IF(EXACT($D21, ""), "NULL", ""&$D21&""), "::bigint, ", IF(EXACT($F21, ""), "NULL", "'"&$F21&"'"), "::varchar, ", IF(EXACT($G21, ""), "NULL", "'"&$G21&"'"), "::varchar, ", IF(EXACT($B21, ""), "NULL", "'"&$B21&"'"), "::bigint);")) -> PERFORM "SchData-OLTP-Master"."Func_TblEMailAccount_SET"(varSystemLoginSession::bigint, null::bigint, null::varchar, null::timestamptz, null::timestamptz, null::varchar, varInstitutionBranchID::bigint, varBaseCurrencyID::bigint, 287000000000003::bigint, 'carolinetrans@yahoo.com'::varchar, 'Dohar Lumbanraja'::varchar, '124000000000141'::bigint);
B22: 124000000000143 | C22: =IF(EXACT($B22, ""), "", IF((($B22 - MOD($B22, 1000000000000))/1000000000000)=25, CONCATENATE("Person - ", VLOOKUP($B22, [1]DataLookUp!$B$4:$C$2000, 2, FALSE)), IF((($B22 - MOD($B22, 1000000000000))/1000000000000)=124, CONCATENATE("Institution - ", VLOOKUP($B22, '[2]DataLookUp - InstitutionBranch'!$B$4:$C$2000, 2, FALSE)), ""))) -> Institution - PT. Citra Banjar Abadi | D22: 287000000000003 | E22: =IF(EXACT($D22, ""), "", VLOOKUP($D22, 'REF - EmailAccountType'!$B$4:$C$7, 2, FALSE)) -> Business | F22: citrabanjar@gmail.com / soleha | G22: Solehan | I22: =I21 + IF(EXACT(J22, ""), 0, 1) -> 286000000000019 | J22: =IF(EXACT(F22, ""), "", CONCATENATE("PERFORM ""SchData-OLTP-Master"".""Func_TblEMailAccount_SET""(varSystemLoginSession::bigint, null::bigint, null::varchar, null::timestamptz, null::timestamptz, null::varchar, varInstitutionBranchID::bigint, varBaseCurrencyID::bigint, ", IF(EXACT($D22, ""), "NULL", ""&$D22&""), "::bigint, ", IF(EXACT($F22, ""), "NULL", "'"&$F22&"'"), "::varchar, ", IF(EXACT($G22, ""), "NULL", "'"&$G22&"'"), "::varchar, ", IF(EXACT($B22, ""), "NULL", "'"&$B22&"'"), "::bigint);")) -> PERFORM "SchData-OLTP-Master"."Func_TblEMailAccount_SET"(varSystemLoginSession::bigint, null::bigint, null::varchar, null::timestamptz, null::timestamptz, null::varchar, varInstitutionBranchID::bigint, varBaseCurrencyID::bigint, 287000000000003::bigint, 'citrabanjar@gmail.com / soleha'::varchar, 'Solehan'::varchar, '124000000000143'::bigint);
B23: 124000000000144 | C23: =IF(EXACT($B23, ""), "", IF((($B23 - MOD($B23, 1000000000000))/1000000000000)=25, CONCATENATE("Person - ", VLOOKUP($B23, [1]DataLookUp!$B$4:$C$2000, 2, FALSE)), IF((($B23 - MOD($B23, 1000000000000))/1000000000000)=124, CONCATENATE("Institution - ", VLOOKUP($B23, '[2]DataLookUp - InstitutionBranch'!$B$4:$C$2000, 2, FALSE)), ""))) -> Institution - PT. Datascrip | D23: 287000000000003 | E23: =IF(EXACT($D23, ""), "", VLOOKUP($D23, 'REF - EmailAccountType'!$B$4:$C$7, 2, FALSE)) -> Business | F23: sahat@datascrip.co.id | G23: Sahat | I23: =I22 + IF(EXACT(J23, ""), 0, 1) -> 286000000000020 | J23: =IF(EXACT(F23, ""), "", CONCATENATE("PERFORM ""SchData-OLTP-Master"".""Func_TblEMailAccount_SET""(varSystemLoginSession::bigint, null::bigint, null::varchar, null::timestamptz, null::timestamptz, null::varchar, varInstitutionBranchID::bigint, varBaseCurrencyID::bigint, ", IF(EXACT($D23, ""), "NULL", ""&$D23&""), "::bigint, ", IF(EXACT($F23, ""), "NULL", "'"&$F23&"'"), "::varchar, ", IF(EXACT($G23, ""), "NULL", "'"&$G23&"'"), "::varchar, ", IF(EXACT($B23, ""), "NULL", "'"&$B23&"'"), "::bigint);")) -> PERFORM "SchData-OLTP-Master"."Func_TblEMailAccount_SET"(varSystemLoginSession::bigint, null::bigint, null::varchar, null::timestamptz, null::timestamptz, null::varchar, varInstitutionBranchID::bigint, varBaseCurrencyID::bigint, 287000000000003::bigint, 'sahat@datascrip.co.id'::varchar, 'Sahat'::varchar, '124000000000144'::bigint);
B24: 124000000000145 | C24: =IF(EXACT($B24, ""), "", IF((($B24 - MOD($B24, 1000000000000))/1000000000000)=25, CONCATENATE("Person - ", VLOOKUP($B24, [1]DataLookUp!$B$4:$C$2000, 2, FALSE)), IF((($B24 - MOD($B24, 1000000000000))/1000000000000)=124, CONCATENATE("Institution - ", VLOOKUP($B24, '[2]DataLookUp - InstitutionBranch'!$B$4:$C$2000, 2, FALSE)), ""))) -> Institution - PT. Denko Wahana Sakti | D24: 287000000000003 | E24: =IF(EXACT($D24, ""), "", VLOOKUP($D24, 'REF - EmailAccountType'!$B$4:$C$7, 2, FALSE)) -> Business | F24: indro@denko.co.id | G24: Indro | I24: =I23 + IF(EXACT(J24, ""), 0, 1) -> 286000000000021 | J24: =IF(EXACT(F24, ""), "", CONCATENATE("PERFORM ""SchData-OLTP-Master"".""Func_TblEMailAccount_SET""(varSystemLoginSession::bigint, null::bigint, null::varchar, null::timestamptz, null::timestamptz, null::varchar, varInstitutionBranchID::bigint, varBaseCurrencyID::bigint, ", IF(EXACT($D24, ""), "NULL", ""&$D24&""), "::bigint, ", IF(EXACT($F24, ""), "NULL", "'"&$F24&"'"), "::varchar, ", IF(EXACT($G24, ""), "NULL", "'"&$G24&"'"), "::varchar, ", IF(EXACT($B24, ""), "NULL", "'"&$B24&"'"), "::bigint);")) -> PERFORM "SchData-OLTP-Master"."Func_TblEMailAccount_SET"(varSystemLoginSession::bigint, null::bigint, null::varchar, null::timestamptz, null::timestamptz, null::varchar, varInstitutionBranchID::bigint, varBaseCurrencyID::bigint, 287000000000003::bigint, 'indro@denko.co.id'::varchar, 'Indro'::varchar, '124000000000145'::bigint);
B25: 124000000000151 | C25: =IF(EXACT($B25, ""), "", IF((($B25 - MOD($B25, 1000000000000))/1000000000000)=25, CONCATENATE("Person - ", VLOOKUP($B25, [1]DataLookUp!$B$4:$C$2000, 2, FALSE)), IF((($B25 - MOD($B25, 1000000000000))/1000000000000)=124, CONCATENATE("Institution - ", VLOOKUP($B25, '[2]DataLookUp - InstitutionBranch'!$B$4:$C$2000, 2, FALSE)), ""))) -> Institution - PT. Dwimitra Sejahtera Bersama | D25: 287000000000003 | E25: =IF(EXACT($D25, ""), "", VLOOKUP($D25, 'REF - EmailAccountType'!$B$4:$C$7, 2, FALSE)) -> Business | F25: marketing.dwimitra@gmail.com | G25: Devi | I25: =I24 + IF(EXACT(J25, ""), 0, 1) -> 286000000000022 | J25: =IF(EXACT(F25, ""), "", CONCATENATE("PERFORM ""SchData-OLTP-Master"".""Func_TblEMailAccount_SET""(varSystemLoginSession::bigint, null::bigint, null::varchar, null::timestamptz, null::timestamptz, null::varchar, varInstitutionBranchID::bigint, varBaseCurrencyID::bigint, ", IF(EXACT($D25, ""), "NULL", ""&$D25&""), "::bigint, ", IF(EXACT($F25, ""), "NULL", "'"&$F25&"'"), "::varchar, ", IF(EXACT($G25, ""), "NULL", "'"&$G25&"'"), "::varchar, ", IF(EXACT($B25, ""), "NULL", "'"&$B25&"'"), "::bigint);")) -> PERFORM "SchData-OLTP-Master"."Func_TblEMailAccount_SET"(varSystemLoginSession::bigint, null::bigint, null::varchar, null::timestamptz, null::timestamptz, null::varchar, varInstitutionBranchID::bigint, varBaseCurrencyID::bigint, 287000000000003::bigint, 'marketing.dwimitra@gmail.com'::varchar, 'Devi'::varchar, '124000000000151'::bigint);
B26: 124000000000153 | C26: =IF(EXACT($B26, ""), "", IF((($B26 - MOD($B26, 1000000000000))/1000000000000)=25, CONCATENATE("Person - ", VLOOKUP($B26, [1]DataLookUp!$B$4:$C$2000, 2, FALSE)), IF((($B26 - MOD($B26, 1000000000000))/1000000000000)=124, CONCATENATE("Institution - ", VLOOKUP($B26, '[2]DataLookUp - InstitutionBranch'!$B$4:$C$2000, 2, FALSE)), ""))) -> Institution - PT. Fortindo Maju Bersama | D26: 287000000000003 | E26: =IF(EXACT($D26, ""), "", VLOOKUP($D26, 'REF - EmailAccountType'!$B$4:$C$7, 2, FALSE)) -> Business | F26: adm.fortindo.id@gmail.com | G26: Martin | I26: =I25 + IF(EXACT(J26, ""), 0, 1) -> 286000000000023 | J26: =IF(EXACT(F26, ""), "", CONCATENATE("PERFORM ""SchData-OLTP-Master"".""Func_TblEMailAccount_SET""(varSystemLoginSession::bigint, null::bigint, null::varchar, null::timestamptz, null::timestamptz, null::varchar, varInstitutionBranchID::bigint, varBaseCurrencyID::bigint, ", IF(EXACT($D26, ""), "NULL", ""&$D26&""), "::bigint, ", IF(EXACT($F26, ""), "NULL", "'"&$F26&"'"), "::varchar, ", IF(EXACT($G26, ""), "NULL", "'"&$G26&"'"), "::varchar, ", IF(EXACT($B26, ""), "NULL", "'"&$B26&"'"), "::bigint);")) -> PERFORM "SchData-OLTP-Master"."Func_TblEMailAccount_SET"(varSystemLoginSession::bigint, null::bigint, null::varchar, null::timestamptz, null::timestamptz, null::varchar, varInstitutionBranchID::bigint, varBaseCurrencyID::bigint, 287000000000003::bigint, 'adm.fortindo.id@gmail.com'::varchar, 'Martin'::varchar, '124000000000153'::bigint);
B27: 124000000000154 | C27: =IF(EXACT($B27, ""), "", IF((($B27 - MOD($B27, 1000000000000))/1000000000000)=25, CONCATENATE("Person - ", VLOOKUP($B27, [1]DataLookUp!$B$4:$C$2000, 2, FALSE)), IF((($B27 - MOD($B27, 1000000000000))/1000000000000)=124, CONCATENATE("Institution - ", VLOOKUP($B27, '[2]DataLookUp - InstitutionBranch'!$B$4:$C$2000, 2, FALSE)), ""))) -> Institution - PT. Gateway Container Line Indonesia | D27: 287000000000003 | E27: =IF(EXACT($D27, ""), "", VLOOKUP($D27, 'REF - EmailAccountType'!$B$4:$C$7, 2, FALSE)) -> Business | F27: import1@gateway-id.com | G27: Fitri | I27: =I26 + IF(EXACT(J27, ""), 0, 1) -> 286000000000024 | J27: =IF(EXACT(F27, ""), "", CONCATENATE("PERFORM ""SchData-OLTP-Master"".""Func_TblEMailAccount_SET""(varSystemLoginSession::bigint, null::bigint, null::varchar, null::timestamptz, null::timestamptz, null::varchar, varInstitutionBranchID::bigint, varBaseCurrencyID::bigint, ", IF(EXACT($D27, ""), "NULL", ""&$D27&""), "::bigint, ", IF(EXACT($F27, ""), "NULL", "'"&$F27&"'"), "::varchar, ", IF(EXACT($G27, ""), "NULL", "'"&$G27&"'"), "::varchar, ", IF(EXACT($B27, ""), "NULL", "'"&$B27&"'"), "::bigint);")) -> PERFORM "SchData-OLTP-Master"."Func_TblEMailAccount_SET"(varSystemLoginSession::bigint, null::bigint, null::varchar, null::timestamptz, null::timestamptz, null::varchar, varInstitutionBranchID::bigint, varBaseCurrencyID::bigint, 287000000000003::bigint, 'import1@gateway-id.com'::varchar, 'Fitri'::varchar, '124000000000154'::bigint);
B28: 124000000000155 | C28: =IF(EXACT($B28, ""), "", IF((($B28 - MOD($B28, 1000000000000))/1000000000000)=25, CONCATENATE("Person - ", VLOOKUP($B28, [1]DataLookUp!$B$4:$C$2000, 2, FALSE)), IF((($B28 - MOD($B28, 1000000000000))/1000000000000)=124, CONCATENATE("Institution - ", VLOOKUP($B28, '[2]DataLookUp - InstitutionBranch'!$B$4:$C$2000, 2, FALSE)), ""))) -> Institution - PT. Geo Cipta Bangun | D28: 287000000000003 | E28: =IF(EXACT($D28, ""), "", VLOOKUP($D28, 'REF - EmailAccountType'!$B$4:$C$7, 2, FALSE)) -> Business | F28: pt.geociptabangun@gmail.com | G28: Yopi | I28: =I27 + IF(EXACT(J28, ""), 0, 1) -> 286000000000025 | J28: =IF(EXACT(F28, ""), "", CONCATENATE("PERFORM ""SchData-OLTP-Master"".""Func_TblEMailAccount_SET""(varSystemLoginSession::bigint, null::bigint, null::varchar, null::timestamptz, null::timestamptz, null::varchar, varInstitutionBranchID::bigint, varBaseCurrencyID::bigint, ", IF(EXACT($D28, ""), "NULL", ""&$D28&""), "::bigint, ", IF(EXACT($F28, ""), "NULL", "'"&$F28&"'"), "::varchar, ", IF(EXACT($G28, ""), "NULL", "'"&$G28&"'"), "::varchar, ", IF(EXACT($B28, ""), "NULL", "'"&$B28&"'"), "::bigint);")) -> PERFORM "SchData-OLTP-Master"."Func_TblEMailAccount_SET"(varSystemLoginSession::bigint, null::bigint, null::varchar, null::timestamptz, null::timestamptz, null::varchar, varInstitutionBranchID::bigint, varBaseCurrencyID::bigint, 287000000000003::bigint, 'pt.geociptabangun@gmail.com'::varchar, 'Yopi'::varchar, '124000000000155'::bigint);
B29: 124000000000169 | C29: =IF(EXACT($B29, ""), "", IF((($B29 - MOD($B29, 1000000000000))/1000000000000)=25, CONCATENATE("Person - ", VLOOKUP($B29, [1]DataLookUp!$B$4:$C$2000, 2, FALSE)), IF((($B29 - MOD($B29, 1000000000000))/1000000000000)=124, CONCATENATE("Institution - ", VLOOKUP($B29, '[2]DataLookUp - InstitutionBranch'!$B$4:$C$2000, 2, FALSE)), ""))) -> Institution - PT. Infracoo Pengadaan Indonesia | D29: 287000000000003 | E29: =IF(EXACT($D29, ""), "", VLOOKUP($D29, 'REF - EmailAccountType'!$B$4:$C$7, 2, FALSE)) -> Business | F29: infracoo.ip@gmail.com | I29: =I28 + IF(EXACT(J29, ""), 0, 1) -> 286000000000026 | J29: =IF(EXACT(F29, ""), "", CONCATENATE("PERFORM ""SchData-OLTP-Master"".""Func_TblEMailAccount_SET""(varSystemLoginSession::bigint, null::bigint, null::varchar, null::timestamptz, null::timestamptz, null::varchar, varInstitutionBranchID::bigint, varBaseCurrencyID::bigint, ", IF(EXACT($D29, ""), "NULL", ""&$D29&""), "::bigint, ", IF(EXACT($F29, ""), "NULL", "'"&$F29&"'"), "::varchar, ", IF(EXACT($G29, ""), "NULL", "'"&$G29&"'"), "::varchar, ", IF(EXACT($B29, ""), "NULL", "'"&$B29&"'"), "::bigint);")) -> PERFORM "SchData-OLTP-Master"."Func_TblEMailAccount_SET"(varSystemLoginSession::bigint, null::bigint, null::varchar, null::timestamptz, null::timestamptz, null::varchar, varInstitutionBranchID::bigint, varBaseCurrencyID::bigint, 287000000000003::bigint, 'infracoo.ip@gmail.com'::varchar, NULL::varchar, '124000000000169'::bigint);
B30: 124000000000170 | C30: =IF(EXACT($B30, ""), "", IF((($B30 - MOD($B30, 1000000000000))/1000000000000)=25, CONCATENATE("Person - ", VLOOKUP($B30, [1]DataLookUp!$B$4:$C$2000, 2, FALSE)), IF((($B30 - MOD($B30, 1000000000000))/1000000000000)=124, CONCATENATE("Institution - ", VLOOKUP($B30, '[2]DataLookUp - InstitutionBranch'!$B$4:$C$2000, 2, FALSE)), ""))) -> Institution - PT. Inti Teknologi Indonesia Utama | D30: 287000000000003 | E30: =IF(EXACT($D30, ""), "", VLOOKUP($D30, 'REF - EmailAccountType'!$B$4:$C$7, 2, FALSE)) -> Business | F30: fendilab3@yahoo.com | G30: Fendi | I30: =I29 + IF(EXACT(J30, ""), 0, 1) -> 286000000000027 | J30: =IF(EXACT(F30, ""), "", CONCATENATE("PERFORM ""SchData-OLTP-Master"".""Func_TblEMailAccount_SET""(varSystemLoginSession::bigint, null::bigint, null::varchar, null::timestamptz, null::timestamptz, null::varchar, varInstitutionBranchID::bigint, varBaseCurrencyID::bigint, ", IF(EXACT($D30, ""), "NULL", ""&$D30&""), "::bigint, ", IF(EXACT($F30, ""), "NULL", "'"&$F30&"'"), "::varchar, ", IF(EXACT($G30, ""), "NULL", "'"&$G30&"'"), "::varchar, ", IF(EXACT($B30, ""), "NULL", "'"&$B30&"'"), "::bigint);")) -> PERFORM "SchData-OLTP-Master"."Func_TblEMailAccount_SET"(varSystemLoginSession::bigint, null::bigint, null::varchar, null::timestamptz, null::timestamptz, null::varchar, varInstitutionBranchID::bigint, varBaseCurrencyID::bigint, 287000000000003::bigint, 'fendilab3@yahoo.com'::varchar, 'Fendi'::varchar, '124000000000170'::bigint);
B31: 124000000000171 | C31: =IF(EXACT($B31, ""), "", IF((($B31 - MOD($B31, 1000000000000))/1000000000000)=25, CONCATENATE("Person - ", VLOOKUP($B31, [1]DataLookUp!$B$4:$C$2000, 2, FALSE)), IF((($B31 - MOD($B31, 1000000000000))/1000000000000)=124, CONCATENATE("Institution - ", VLOOKUP($B31, '[2]DataLookUp - InstitutionBranch'!$B$4:$C$2000, 2, FALSE)), ""))) -> Institution - PT. Iradat Aman Globalindo | D31: 287000000000003 | E31: =IF(EXACT($D31, ""), "", VLOOKUP($D31, 'REF - EmailAccountType'!$B$4:$C$7, 2, FALSE)) -> Business | F31: iradat_aman@cbn.net.id, alaydr | G31: Zaenudin Hasan | I31: =I30 + IF(EXACT(J31, ""), 0, 1) -> 286000000000028 | J31: =IF(EXACT(F31, ""), "", CONCATENATE("PERFORM ""SchData-OLTP-Master"".""Func_TblEMailAccount_SET""(varSystemLoginSession::bigint, null::bigint, null::varchar, null::timestamptz, null::timestamptz, null::varchar, varInstitutionBranchID::bigint, varBaseCurrencyID::bigint, ", IF(EXACT($D31, ""), "NULL", ""&$D31&""), "::bigint, ", IF(EXACT($F31, ""), "NULL", "'"&$F31&"'"), "::varchar, ", IF(EXACT($G31, ""), "NULL", "'"&$G31&"'"), "::varchar, ", IF(EXACT($B31, ""), "NULL", "'"&$B31&"'"), "::bigint);")) -> PERFORM "SchData-OLTP-Master"."Func_TblEMailAccount_SET"(varSystemLoginSession::bigint, null::bigint, null::varchar, null::timestamptz, null::timestamptz, null::varchar, varInstitutionBranchID::bigint, varBaseCurrencyID::bigint, 287000000000003::bigint, 'iradat_aman@cbn.net.id, alaydr'::varchar, 'Zaenudin Hasan'::varchar, '124000000000171'::bigint);
B32: 124000000000173 | C32: =IF(EXACT($B32, ""), "", IF((($B32 - MOD($B32, 1000000000000))/1000000000000)=25, CONCATENATE("Person - ", VLOOKUP($B32, [1]DataLookUp!$B$4:$C$2000, 2, FALSE)), IF((($B32 - MOD($B32, 1000000000000))/1000000000000)=124, CONCATENATE("Institution - ", VLOOKUP($B32, '[2]DataLookUp - InstitutionBranch'!$B$4:$C$2000, 2, FALSE)), ""))) -> Institution - PT. Jaring Telekomunikasi Indonesia | D32: 287000000000003 | E32: =IF(EXACT($D32, ""), "", VLOOKUP($D32, 'REF - EmailAccountType'!$B$4:$C$7, 2, FALSE)) -> Business | F32: marketing@jaringtelekom.co.id | G32: Eddy | I32: =I31 + IF(EXACT(J32, ""), 0, 1) -> 286000000000029 | J32: =IF(EXACT(F32, ""), "", CONCATENATE("PERFORM ""SchData-OLTP-Master"".""Func_TblEMailAccount_SET""(varSystemLoginSession::bigint, null::bigint, null::varchar, null::timestamptz, null::timestamptz, null::varchar, varInstitutionBranchID::bigint, varBaseCurrencyID::bigint, ", IF(EXACT($D32, ""), "NULL", ""&$D32&""), "::bigint, ", IF(EXACT($F32, ""), "NULL", "'"&$F32&"'"), "::varchar, ", IF(EXACT($G32, ""), "NULL", "'"&$G32&"'"), "::varchar, ", IF(EXACT($B32, ""), "NULL", "'"&$B32&"'"), "::bigint);")) -> PERFORM "SchData-OLTP-Master"."Func_TblEMailAccount_SET"(varSystemLoginSession::bigint, null::bigint, null::varchar, null::timestamptz, null::timestamptz, null::varchar, varInstitutionBranchID::bigint, varBaseCurrencyID::bigint, 287000000000003::bigint, 'marketing@jaringtelekom.co.id'::varchar, 'Eddy'::varchar, '124000000000173'::bigint);
B33: 124000000000174 | C33: =IF(EXACT($B33, ""), "", IF((($B33 - MOD($B33, 1000000000000))/1000000000000)=25, CONCATENATE("Person - ", VLOOKUP($B33, [1]DataLookUp!$B$4:$C$2000, 2, FALSE)), IF((($B33 - MOD($B33, 1000000000000))/1000000000000)=124, CONCATENATE("Institution - ", VLOOKUP($B33, '[2]DataLookUp - InstitutionBranch'!$B$4:$C$2000, 2, FALSE)), ""))) -> Institution - PT. Jaya Beton Indonesia | D33: 287000000000003 | E33: =IF(EXACT($D33, ""), "", VLOOKUP($D33, 'REF - EmailAccountType'!$B$4:$C$7, 2, FALSE)) -> Business | F33: legal@jayabeton.com | G33: Reza | I33: =I32 + IF(EXACT(J33, ""), 0, 1) -> 286000000000030 | J33: =IF(EXACT(F33, ""), "", CONCATENATE("PERFORM ""SchData-OLTP-Master"".""Func_TblEMailAccount_SET""(varSystemLoginSession::bigint, null::bigint, null::varchar, null::timestamptz, null::timestamptz, null::varchar, varInstitutionBranchID::bigint, varBaseCurrencyID::bigint, ", IF(EXACT($D33, ""), "NULL", ""&$D33&""), "::bigint, ", IF(EXACT($F33, ""), "NULL", "'"&$F33&"'"), "::varchar, ", IF(EXACT($G33, ""), "NULL", "'"&$G33&"'"), "::varchar, ", IF(EXACT($B33, ""), "NULL", "'"&$B33&"'"), "::bigint);")) -> PERFORM "SchData-OLTP-Master"."Func_TblEMailAccount_SET"(varSystemLoginSession::bigint, null::bigint, null::varchar, null::timestamptz, null::timestamptz, null::varchar, varInstitutionBranchID::bigint, varBaseCurrencyID::bigint, 287000000000003::bigint, 'legal@jayabeton.com'::varchar, 'Reza'::varchar, '124000000000174'::bigint);
B34: 124000000000179 | C34: =IF(EXACT($B34, ""), "", IF((($B34 - MOD($B34, 1000000000000))/1000000000000)=25, CONCATENATE("Person - ", VLOOKUP($B34, [1]DataLookUp!$B$4:$C$2000, 2, FALSE)), IF((($B34 - MOD($B34, 1000000000000))/1000000000000)=124, CONCATENATE("Institution - ", VLOOKUP($B34, '[2]DataLookUp - InstitutionBranch'!$B$4:$C$2000, 2, FALSE)), ""))) -> Institution - PT. Karya Mega Sarana | D34: 287000000000003 | E34: =IF(EXACT($D34, ""), "", VLOOKUP($D34, 'REF - EmailAccountType'!$B$4:$C$7, 2, FALSE)) -> Business | F34: marketing.kamesa@gmail.com | G34: Galih | I34: =I33 + IF(EXACT(J34, ""), 0, 1) -> 286000000000031 | J34: =IF(EXACT(F34, ""), "", CONCATENATE("PERFORM ""SchData-OLTP-Master"".""Func_TblEMailAccount_SET""(varSystemLoginSession::bigint, null::bigint, null::varchar, null::timestamptz, null::timestamptz, null::varchar, varInstitutionBranchID::bigint, varBaseCurrencyID::bigint, ", IF(EXACT($D34, ""), "NULL", ""&$D34&""), "::bigint, ", IF(EXACT($F34, ""), "NULL", "'"&$F34&"'"), "::varchar, ", IF(EXACT($G34, ""), "NULL", "'"&$G34&"'"), "::varchar, ", IF(EXACT($B34, ""), "NULL", "'"&$B34&"'"), "::bigint);")) -> PERFORM "SchData-OLTP-Master"."Func_TblEMailAccount_SET"(varSystemLoginSession::bigint, null::bigint, null::varchar, null::timestamptz, null::timestamptz, null::varchar, varInstitutionBranchID::bigint, varBaseCurrencyID::bigint, 287000000000003::bigint, 'marketing.kamesa@gmail.com'::varchar, 'Galih'::varchar, '124000000000179'::bigint);
B35: 124000000000182 | C35: =IF(EXACT($B35, ""), "", IF((($B35 - MOD($B35, 1000000000000))/1000000000000)=25, CONCATENATE("Person - ", VLOOKUP($B35, [1]DataLookUp!$B$4:$C$2000, 2, FALSE)), IF((($B35 - MOD($B35, 1000000000000))/1000000000000)=124, CONCATENATE("Institution - ", VLOOKUP($B35, '[2]DataLookUp - InstitutionBranch'!$B$4:$C$2000, 2, FALSE)), ""))) -> Institution - PT. Kirana Purnama | D35: 287000000000003 | E35: =IF(EXACT($D35, ""), "", VLOOKUP($D35, 'REF - EmailAccountType'!$B$4:$C$7, 2, FALSE)) -> Business | F35: sales@kiranapurnama.sikadistri | G35: Dini | I35: =I34 + IF(EXACT(J35, ""), 0, 1) -> 286000000000032 | J35: =IF(EXACT(F35, ""), "", CONCATENATE("PERFORM ""SchData-OLTP-Master"".""Func_TblEMailAccount_SET""(varSystemLoginSession::bigint, null::bigint, null::varchar, null::timestamptz, null::timestamptz, null::varchar, varInstitutionBranchID::bigint, varBaseCurrencyID::bigint, ", IF(EXACT($D35, ""), "NULL", ""&$D35&""), "::bigint, ", IF(EXACT($F35, ""), "NULL", "'"&$F35&"'"), "::varchar, ", IF(EXACT($G35, ""), "NULL", "'"&$G35&"'"), "::varchar, ", IF(EXACT($B35, ""), "NULL", "'"&$B35&"'"), "::bigint);")) -> PERFORM "SchData-OLTP-Master"."Func_TblEMailAccount_SET"(varSystemLoginSession::bigint, null::bigint, null::varchar, null::timestamptz, null::timestamptz, null::varchar, varInstitutionBranchID::bigint, varBaseCurrencyID::bigint, 287000000000003::bigint, 'sales@kiranapurnama.sikadistri'::varchar, 'Dini'::varchar, '124000000000182'::bigint);
B36: 124000000000184 | C36: =IF(EXACT($B36, ""), "", IF((($B36 - MOD($B36, 1000000000000))/1000000000000)=25, CONCATENATE("Person - ", VLOOKUP($B36, [1]DataLookUp!$B$4:$C$2000, 2, FALSE)), IF((($B36 - MOD($B36, 1000000000000))/1000000000000)=124, CONCATENATE("Institution - ", VLOOKUP($B36, '[2]DataLookUp - InstitutionBranch'!$B$4:$C$2000, 2, FALSE)), ""))) -> Institution - PT. Magna Beton Indonesia | D36: 287000000000003 | E36: =IF(EXACT($D36, ""), "", VLOOKUP($D36, 'REF - EmailAccountType'!$B$4:$C$7, 2, FALSE)) -> Business | F36: magna.beton@gmail.com | G36: Lukman | I36: =I35 + IF(EXACT(J36, ""), 0, 1) -> 286000000000033 | J36: =IF(EXACT(F36, ""), "", CONCATENATE("PERFORM ""SchData-OLTP-Master"".""Func_TblEMailAccount_SET""(varSystemLoginSession::bigint, null::bigint, null::varchar, null::timestamptz, null::timestamptz, null::varchar, varInstitutionBranchID::bigint, varBaseCurrencyID::bigint, ", IF(EXACT($D36, ""), "NULL", ""&$D36&""), "::bigint, ", IF(EXACT($F36, ""), "NULL", "'"&$F36&"'"), "::varchar, ", IF(EXACT($G36, ""), "NULL", "'"&$G36&"'"), "::varchar, ", IF(EXACT($B36, ""), "NULL", "'"&$B36&"'"), "::bigint);")) -> PERFORM "SchData-OLTP-Master"."Func_TblEMailAccount_SET"(varSystemLoginSession::bigint, null::bigint, null::varchar, null::timestamptz, null::timestamptz, null::varchar, varInstitutionBranchID::bigint, varBaseCurrencyID::bigint, 287000000000003::bigint, 'magna.beton@gmail.com'::varchar, 'Lukman'::varchar, '124000000000184'::bigint);
B37: 124000000000185 | C37: =IF(EXACT($B37, ""), "", IF((($B37 - MOD($B37, 1000000000000))/1000000000000)=25, CONCATENATE("Person - ", VLOOKUP($B37, [1]DataLookUp!$B$4:$C$2000, 2, FALSE)), IF((($B37 - MOD($B37, 1000000000000))/1000000000000)=124, CONCATENATE("Institution - ", VLOOKUP($B37, '[2]DataLookUp - InstitutionBranch'!$B$4:$C$2000, 2, FALSE)), ""))) -> Institution - PT. Mandiri Maha Daya | D37: 287000000000003 | E37: =IF(EXACT($D37, ""), "", VLOOKUP($D37, 'REF - EmailAccountType'!$B$4:$C$7, 2, FALSE)) -> Business | F37: admin@mandirimahadaya.co.id | G37: PT Mandiri Maha Daya | I37: =I36 + IF(EXACT(J37, ""), 0, 1) -> 286000000000034 | J37: =IF(EXACT(F37, ""), "", CONCATENATE("PERFORM ""SchData-OLTP-Master"".""Func_TblEMailAccount_SET""(varSystemLoginSession::bigint, null::bigint, null::varchar, null::timestamptz, null::timestamptz, null::varchar, varInstitutionBranchID::bigint, varBaseCurrencyID::bigint, ", IF(EXACT($D37, ""), "NULL", ""&$D37&""), "::bigint, ", IF(EXACT($F37, ""), "NULL", "'"&$F37&"'"), "::varchar, ", IF(EXACT($G37, ""), "NULL", "'"&$G37&"'"), "::varchar, ", IF(EXACT($B37, ""), "NULL", "'"&$B37&"'"), "::bigint);")) -> PERFORM "SchData-OLTP-Master"."Func_TblEMailAccount_SET"(varSystemLoginSession::bigint, null::bigint, null::varchar, null::timestamptz, null::timestamptz, null::varchar, varInstitutionBranchID::bigint, varBaseCurrencyID::bigint, 287000000000003::bigint, 'admin@mandirimahadaya.co.id'::varchar, 'PT Mandiri Maha Daya'::varchar, '124000000000185'::bigint);
B38: 124000000000186 | C38: =IF(EXACT($B38, ""), "", IF((($B38 - MOD($B38, 1000000000000))/1000000000000)=25, CONCATENATE("Person - ", VLOOKUP($B38, [1]DataLookUp!$B$4:$C$2000, 2, FALSE)), IF((($B38 - MOD($B38, 1000000000000))/1000000000000)=124, CONCATENATE("Institution - ", VLOOKUP($B38, '[2]DataLookUp - InstitutionBranch'!$B$4:$C$2000, 2, FALSE)), ""))) -> Institution - PT. Markoen Engineering Indonesia | D38: 287000000000003 | E38: =IF(EXACT($D38, ""), "", VLOOKUP($D38, 'REF - EmailAccountType'!$B$4:$C$7, 2, FALSE)) -> Business | F38: marketing.ptmei@gmail.com | G38: Cici | I38: =I37 + IF(EXACT(J38, ""), 0, 1) -> 286000000000035 | J38: =IF(EXACT(F38, ""), "", CONCATENATE("PERFORM ""SchData-OLTP-Master"".""Func_TblEMailAccount_SET""(varSystemLoginSession::bigint, null::bigint, null::varchar, null::timestamptz, null::timestamptz, null::varchar, varInstitutionBranchID::bigint, varBaseCurrencyID::bigint, ", IF(EXACT($D38, ""), "NULL", ""&$D38&""), "::bigint, ", IF(EXACT($F38, ""), "NULL", "'"&$F38&"'"), "::varchar, ", IF(EXACT($G38, ""), "NULL", "'"&$G38&"'"), "::varchar, ", IF(EXACT($B38, ""), "NULL", "'"&$B38&"'"), "::bigint);")) -> PERFORM "SchData-OLTP-Master"."Func_TblEMailAccount_SET"(varSystemLoginSession::bigint, null::bigint, null::varchar, null::timestamptz, null::timestamptz, null::varchar, varInstitutionBranchID::bigint, varBaseCurrencyID::bigint, 287000000000003::bigint, 'marketing.ptmei@gmail.com'::varchar, 'Cici'::varchar, '124000000000186'::bigint);
B39: 124000000000194 | C39: =IF(EXACT($B39, ""), "", IF((($B39 - MOD($B39, 1000000000000))/1000000000000)=25, CONCATENATE("Person - ", VLOOKUP($B39, [1]DataLookUp!$B$4:$C$2000, 2, FALSE)), IF((($B39 - MOD($B39, 1000000000000))/1000000000000)=124, CONCATENATE("Institution - ", VLOOKUP($B39, '[2]DataLookUp - InstitutionBranch'!$B$4:$C$2000, 2, FALSE)), ""))) -> Institution - PT. Multi Guna Trans Energi | D39: 287000000000003 | E39: =IF(EXACT($D39, ""), "", VLOOKUP($D39, 'REF - EmailAccountType'!$B$4:$C$7, 2, FALSE)) -> Business | F39: andrianna@mgte.co.id | G39: Andrianna | I39: =I38 + IF(EXACT(J39, ""), 0, 1) -> 286000000000036 | J39: =IF(EXACT(F39, ""), "", CONCATENATE("PERFORM ""SchData-OLTP-Master"".""Func_TblEMailAccount_SET""(varSystemLoginSession::bigint, null::bigint, null::varchar, null::timestamptz, null::timestamptz, null::varchar, varInstitutionBranchID::bigint, varBaseCurrencyID::bigint, ", IF(EXACT($D39, ""), "NULL", ""&$D39&""), "::bigint, ", IF(EXACT($F39, ""), "NULL", "'"&$F39&"'"), "::varchar, ", IF(EXACT($G39, ""), "NULL", "'"&$G39&"'"), "::varchar, ", IF(EXACT($B39, ""), "NULL", "'"&$B39&"'"), "::bigint);")) -> PERFORM "SchData-OLTP-Master"."Func_TblEMailAccount_SET"(varSystemLoginSession::bigint, null::bigint, null::varchar, null::timestamptz, null::timestamptz, null::varchar, varInstitutionBranchID::bigint, varBaseCurrencyID::bigint, 287000000000003::bigint, 'andrianna@mgte.co.id'::varchar, 'Andrianna'::varchar, '124000000000194'::bigint);
B40: 124000000000195 | C40: =IF(EXACT($B40, ""), "", IF((($B40 - MOD($B40, 1000000000000))/1000000000000)=25, CONCATENATE("Person - ", VLOOKUP($B40, [1]DataLookUp!$B$4:$C$2000, 2, FALSE)), IF((($B40 - MOD($B40, 1000000000000))/1000000000000)=124, CONCATENATE("Institution - ", VLOOKUP($B40, '[2]DataLookUp - InstitutionBranch'!$B$4:$C$2000, 2, FALSE)), ""))) -> Institution - PT. Multi Kencana Niagatama | D40: 287000000000003 | E40: =IF(EXACT($D40, ""), "", VLOOKUP($D40, 'REF - EmailAccountType'!$B$4:$C$7, 2, FALSE)) -> Business | F40: sales@multi-kabel.com | G40: Arie Tri | I40: =I39 + IF(EXACT(J40, ""), 0, 1) -> 286000000000037 | J40: =IF(EXACT(F40, ""), "", CONCATENATE("PERFORM ""SchData-OLTP-Master"".""Func_TblEMailAccount_SET""(varSystemLoginSession::bigint, null::bigint, null::varchar, null::timestamptz, null::timestamptz, null::varchar, varInstitutionBranchID::bigint, varBaseCurrencyID::bigint, ", IF(EXACT($D40, ""), "NULL", ""&$D40&""), "::bigint, ", IF(EXACT($F40, ""), "NULL", "'"&$F40&"'"), "::varchar, ", IF(EXACT($G40, ""), "NULL", "'"&$G40&"'"), "::varchar, ", IF(EXACT($B40, ""), "NULL", "'"&$B40&"'"), "::bigint);")) -> PERFORM "SchData-OLTP-Master"."Func_TblEMailAccount_SET"(varSystemLoginSession::bigint, null::bigint, null::varchar, null::timestamptz, null::timestamptz, null::varchar, varInstitutionBranchID::bigint, varBaseCurrencyID::bigint, 287000000000003::bigint, 'sales@multi-kabel.com'::varchar, 'Arie Tri'::varchar, '124000000000195'::bigint);
B41: 124000000000199 | C41: =IF(EXACT($B41, ""), "", IF((($B41 - MOD($B41, 1000000000000))/1000000000000)=25, CONCATENATE("Person - ", VLOOKUP($B41, [1]DataLookUp!$B$4:$C$2000, 2, FALSE)), IF((($B41 - MOD($B41, 1000000000000))/1000000000000)=124, CONCATENATE("Institution - ", VLOOKUP($B41, '[2]DataLookUp - InstitutionBranch'!$B$4:$C$2000, 2, FALSE)), ""))) -> Institution - PT. NR Electric Jakarta | D41: 287000000000003 | E41: =IF(EXACT($D41, ""), "", VLOOKUP($D41, 'REF - EmailAccountType'!$B$4:$C$7, 2, FALSE)) -> Business | F41: rizaemir.emir@gmail.com | G41: Kofi Wang / Ryan Iskan | I41: =I40 + IF(EXACT(J41, ""), 0, 1) -> 286000000000038 | J41: =IF(EXACT(F41, ""), "", CONCATENATE("PERFORM ""SchData-OLTP-Master"".""Func_TblEMailAccount_SET""(varSystemLoginSession::bigint, null::bigint, null::varchar, null::timestamptz, null::timestamptz, null::varchar, varInstitutionBranchID::bigint, varBaseCurrencyID::bigint, ", IF(EXACT($D41, ""), "NULL", ""&$D41&""), "::bigint, ", IF(EXACT($F41, ""), "NULL", "'"&$F41&"'"), "::varchar, ", IF(EXACT($G41, ""), "NULL", "'"&$G41&"'"), "::varchar, ", IF(EXACT($B41, ""), "NULL", "'"&$B41&"'"), "::bigint);")) -> PERFORM "SchData-OLTP-Master"."Func_TblEMailAccount_SET"(varSystemLoginSession::bigint, null::bigint, null::varchar, null::timestamptz, null::timestamptz, null::varchar, varInstitutionBranchID::bigint, varBaseCurrencyID::bigint, 287000000000003::bigint, 'rizaemir.emir@gmail.com'::varchar, 'Kofi Wang / Ryan Iskan'::varchar, '124000000000199'::bigint);
... B50: 124000000000219 | C50: =IF(EXACT($B50, ""), "", IF((($B50 - MOD($B50, 1000000000000))/1000000000000)=25, CONCATENATE("Person - ", VLOOKUP($B50, [1]DataLookUp!$B$4:$C$2000, 2, FALSE)), IF((($B50 - MOD($B50, 1000000000000))/1000000000000)=124, CONCATENATE("Institution - ", VLOOKUP($B50, '[2]DataLookUp - InstitutionBranch'!$B$4:$C$2000, 2, FALSE)), ""))) -> Institution - PT. Primatech Jaya Abadi | D50: 287000000000003 | E50: =IF(EXACT($D50, ""), "", VLOOKUP($D50, 'REF - EmailAccountType'!$B$4:$C$7, 2, FALSE)) -> Business | F50: primatechjayaabadi@gmail.com | G50: Honorius | I50: =I49 + IF(EXACT(J50, ""), 0, 1) -> 286000000000047 | J50: =IF(EXACT(F50, ""), "", CONCATENATE("PERFORM ""SchData-OLTP-Master"".""Func_TblEMailAccount_SET""(varSystemLoginSession::bigint, null::bigint, null::varchar, null::timestamptz, null::timestamptz, null::varchar, varInstitutionBranchID::bigint, varBaseCurrencyID::bigint, ", IF(EXACT($D50, ""), "NULL", ""&$D50&""), "::bigint, ", IF(EXACT($F50, ""), "NULL", "'"&$F50&"'"), "::varchar, ", IF(EXACT($G50, ""), "NULL", "'"&$G50&"'"), "::varchar, ", IF(EXACT($B50, ""), "NULL", "'"&$B50&"'"), "::bigint);")) -> PERFORM "SchData-OLTP-Master"."Func_TblEMailAccount_SET"(varSystemLoginSession::bigint, null::bigint, null::varchar, null::timestamptz, null::timestamptz, null::varchar, varInstitutionBranchID::bigint, varBaseCurrencyID::bigint, 287000000000003::bigint, 'primatechjayaabadi@gmail.com'::varchar, 'Honorius'::varchar, '124000000000219'::bigint);
B51: 124000000000223 | C51: =IF(EXACT($B51, ""), "", IF((($B51 - MOD($B51, 1000000000000))/1000000000000)=25, CONCATENATE("Person - ", VLOOKUP($B51, [1]DataLookUp!$B$4:$C$2000, 2, FALSE)), IF((($B51 - MOD($B51, 1000000000000))/1000000000000)=124, CONCATENATE("Institution - ", VLOOKUP($B51, '[2]DataLookUp - InstitutionBranch'!$B$4:$C$2000, 2, FALSE)), ""))) -> Institution - PT. Radian Sarana Elektrika | D51: 287000000000003 | E51: =IF(EXACT($D51, ""), "", VLOOKUP($D51, 'REF - EmailAccountType'!$B$4:$C$7, 2, FALSE)) -> Business | F51: corsec@rse.co.id | I51: =I50 + IF(EXACT(J51, ""), 0, 1) -> 286000000000048 | J51: =IF(EXACT(F51, ""), "", CONCATENATE("PERFORM ""SchData-OLTP-Master"".""Func_TblEMailAccount_SET""(varSystemLoginSession::bigint, null::bigint, null::varchar, null::timestamptz, null::timestamptz, null::varchar, varInstitutionBranchID::bigint, varBaseCurrencyID::bigint, ", IF(EXACT($D51, ""), "NULL", ""&$D51&""), "::bigint, ", IF(EXACT($F51, ""), "NULL", "'"&$F51&"'"), "::varchar, ", IF(EXACT($G51, ""), "NULL", "'"&$G51&"'"), "::varchar, ", IF(EXACT($B51, ""), "NULL", "'"&$B51&"'"), "::bigint);")) -> PERFORM "SchData-OLTP-Master"."Func_TblEMailAccount_SET"(varSystemLoginSession::bigint, null::bigint, null::varchar, null::timestamptz, null::timestamptz, null::varchar, varInstitutionBranchID::bigint, varBaseCurrencyID::bigint, 287000000000003::bigint, 'corsec@rse.co.id'::varchar, NULL::varchar, '124000000000223'::bigint);
B52: 124000000000227 | C52: =IF(EXACT($B52, ""), "", IF((($B52 - MOD($B52, 1000000000000))/1000000000000)=25, CONCATENATE("Person - ", VLOOKUP($B52, [1]DataLookUp!$B$4:$C$2000, 2, FALSE)), IF((($B52 - MOD($B52, 1000000000000))/1000000000000)=124, CONCATENATE("Institution - ", VLOOKUP($B52, '[2]DataLookUp - InstitutionBranch'!$B$4:$C$2000, 2, FALSE)), ""))) -> Institution - PT. Royal Madani Persada | D52: 287000000000003 | E52: =IF(EXACT($D52, ""), "", VLOOKUP($D52, 'REF - EmailAccountType'!$B$4:$C$7, 2, FALSE)) -> Business | F52: royalmadanipersada@gmail.com | G52: Insan Kurniawan | I52: =I51 + IF(EXACT(J52, ""), 0, 1) -> 286000000000049 | J52: =IF(EXACT(F52, ""), "", CONCATENATE("PERFORM ""SchData-OLTP-Master"".""Func_TblEMailAccount_SET""(varSystemLoginSession::bigint, null::bigint, null::varchar, null::timestamptz, null::timestamptz, null::varchar, varInstitutionBranchID::bigint, varBaseCurrencyID::bigint, ", IF(EXACT($D52, ""), "NULL", ""&$D52&""), "::bigint, ", IF(EXACT($F52, ""), "NULL", "'"&$F52&"'"), "::varchar, ", IF(EXACT($G52, ""), "NULL", "'"&$G52&"'"), "::varchar, ", IF(EXACT($B52, ""), "NULL", "'"&$B52&"'"), "::bigint);")) -> PERFORM "SchData-OLTP-Master"."Func_TblEMailAccount_SET"(varSystemLoginSession::bigint, null::bigint, null::varchar, null::timestamptz, null::timestamptz, null::varchar, varInstitutionBranchID::bigint, varBaseCurrencyID::bigint, 287000000000003::bigint, 'royalmadanipersada@gmail.com'::varchar, 'Insan Kurniawan'::varchar, '124000000000227'::bigint);
B53: 124000000000229 | C53: =IF(EXACT($B53, ""), "", IF((($B53 - MOD($B53, 1000000000000))/1000000000000)=25, CONCATENATE("Person - ", VLOOKUP($B53, [1]DataLookUp!$B$4:$C$2000, 2, FALSE)), IF((($B53 - MOD($B53, 1000000000000))/1000000000000)=124, CONCATENATE("Institution - ", VLOOKUP($B53, '[2]DataLookUp - InstitutionBranch'!$B$4:$C$2000, 2, FALSE)), ""))) -> Institution - PT. Salam Pacific Indonesia Lines | D53: 287000000000003 | E53: =IF(EXACT($D53, ""), "", VLOOKUP($D53, 'REF - EmailAccountType'!$B$4:$C$7, 2, FALSE)) -> Business | F53: procurement.admin@qdc.co.id | I53: =I52 + IF(EXACT(J53, ""), 0, 1) -> 286000000000050 | J53: =IF(EXACT(F53, ""), "", CONCATENATE("PERFORM ""SchData-OLTP-Master"".""Func_TblEMailAccount_SET""(varSystemLoginSession::bigint, null::bigint, null::varchar, null::timestamptz, null::timestamptz, null::varchar, varInstitutionBranchID::bigint, varBaseCurrencyID::bigint, ", IF(EXACT($D53, ""), "NULL", ""&$D53&""), "::bigint, ", IF(EXACT($F53, ""), "NULL", "'"&$F53&"'"), "::varchar, ", IF(EXACT($G53, ""), "NULL", "'"&$G53&"'"), "::varchar, ", IF(EXACT($B53, ""), "NULL", "'"&$B53&"'"), "::bigint);")) -> PERFORM "SchData-OLTP-Master"."Func_TblEMailAccount_SET"(varSystemLoginSession::bigint, null::bigint, null::varchar, null::timestamptz, null::timestamptz, null::varchar, varInstitutionBranchID::bigint, varBaseCurrencyID::bigint, 287000000000003::bigint, 'procurement.admin@qdc.co.id'::varchar, NULL::varchar, '124000000000229'::bigint);
B54: 124000000000230 | C54: =IF(EXACT($B54, ""), "", IF((($B54 - MOD($B54, 1000000000000))/1000000000000)=25, CONCATENATE("Person - ", VLOOKUP($B54, [1]DataLookUp!$B$4:$C$2000, 2, FALSE)), IF((($B54 - MOD($B54, 1000000000000))/1000000000000)=124, CONCATENATE("Institution - ", VLOOKUP($B54, '[2]DataLookUp - InstitutionBranch'!$B$4:$C$2000, 2, FALSE)), ""))) -> Institution - PT. Schneider Indonesia | D54: 287000000000003 | E54: =IF(EXACT($D54, ""), "", VLOOKUP($D54, 'REF - EmailAccountType'!$B$4:$C$7, 2, FALSE)) -> Business | F54: chodrin.butar@se.com | G54: Chodrin Butarbutar | I54: =I53 + IF(EXACT(J54, ""), 0, 1) -> 286000000000051 | J54: =IF(EXACT(F54, ""), "", CONCATENATE("PERFORM ""SchData-OLTP-Master"".""Func_TblEMailAccount_SET""(varSystemLoginSession::bigint, null::bigint, null::varchar, null::timestamptz, null::timestamptz, null::varchar, varInstitutionBranchID::bigint, varBaseCurrencyID::bigint, ", IF(EXACT($D54, ""), "NULL", ""&$D54&""), "::bigint, ", IF(EXACT($F54, ""), "NULL", "'"&$F54&"'"), "::varchar, ", IF(EXACT($G54, ""), "NULL", "'"&$G54&"'"), "::varchar, ", IF(EXACT($B54, ""), "NULL", "'"&$B54&"'"), "::bigint);")) -> PERFORM "SchData-OLTP-Master"."Func_TblEMailAccount_SET"(varSystemLoginSession::bigint, null::bigint, null::varchar, null::timestamptz, null::timestamptz, null::varchar, varInstitutionBranchID::bigint, varBaseCurrencyID::bigint, 287000000000003::bigint, 'chodrin.butar@se.com'::varchar, 'Chodrin Butarbutar'::varchar, '124000000000230'::bigint);
B55: 124000000000231 | C55: =IF(EXACT($B55, ""), "", IF((($B55 - MOD($B55, 1000000000000))/1000000000000)=25, CONCATENATE("Person - ", VLOOKUP($B55, [1]DataLookUp!$B$4:$C$2000, 2, FALSE)), IF((($B55 - MOD($B55, 1000000000000))/1000000000000)=124, CONCATENATE("Institution - ", VLOOKUP($B55, '[2]DataLookUp - InstitutionBranch'!$B$4:$C$2000, 2, FALSE)), ""))) -> Institution - PT. Sentosa Prima Mandiri | D55: 287000000000003 | E55: =IF(EXACT($D55, ""), "", VLOOKUP($D55, 'REF - EmailAccountType'!$B$4:$C$7, 2, FALSE)) -> Business | F55: noviindri01@gmail.com | G55: Andri / Novi Indri | I55: =I54 + IF(EXACT(J55, ""), 0, 1) -> 286000000000052 | J55: =IF(EXACT(F55, ""), "", CONCATENATE("PERFORM ""SchData-OLTP-Master"".""Func_TblEMailAccount_SET""(varSystemLoginSession::bigint, null::bigint, null::varchar, null::timestamptz, null::timestamptz, null::varchar, varInstitutionBranchID::bigint, varBaseCurrencyID::bigint, ", IF(EXACT($D55, ""), "NULL", ""&$D55&""), "::bigint, ", IF(EXACT($F55, ""), "NULL", "'"&$F55&"'"), "::varchar, ", IF(EXACT($G55, ""), "NULL", "'"&$G55&"'"), "::varchar, ", IF(EXACT($B55, ""), "NULL", "'"&$B55&"'"), "::bigint);")) -> PERFORM "SchData-OLTP-Master"."Func_TblEMailAccount_SET"(varSystemLoginSession::bigint, null::bigint, null::varchar, null::timestamptz, null::timestamptz, null::varchar, varInstitutionBranchID::bigint, varBaseCurrencyID::bigint, 287000000000003::bigint, 'noviindri01@gmail.com'::varchar, 'Andri / Novi Indri'::varchar, '124000000000231'::bigint);
B56: 124000000000232 | C56: =IF(EXACT($B56, ""), "", IF((($B56 - MOD($B56, 1000000000000))/1000000000000)=25, CONCATENATE("Person - ", VLOOKUP($B56, [1]DataLookUp!$B$4:$C$2000, 2, FALSE)), IF((($B56 - MOD($B56, 1000000000000))/1000000000000)=124, CONCATENATE("Institution - ", VLOOKUP($B56, '[2]DataLookUp - InstitutionBranch'!$B$4:$C$2000, 2, FALSE)), ""))) -> Institution - PT. Siemens Indonesia | D56: 287000000000003 | E56: =IF(EXACT($D56, ""), "", VLOOKUP($D56, 'REF - EmailAccountType'!$B$4:$C$7, 2, FALSE)) -> Business | F56: Martinus.Lase@siemens.com | G56: Martinus Lase | I56: =I55 + IF(EXACT(J56, ""), 0, 1) -> 286000000000053 | J56: =IF(EXACT(F56, ""), "", CONCATENATE("PERFORM ""SchData-OLTP-Master"".""Func_TblEMailAccount_SET""(varSystemLoginSession::bigint, null::bigint, null::varchar, null::timestamptz, null::timestamptz, null::varchar, varInstitutionBranchID::bigint, varBaseCurrencyID::bigint, ", IF(EXACT($D56, ""), "NULL", ""&$D56&""), "::bigint, ", IF(EXACT($F56, ""), "NULL", "'"&$F56&"'"), "::varchar, ", IF(EXACT($G56, ""), "NULL", "'"&$G56&"'"), "::varchar, ", IF(EXACT($B56, ""), "NULL", "'"&$B56&"'"), "::bigint);")) -> PERFORM "SchData-OLTP-Master"."Func_TblEMailAccount_SET"(varSystemLoginSession::bigint, null::bigint, null::varchar, null::timestamptz, null::timestamptz, null::varchar, varInstitutionBranchID::bigint, varBaseCurrencyID::bigint, 287000000000003::bigint, 'Martinus.Lase@siemens.com '::varchar, 'Martinus Lase'::varchar, '124000000000232'::bigint);
B57: 124000000000237 | C57: =IF(EXACT($B57, ""), "", IF((($B57 - MOD($B57, 1000000000000))/1000000000000)=25, CONCATENATE("Person - ", VLOOKUP($B57, [1]DataLookUp!$B$4:$C$2000, 2, FALSE)), IF((($B57 - MOD($B57, 1000000000000))/1000000000000)=124, CONCATENATE("Institution - ", VLOOKUP($B57, '[2]DataLookUp - InstitutionBranch'!$B$4:$C$2000, 2, FALSE)), ""))) -> Institution - PT. Sinergi Garuda Nusantara | D57: 287000000000003 | E57: =IF(EXACT($D57, ""), "", VLOOKUP($D57, 'REF - EmailAccountType'!$B$4:$C$7, 2, FALSE)) -> Business | F57: djayaprint@gmail.com | I57: =I56 + IF(EXACT(J57, ""), 0, 1) -> 286000000000054 | J57: =IF(EXACT(F57, ""), "", CONCATENATE("PERFORM ""SchData-OLTP-Master"".""Func_TblEMailAccount_SET""(varSystemLoginSession::bigint, null::bigint, null::varchar, null::timestamptz, null::timestamptz, null::varchar, varInstitutionBranchID::bigint, varBaseCurrencyID::bigint, ", IF(EXACT($D57, ""), "NULL", ""&$D57&""), "::bigint, ", IF(EXACT($F57, ""), "NULL", "'"&$F57&"'"), "::varchar, ", IF(EXACT($G57, ""), "NULL", "'"&$G57&"'"), "::varchar, ", IF(EXACT($B57, ""), "NULL", "'"&$B57&"'"), "::bigint);")) -> PERFORM "SchData-OLTP-Master"."Func_TblEMailAccount_SET"(varSystemLoginSession::bigint, null::bigint, null::varchar, null::timestamptz, null::timestamptz, null::varchar, varInstitutionBranchID::bigint, varBaseCurrencyID::bigint, 287000000000003::bigint, 'djayaprint@gmail.com'::varchar, NULL::varchar, '124000000000237'::bigint);
B58: 124000000000243 | C58: =IF(EXACT($B58, ""), "", IF((($B58 - MOD($B58, 1000000000000))/1000000000000)=25, CONCATENATE("Person - ", VLOOKUP($B58, [1]DataLookUp!$B$4:$C$2000, 2, FALSE)), IF((($B58 - MOD($B58, 1000000000000))/1000000000000)=124, CONCATENATE("Institution - ", VLOOKUP($B58, '[2]DataLookUp - InstitutionBranch'!$B$4:$C$2000, 2, FALSE)), ""))) -> Institution - PT. Suryamas Elsindo Primatama | D58: 287000000000003 | E58: =IF(EXACT($D58, ""), "", VLOOKUP($D58, 'REF - EmailAccountType'!$B$4:$C$7, 2, FALSE)) -> Business | F58: suryamas@cbn.net.id | G58: Setia Kusuma | I58: =I57 + IF(EXACT(J58, ""), 0, 1) -> 286000000000055 | J58: =IF(EXACT(F58, ""), "", CONCATENATE("PERFORM ""SchData-OLTP-Master"".""Func_TblEMailAccount_SET""(varSystemLoginSession::bigint, null::bigint, null::varchar, null::timestamptz, null::timestamptz, null::varchar, varInstitutionBranchID::bigint, varBaseCurrencyID::bigint, ", IF(EXACT($D58, ""), "NULL", ""&$D58&""), "::bigint, ", IF(EXACT($F58, ""), "NULL", "'"&$F58&"'"), "::varchar, ", IF(EXACT($G58, ""), "NULL", "'"&$G58&"'"), "::varchar, ", IF(EXACT($B58, ""), "NULL", "'"&$B58&"'"), "::bigint);")) -> PERFORM "SchData-OLTP-Master"."Func_TblEMailAccount_SET"(varSystemLoginSession::bigint, null::bigint, null::varchar, null::timestamptz, null::timestamptz, null::varchar, varInstitutionBranchID::bigint, varBaseCurrencyID::bigint, 287000000000003::bigint, 'suryamas@cbn.net.id'::varchar, 'Setia Kusuma'::varchar, '124000000000243'::bigint);
B59: 124000000000244 | C59: =IF(EXACT($B59, ""), "", IF((($B59 - MOD($B59, 1000000000000))/1000000000000)=25, CONCATENATE("Person - ", VLOOKUP($B59, [1]DataLookUp!$B$4:$C$2000, 2, FALSE)), IF((($B59 - MOD($B59, 1000000000000))/1000000000000)=124, CONCATENATE("Institution - ", VLOOKUP($B59, '[2]DataLookUp - InstitutionBranch'!$B$4:$C$2000, 2, FALSE)), ""))) -> Institution - PT. Temas Tbk | D59: 287000000000003 | E59: =IF(EXACT($D59, ""), "", VLOOKUP($D59, 'REF - EmailAccountType'!$B$4:$C$7, 2, FALSE)) -> Business | F59: procurement.admin@qdc.co.id | I59: =I58 + IF(EXACT(J59, ""), 0, 1) -> 286000000000056 | J59: =IF(EXACT(F59, ""), "", CONCATENATE("PERFORM ""SchData-OLTP-Master"".""Func_TblEMailAccount_SET""(varSystemLoginSession::bigint, null::bigint, null::varchar, null::timestamptz, null::timestamptz, null::varchar, varInstitutionBranchID::bigint, varBaseCurrencyID::bigint, ", IF(EXACT($D59, ""), "NULL", ""&$D59&""), "::bigint, ", IF(EXACT($F59, ""), "NULL", "'"&$F59&"'"), "::varchar, ", IF(EXACT($G59, ""), "NULL", "'"&$G59&"'"), "::varchar, ", IF(EXACT($B59, ""), "NULL", "'"&$B59&"'"), "::bigint);")) -> PERFORM "SchData-OLTP-Master"."Func_TblEMailAccount_SET"(varSystemLoginSession::bigint, null::bigint, null::varchar, null::timestamptz, null::timestamptz, null::varchar, varInstitutionBranchID::bigint, varBaseCurrencyID::bigint, 287000000000003::bigint, 'procurement.admin@qdc.co.id'::varchar, NULL::varchar, '124000000000244'::bigint);
B60: 124000000000249 | C60: =IF(EXACT($B60, ""), "", IF((($B60 - MOD($B60, 1000000000000))/1000000000000)=25, CONCATENATE("Person - ", VLOOKUP($B60, [1]DataLookUp!$B$4:$C$2000, 2, FALSE)), IF((($B60 - MOD($B60, 1000000000000))/1000000000000)=124, CONCATENATE("Institution - ", VLOOKUP($B60, '[2]DataLookUp - InstitutionBranch'!$B$4:$C$2000, 2, FALSE)), ""))) -> Institution - PT. Triotama Toya Energi | D60: 287000000000003 | E60: =IF(EXACT($D60, ""), "", VLOOKUP($D60, 'REF - EmailAccountType'!$B$4:$C$7, 2, FALSE)) -> Business | F60: triotamatoya@gmail.com | G60: Mahdan | I60: =I59 + IF(EXACT(J60, ""), 0, 1) -> 286000000000057 | J60: =IF(EXACT(F60, ""), "", CONCATENATE("PERFORM ""SchData-OLTP-Master"".""Func_TblEMailAccount_SET""(varSystemLoginSession::bigint, null::bigint, null::varchar, null::timestamptz, null::timestamptz, null::varchar, varInstitutionBranchID::bigint, varBaseCurrencyID::bigint, ", IF(EXACT($D60, ""), "NULL", ""&$D60&""), "::bigint, ", IF(EXACT($F60, ""), "NULL", "'"&$F60&"'"), "::varchar, ", IF(EXACT($G60, ""), "NULL", "'"&$G60&"'"), "::varchar, ", IF(EXACT($B60, ""), "NULL", "'"&$B60&"'"), "::bigint);")) -> PERFORM "SchData-OLTP-Master"."Func_TblEMailAccount_SET"(varSystemLoginSession::bigint, null::bigint, null::varchar, null::timestamptz, null::timestamptz, null::varchar, varInstitutionBranchID::bigint, varBaseCurrencyID::bigint, 287000000000003::bigint, 'triotamatoya@gmail.com'::varchar, 'Mahdan'::varchar, '124000000000249'::bigint);
B61: 124000000000253 | C61: =IF(EXACT($B61, ""), "", IF((($B61 - MOD($B61, 1000000000000))/1000000000000)=25, CONCATENATE("Person - ", VLOOKUP($B61, [1]DataLookUp!$B$4:$C$2000, 2, FALSE)), IF((($B61 - MOD($B61, 1000000000000))/1000000000000)=124, CONCATENATE("Institution - ", VLOOKUP($B61, '[2]DataLookUp - InstitutionBranch'!$B$4:$C$2000, 2, FALSE)), ""))) -> Institution - PT. Voksel Electric Tbk | D61: 287000000000003 | E61: =IF(EXACT($D61, ""), "", VLOOKUP($D61, 'REF - EmailAccountType'!$B$4:$C$7, 2, FALSE)) -> Business | F61: ve@voksel.co.id - sales@voksel | G61: Edy Surya Tarigan | I61: =I60 + IF(EXACT(J61, ""), 0, 1) -> 286000000000058 | J61: =IF(EXACT(F61, ""), "", CONCATENATE("PERFORM ""SchData-OLTP-Master"".""Func_TblEMailAccount_SET""(varSystemLoginSession::bigint, null::bigint, null::varchar, null::timestamptz, null::timestamptz, null::varchar, varInstitutionBranchID::bigint, varBaseCurrencyID::bigint, ", IF(EXACT($D61, ""), "NULL", ""&$D61&""), "::bigint, ", IF(EXACT($F61, ""), "NULL", "'"&$F61&"'"), "::varchar, ", IF(EXACT($G61, ""), "NULL", "'"&$G61&"'"), "::varchar, ", IF(EXACT($B61, ""), "NULL", "'"&$B61&"'"), "::bigint);")) -> PERFORM "SchData-OLTP-Master"."Func_TblEMailAccount_SET"(varSystemLoginSession::bigint, null::bigint, null::varchar, null::timestamptz, null::timestamptz, null::varchar, varInstitutionBranchID::bigint, varBaseCurrencyID::bigint, 287000000000003::bigint, 've@voksel.co.id - sales@voksel'::varchar, 'Edy Surya Tarigan'::varchar, '124000000000253'::bigint);
B62: 124000000000255 | C62: =IF(EXACT($B62, ""), "", IF((($B62 - MOD($B62, 1000000000000))/1000000000000)=25, CONCATENATE("Person - ", VLOOKUP($B62, [1]DataLookUp!$B$4:$C$2000, 2, FALSE)), IF((($B62 - MOD($B62, 1000000000000))/1000000000000)=124, CONCATENATE("Institution - ", VLOOKUP($B62, '[2]DataLookUp - InstitutionBranch'!$B$4:$C$2000, 2, FALSE)), ""))) -> Institution - PT. Yanmarindo Perkasa | D62: 287000000000003 | E62: =IF(EXACT($D62, ""), "", VLOOKUP($D62, 'REF - EmailAccountType'!$B$4:$C$7, 2, FALSE)) -> Business | F62: kreatif@indo.net.id | G62: Acai dan Rais | I62: =I61 + IF(EXACT(J62, ""), 0, 1) -> 286000000000059 | J62: =IF(EXACT(F62, ""), "", CONCATENATE("PERFORM ""SchData-OLTP-Master"".""Func_TblEMailAccount_SET""(varSystemLoginSession::bigint, null::bigint, null::varchar, null::timestamptz, null::timestamptz, null::varchar, varInstitutionBranchID::bigint, varBaseCurrencyID::bigint, ", IF(EXACT($D62, ""), "NULL", ""&$D62&""), "::bigint, ", IF(EXACT($F62, ""), "NULL", "'"&$F62&"'"), "::varchar, ", IF(EXACT($G62, ""), "NULL", "'"&$G62&"'"), "::varchar, ", IF(EXACT($B62, ""), "NULL", "'"&$B62&"'"), "::bigint);")) -> PERFORM "SchData-OLTP-Master"."Func_TblEMailAccount_SET"(varSystemLoginSession::bigint, null::bigint, null::varchar, null::timestamptz, null::timestamptz, null::varchar, varInstitutionBranchID::bigint, varBaseCurrencyID::bigint, 287000000000003::bigint, 'kreatif@indo.net.id'::varchar, 'Acai dan Rais'::varchar, '124000000000255'::bigint);
B63: 124000000000256 | C63: =IF(EXACT($B63, ""), "", IF((($B63 - MOD($B63, 1000000000000))/1000000000000)=25, CONCATENATE("Person - ", VLOOKUP($B63, [1]DataLookUp!$B$4:$C$2000, 2, FALSE)), IF((($B63 - MOD($B63, 1000000000000))/1000000000000)=124, CONCATENATE("Institution - ", VLOOKUP($B63, '[2]DataLookUp - InstitutionBranch'!$B$4:$C$2000, 2, FALSE)), ""))) -> Institution - PT. Yudha Berkat Layana | D63: 287000000000003 | E63: =IF(EXACT($D63, ""), "", VLOOKUP($D63, 'REF - EmailAccountType'!$B$4:$C$7, 2, FALSE)) -> Business | F63: yudhaberkatlayana@gmail.com | G63: Lina | I63: =I62 + IF(EXACT(J63, ""), 0, 1) -> 286000000000060 | J63: =IF(EXACT(F63, ""), "", CONCATENATE("PERFORM ""SchData-OLTP-Master"".""Func_TblEMailAccount_SET""(varSystemLoginSession::bigint, null::bigint, null::varchar, null::timestamptz, null::timestamptz, null::varchar, varInstitutionBranchID::bigint, varBaseCurrencyID::bigint, ", IF(EXACT($D63, ""), "NULL", ""&$D63&""), "::bigint, ", IF(EXACT($F63, ""), "NULL", "'"&$F63&"'"), "::varchar, ", IF(EXACT($G63, ""), "NULL", "'"&$G63&"'"), "::varchar, ", IF(EXACT($B63, ""), "NULL", "'"&$B63&"'"), "::bigint);")) -> PERFORM "SchData-OLTP-Master"."Func_TblEMailAccount_SET"(varSystemLoginSession::bigint, null::bigint, null::varchar, null::timestamptz, null::timestamptz, null::varchar, varInstitutionBranchID::bigint, varBaseCurrencyID::bigint, 287000000000003::bigint, 'yudhaberkatlayana@gmail.com'::varchar, 'Lina'::varchar, '124000000000256'::bigint);
B64: 124000000000264 | C64: =IF(EXACT($B64, ""), "", IF((($B64 - MOD($B64, 1000000000000))/1000000000000)=25, CONCATENATE("Person - ", VLOOKUP($B64, [1]DataLookUp!$B$4:$C$2000, 2, FALSE)), IF((($B64 - MOD($B64, 1000000000000))/1000000000000)=124, CONCATENATE("Institution - ", VLOOKUP($B64, '[2]DataLookUp - InstitutionBranch'!$B$4:$C$2000, 2, FALSE)), ""))) -> Institution - PT. Pelayanan Listrik Nasional (Persero) - Pusat Sertifikasi | D64: 287000000000003 | E64: =IF(EXACT($D64, ""), "", VLOOKUP($D64, 'REF - EmailAccountType'!$B$4:$C$7, 2, FALSE)) -> Business | F64: niaga.pusertif@pln.co.id | G64: PLN (Persero) Pusat Sertifikasi | I64: =I63 + IF(EXACT(J64, ""), 0, 1) -> 286000000000061 | J64: =IF(EXACT(F64, ""), "", CONCATENATE("PERFORM ""SchData-OLTP-Master"".""Func_TblEMailAccount_SET""(varSystemLoginSession::bigint, null::bigint, null::varchar, null::timestamptz, null::timestamptz, null::varchar, varInstitutionBranchID::bigint, varBaseCurrencyID::bigint, ", IF(EXACT($D64, ""), "NULL", ""&$D64&""), "::bigint, ", IF(EXACT($F64, ""), "NULL", "'"&$F64&"'"), "::varchar, ", IF(EXACT($G64, ""), "NULL", "'"&$G64&"'"), "::varchar, ", IF(EXACT($B64, ""), "NULL", "'"&$B64&"'"), "::bigint);")) -> PERFORM "SchData-OLTP-Master"."Func_TblEMailAccount_SET"(varSystemLoginSession::bigint, null::bigint, null::varchar, null::timestamptz, null::timestamptz, null::varchar, varInstitutionBranchID::bigint, varBaseCurrencyID::bigint, 287000000000003::bigint, 'niaga.pusertif@pln.co.id'::varchar, 'PLN (Persero) Pusat Sertifikasi'::varchar, '124000000000264'::bigint);
B65: 124000000000291 | C65: =IF(EXACT($B65, ""), "", IF((($B65 - MOD($B65, 1000000000000))/1000000000000)=25, CONCATENATE("Person - ", VLOOKUP($B65, [1]DataLookUp!$B$4:$C$2000, 2, FALSE)), IF((($B65 - MOD($B65, 1000000000000))/1000000000000)=124, CONCATENATE("Institution - ", VLOOKUP($B65, '[2]DataLookUp - InstitutionBranch'!$B$4:$C$2000, 2, FALSE)), ""))) -> Institution - Toko JualWaterStop.NET | D65: 287000000000003 | E65: =IF(EXACT($D65, ""), "", VLOOKUP($D65, 'REF - EmailAccountType'!$B$4:$C$7, 2, FALSE)) -> Business | F65: admin@jualwaterstop.net | G65: Surya Pitono | I65: =I64 + IF(EXACT(J65, ""), 0, 1) -> 286000000000062 | J65: =IF(EXACT(F65, ""), "", CONCATENATE("PERFORM ""SchData-OLTP-Master"".""Func_TblEMailAccount_SET""(varSystemLoginSession::bigint, null::bigint, null::varchar, null::timestamptz, null::timestamptz, null::varchar, varInstitutionBranchID::bigint, varBaseCurrencyID::bigint, ", IF(EXACT($D65, ""), "NULL", ""&$D65&""), "::bigint, ", IF(EXACT($F65, ""), "NULL", "'"&$F65&"'"), "::varchar, ", IF(EXACT($G65, ""), "NULL", "'"&$G65&"'"), "::varchar, ", IF(EXACT($B65, ""), "NULL", "'"&$B65&"'"), "::bigint);")) -> PERFORM "SchData-OLTP-Master"."Func_TblEMailAccount_SET"(varSystemLoginSession::bigint, null::bigint, null::varchar, null::timestamptz, null::timestamptz, null::varchar, varInstitutionBranchID::bigint, varBaseCurrencyID::bigint, 287000000000003::bigint, 'admin@jualwaterstop.net'::varchar, 'Surya Pitono'::varchar, '124000000000291'::bigint);
B66: 124000000000294 | C66: =IF(EXACT($B66, ""), "", IF((($B66 - MOD($B66, 1000000000000))/1000000000000)=25, CONCATENATE("Person - ", VLOOKUP($B66, [1]DataLookUp!$B$4:$C$2000, 2, FALSE)), IF((($B66 - MOD($B66, 1000000000000))/1000000000000)=124, CONCATENATE("Institution - ", VLOOKUP($B66, '[2]DataLookUp - InstitutionBranch'!$B$4:$C$2000, 2, FALSE)), ""))) -> Institution - Toko Mega Jaya | D66: 287000000000003 | E66: =IF(EXACT($D66, ""), "", VLOOKUP($D66, 'REF - EmailAccountType'!$B$4:$C$7, 2, FALSE)) -> Business | F66: mega9jaya@yahoo.co.id | G66: Djohan Halim | I66: =I65 + IF(EXACT(J66, ""), 0, 1) -> 286000000000063 | J66: =IF(EXACT(F66, ""), "", CONCATENATE("PERFORM ""SchData-OLTP-Master"".""Func_TblEMailAccount_SET""(varSystemLoginSession::bigint, null::bigint, null::varchar, null::timestamptz, null::timestamptz, null::varchar, varInstitutionBranchID::bigint, varBaseCurrencyID::bigint, ", IF(EXACT($D66, ""), "NULL", ""&$D66&""), "::bigint, ", IF(EXACT($F66, ""), "NULL", "'"&$F66&"'"), "::varchar, ", IF(EXACT($G66, ""), "NULL", "'"&$G66&"'"), "::varchar, ", IF(EXACT($B66, ""), "NULL", "'"&$B66&"'"), "::bigint);")) -> PERFORM "SchData-OLTP-Master"."Func_TblEMailAccount_SET"(varSystemLoginSession::bigint, null::bigint, null::varchar, null::timestamptz, null::timestamptz, null::varchar, varInstitutionBranchID::bigint, varBaseCurrencyID::bigint, 287000000000003::bigint, 'mega9jaya@yahoo.co.id'::varchar, 'Djohan Halim'::varchar, '124000000000294'::bigint);
B67: 124000000000313 | C67: =IF(EXACT($B67, ""), "", IF((($B67 - MOD($B67, 1000000000000))/1000000000000)=25, CONCATENATE("Person - ", VLOOKUP($B67, [1]DataLookUp!$B$4:$C$2000, 2, FALSE)), IF((($B67 - MOD($B67, 1000000000000))/1000000000000)=124, CONCATENATE("Institution - ", VLOOKUP($B67, '[2]DataLookUp - InstitutionBranch'!$B$4:$C$2000, 2, FALSE)), ""))) -> Institution - Toko Top Swalayan | D67: 287000000000003 | E67: =IF(EXACT($D67, ""), "", VLOOKUP($D67, 'REF - EmailAccountType'!$B$4:$C$7, 2, FALSE)) -> Business | F67: topswalayan@ymail.com | I67: =I66 + IF(EXACT(J67, ""), 0, 1) -> 286000000000064 | J67: =IF(EXACT(F67, ""), "", CONCATENATE("PERFORM ""SchData-OLTP-Master"".""Func_TblEMailAccount_SET""(varSystemLoginSession::bigint, null::bigint, null::varchar, null::timestamptz, null::timestamptz, null::varchar, varInstitutionBranchID::bigint, varBaseCurrencyID::bigint, ", IF(EXACT($D67, ""), "NULL", ""&$D67&""), "::bigint, ", IF(EXACT($F67, ""), "NULL", "'"&$F67&"'"), "::varchar, ", IF(EXACT($G67, ""), "NULL", "'"&$G67&"'"), "::varchar, ", IF(EXACT($B67, ""), "NULL", "'"&$B67&"'"), "::bigint);")) -> PERFORM "SchData-OLTP-Master"."Func_TblEMailAccount_SET"(varSystemLoginSession::bigint, null::bigint, null::varchar, null::timestamptz, null::timestamptz, null::varchar, varInstitutionBranchID::bigint, varBaseCurrencyID::bigint, 287000000000003::bigint, 'topswalayan@ymail.com'::varchar, NULL::varchar, '124000000000313'::bigint);
B68: 124000000000445 | C68: =IF(EXACT($B68, ""), "", IF((($B68 - MOD($B68, 1000000000000))/1000000000000)=25, CONCATENATE("Person - ", VLOOKUP($B68, [1]DataLookUp!$B$4:$C$2000, 2, FALSE)), IF((($B68 - MOD($B68, 1000000000000))/1000000000000)=124, CONCATENATE("Institution - ", VLOOKUP($B68, '[2]DataLookUp - InstitutionBranch'!$B$4:$C$2000, 2, FALSE)), ""))) -> Institution - Ardhis Collection | D68: 287000000000003 | E68: =IF(EXACT($D68, ""), "", VLOOKUP($D68, 'REF - EmailAccountType'!$B$4:$C$7, 2, FALSE)) -> Business | F68: iwanridwantaufiq@ymail.com, ha | G68: Iwan Ridwan Taufiq | I68: =I67 + IF(EXACT(J68, ""), 0, 1) -> 286000000000065 | J68: =IF(EXACT(F68, ""), "", CONCATENATE("PERFORM ""SchData-OLTP-Master"".""Func_TblEMailAccount_SET""(varSystemLoginSession::bigint, null::bigint, null::varchar, null::timestamptz, null::timestamptz, null::varchar, varInstitutionBranchID::bigint, varBaseCurrencyID::bigint, ", IF(EXACT($D68, ""), "NULL", ""&$D68&""), "::bigint, ", IF(EXACT($F68, ""), "NULL", "'"&$F68&"'"), "::varchar, ", IF(EXACT($G68, ""), "NULL", "'"&$G68&"'"), "::varchar, ", IF(EXACT($B68, ""), "NULL", "'"&$B68&"'"), "::bigint);")) -> PERFORM "SchData-OLTP-Master"."Func_TblEMailAccount_SET"(varSystemLoginSession::bigint, null::bigint, null::varchar, null::timestamptz, null::timestamptz, null::varchar, varInstitutionBranchID::bigint, varBaseCurrencyID::bigint, 287000000000003::bigint, 'iwanridwantaufiq@ymail.com, ha'::varchar, 'Iwan Ridwan Taufiq'::varchar, '124000000000445'::bigint);
B69: 124000000000460 | C69: =IF(EXACT($B69, ""), "", IF((($B69 - MOD($B69, 1000000000000))/1000000000000)=25, CONCATENATE("Person - ", VLOOKUP($B69, [1]DataLookUp!$B$4:$C$2000, 2, FALSE)), IF((($B69 - MOD($B69, 1000000000000))/1000000000000)=124, CONCATENATE("Institution - ", VLOOKUP($B69, '[2]DataLookUp - InstitutionBranch'!$B$4:$C$2000, 2, FALSE)), ""))) -> Institution - Dodi Tri Prasetyo | D69: 287000000000003 | E69: =IF(EXACT($D69, ""), "", VLOOKUP($D69, 'REF - EmailAccountType'!$B$4:$C$7, 2, FALSE)) -> Business | F69: Dodi80magetan@gmail.com | G69: Dodi | I69: =I68 + IF(EXACT(J69, ""), 0, 1) -> 286000000000066 | J69: =IF(EXACT(F69, ""), "", CONCATENATE("PERFORM ""SchData-OLTP-Master"".""Func_TblEMailAccount_SET""(varSystemLoginSession::bigint, null::bigint, null::varchar, null::timestamptz, null::timestamptz, null::varchar, varInstitutionBranchID::bigint, varBaseCurrencyID::bigint, ", IF(EXACT($D69, ""), "NULL", ""&$D69&""), "::bigint, ", IF(EXACT($F69, ""), "NULL", "'"&$F69&"'"), "::varchar, ", IF(EXACT($G69, ""), "NULL", "'"&$G69&"'"), "::varchar, ", IF(EXACT($B69, ""), "NULL", "'"&$B69&"'"), "::bigint);")) -> PERFORM "SchData-OLTP-Master"."Func_TblEMailAccount_SET"(varSystemLoginSession::bigint, null::bigint, null::varchar, null::timestamptz, null::timestamptz, null::varchar, varInstitutionBranchID::bigint, varBaseCurrencyID::bigint, 287000000000003::bigint, 'Dodi80magetan@gmail.com '::varchar, 'Dodi'::varchar, '124000000000460'::bigint);
B70: 124000000000483 | C70: =IF(EXACT($B70, ""), "", IF((($B70 - MOD($B70, 1000000000000))/1000000000000)=25, CONCATENATE("Person - ", VLOOKUP($B70, [1]DataLookUp!$B$4:$C$2000, 2, FALSE)), IF((($B70 - MOD($B70, 1000000000000))/1000000000000)=124, CONCATENATE("Institution - ", VLOOKUP($B70, '[2]DataLookUp - InstitutionBranch'!$B$4:$C$2000, 2, FALSE)), ""))) -> Institution - Klinik Pratama Simpang Lima Husada | D70: 287000000000003 | E70: =IF(EXACT($D70, ""), "", VLOOKUP($D70, 'REF - EmailAccountType'!$B$4:$C$7, 2, FALSE)) -> Business | F70: kliniksimpang5@gmail.com | G70: Fangiwati Chandra | I70: =I69 + IF(EXACT(J70, ""), 0, 1) -> 286000000000067 | J70: =IF(EXACT(F70, ""), "", CONCATENATE("PERFORM ""SchData-OLTP-Master"".""Func_TblEMailAccount_SET""(varSystemLoginSession::bigint, null::bigint, null::varchar, null::timestamptz, null::timestamptz, null::varchar, varInstitutionBranchID::bigint, varBaseCurrencyID::bigint, ", IF(EXACT($D70, ""), "NULL", ""&$D70&""), "::bigint, ", IF(EXACT($F70, ""), "NULL", "'"&$F70&"'"), "::varchar, ", IF(EXACT($G70, ""), "NULL", "'"&$G70&"'"), "::varchar, ", IF(EXACT($B70, ""), "NULL", "'"&$B70&"'"), "::bigint);")) -> PERFORM "SchData-OLTP-Master"."Func_TblEMailAccount_SET"(varSystemLoginSession::bigint, null::bigint, null::varchar, null::timestamptz, null::timestamptz, null::varchar, varInstitutionBranchID::bigint, varBaseCurrencyID::bigint, 287000000000003::bigint, 'kliniksimpang5@gmail.com'::varchar, 'Fangiwati Chandra'::varchar, '124000000000483'::bigint);
B71: 124000000000498 | C71: =IF(EXACT($B71, ""), "", IF((($B71 - MOD($B71, 1000000000000))/1000000000000)=25, CONCATENATE("Person - ", VLOOKUP($B71, [1]DataLookUp!$B$4:$C$2000, 2, FALSE)), IF((($B71 - MOD($B71, 1000000000000))/1000000000000)=124, CONCATENATE("Institution - ", VLOOKUP($B71, '[2]DataLookUp - InstitutionBranch'!$B$4:$C$2000, 2, FALSE)), ""))) -> Institution - RS Benyamin Guluh | D71: 287000000000003 | E71: =IF(EXACT($D71, ""), "", VLOOKUP($D71, 'REF - EmailAccountType'!$B$4:$C$7, 2, FALSE)) -> Business | F71: rsud.kolaka@yahoo.com | I71: =I70 + IF(EXACT(J71, ""), 0, 1) -> 286000000000068 | J71: =IF(EXACT(F71, ""), "", CONCATENATE("PERFORM ""SchData-OLTP-Master"".""Func_TblEMailAccount_SET""(varSystemLoginSession::bigint, null::bigint, null::varchar, null::timestamptz, null::timestamptz, null::varchar, varInstitutionBranchID::bigint, varBaseCurrencyID::bigint, ", IF(EXACT($D71, ""), "NULL", ""&$D71&""), "::bigint, ", IF(EXACT($F71, ""), "NULL", "'"&$F71&"'"), "::varchar, ", IF(EXACT($G71, ""), "NULL", "'"&$G71&"'"), "::varchar, ", IF(EXACT($B71, ""), "NULL", "'"&$B71&"'"), "::bigint);")) -> PERFORM "SchData-OLTP-Master"."Func_TblEMailAccount_SET"(varSystemLoginSession::bigint, null::bigint, null::varchar, null::timestamptz, null::timestamptz, null::varchar, varInstitutionBranchID::bigint, varBaseCurrencyID::bigint, 287000000000003::bigint, 'rsud.kolaka@yahoo.com'::varchar, NULL::varchar, '124000000000498'::bigint);

Sheet DataLookUp
B2: Sys_PID | C2: Contact Number
B4: =IF(EXACT(SEED!$F4, ""), "", SEED!$I4) -> 286000000000001 | C4: =IF(EXACT($B4, ""), "", CONCATENATE(SUBSTITUTE(SEED!$F4, "-", ""), " (", SEED!$E4, IF(EXACT(SEED!$C4, ""), "", CONCATENATE(" ►", SEED!$C4)), ")")) -> anugrah_kry@yahoo.com (Business ►Institution - CV. Anugerah Karya Magantha)
B5: =IF(EXACT(SEED!$F5, ""), "", SEED!$I5) -> 286000000000002 | C5: =IF(EXACT($B5, ""), "", CONCATENATE(SUBSTITUTE(SEED!$F5, "-", ""), " (", SEED!$E5, IF(EXACT(SEED!$C5, ""), "", CONCATENATE(" ►", SEED!$C5)), ")")) -> maxcell_dpt@yahoo.co.id (Business ►Institution - CV. Cipta Aneka Sarana)
B6: =IF(EXACT(SEED!$F6, ""), "", SEED!$I6) -> 286000000000003 | C6: =IF(EXACT($B6, ""), "", CONCATENATE(SUBSTITUTE(SEED!$F6, "-", ""), " (", SEED!$E6, IF(EXACT(SEED!$C6, ""), "", CONCATENATE(" ►", SEED!$C6)), ")")) -> dndsurvey90@gmail.com (Business ►Institution - CV. Didi Dan Darwis Survey )
B7: =IF(EXACT(SEED!$F7, ""), "", SEED!$I7) -> 286000000000004 | C7: =IF(EXACT($B7, ""), "", CONCATENATE(SUBSTITUTE(SEED!$F7, "-", ""), " (", SEED!$E7, IF(EXACT(SEED!$C7, ""), "", CONCATENATE(" ►", SEED!$C7)), ")")) -> ejbpbun@gmail.com (Business ►Institution - CV. Edi Jaya Bangunan)
B8: =IF(EXACT(SEED!$F8, ""), "", SEED!$I8) -> 286000000000005 | C8: =IF(EXACT($B8, ""), "", CONCATENATE(SUBSTITUTE(SEED!$F8, "-", ""), " (", SEED!$E8, IF(EXACT(SEED!$C8, ""), "", CONCATENATE(" ►", SEED!$C8)), ")")) -> gallazkateknik@gmail.com (Business ►Institution - CV. Gallazka Teknik)
B9: =IF(EXACT(SEED!$F9, ""), "", SEED!$I9) -> 286000000000006 | C9: =IF(EXACT($B9, ""), "", CONCATENATE(SUBSTITUTE(SEED!$F9, "-", ""), " (", SEED!$E9, IF(EXACT(SEED!$C9, ""), "", CONCATENATE(" ►", SEED!$C9)), ")")) -> owner.grd@gmail.com (Business ►Institution - CV. Jember Elektrindo Gemilang)
B10: =IF(EXACT(SEED!$F10, ""), "", SEED!$I10) -> 286000000000007 | C10: =IF(EXACT($B10, ""), "", CONCATENATE(SUBSTITUTE(SEED!$F10, "-", ""), " (", SEED!$E10, IF(EXACT(SEED!$C10, ""), "", CONCATENATE(" ►", SEED!$C10)), ")")) -> punokawan_smrg@yahoo.co.id (Business ►Institution - CV. Punokawan)
B11: =IF(EXACT(SEED!$F11, ""), "", SEED!$I11) -> 286000000000008 | C11: =IF(EXACT($B11, ""), "", CONCATENATE(SUBSTITUTE(SEED!$F11, "-", ""), " (", SEED!$E11, IF(EXACT(SEED!$C11, ""), "", CONCATENATE(" ►", SEED!$C11)), ")")) -> office@ptasrs.id (Business ►Institution - PT. Abadi Rajawali Semesta)
B12: =IF(EXACT(SEED!$F12, ""), "", SEED!$I12) -> 286000000000009 | C12: =IF(EXACT($B12, ""), "", CONCATENATE(SUBSTITUTE(SEED!$F12, "-", ""), " (", SEED!$E12, IF(EXACT(SEED!$C12, ""), "", CONCATENATE(" ►", SEED!$C12)), ")")) -> info@biomedilab.co.id (Business ►Institution - PT. Agape Biomedi Investama)
B13: =IF(EXACT(SEED!$F13, ""), "", SEED!$I13) -> 286000000000010 | C13: =IF(EXACT($B13, ""), "", CONCATENATE(SUBSTITUTE(SEED!$F13, "-", ""), " (", SEED!$E13, IF(EXACT(SEED!$C13, ""), "", CONCATENATE(" ►", SEED!$C13)), ")")) -> yehezkiel_jc@yahoo.com08 (Business ►Institution - PT. Asiatronic Indo Makmur)
B14: =IF(EXACT(SEED!$F14, ""), "", SEED!$I14) -> 286000000000011 | C14: =IF(EXACT($B14, ""), "", CONCATENATE(SUBSTITUTE(SEED!$F14, "-", ""), " (", SEED!$E14, IF(EXACT(SEED!$C14, ""), "", CONCATENATE(" ►", SEED!$C14)), ")")) -> pemudaban@ymail.com (Business ►Institution - PT. Berkat Sahabat Sejati)
B15: =IF(EXACT(SEED!$F15, ""), "", SEED!$I15) -> 286000000000012 | C15: =IF(EXACT($B15, ""), "", CONCATENATE(SUBSTITUTE(SEED!$F15, "-", ""), " (", SEED!$E15, IF(EXACT(SEED!$C15, ""), "", CONCATENATE(" ►", SEED!$C15)), ")")) -> sigit.koentjoro@betonperkasa.c (Business ►Institution - PT. Beton Perkasa Wijaksana)
... B71: =IF(EXACT(SEED!$F71, ""), "", SEED!$I71) -> 286000000000068 | C71: =IF(EXACT($B71, ""), "", CONCATENATE(SUBSTITUTE(SEED!$F71, "-", ""), " (", SEED!$E71, IF(EXACT(SEED!$C71, ""), "", CONCATENATE(" ►", SEED!$C71)), ")")) -> rsud.kolaka@yahoo.com (Business ►Institution - RS Benyamin Guluh)
B72: =IF(EXACT(SEED!#REF!, ""), "", SEED!#REF!) -> #REF! | C72: =IF(EXACT($B72, ""), "", CONCATENATE(SUBSTITUTE(SEED!#REF!, "-", ""), " (", SEED!#REF!, IF(EXACT(SEED!#REF!, ""), "", CONCATENATE(" ►", SEED!#REF!)), ")")) -> #REF!
B73: =IF(EXACT(SEED!#REF!, ""), "", SEED!#REF!) -> #REF! | C73: =IF(EXACT($B73, ""), "", CONCATENATE(SUBSTITUTE(SEED!#REF!, "-", ""), " (", SEED!#REF!, IF(EXACT(SEED!#REF!, ""), "", CONCATENATE(" ►", SEED!#REF!)), ")")) -> #REF!
B74: =IF(EXACT(SEED!#REF!, ""), "", SEED!#REF!) -> #REF! | C74: =IF(EXACT($B74, ""), "", CONCATENATE(SUBSTITUTE(SEED!#REF!, "-", ""), " (", SEED!#REF!, IF(EXACT(SEED!#REF!, ""), "", CONCATENATE(" ►", SEED!#REF!)), ")")) -> #REF!
B75: =IF(EXACT(SEED!#REF!, ""), "", SEED!#REF!) -> #REF! | C75: =IF(EXACT($B75, ""), "", CONCATENATE(SUBSTITUTE(SEED!#REF!, "-", ""), " (", SEED!#REF!, IF(EXACT(SEED!#REF!, ""), "", CONCATENATE(" ►", SEED!#REF!)), ")")) -> #REF!
B76: =IF(EXACT(SEED!#REF!, ""), "", SEED!#REF!) -> #REF! | C76: =IF(EXACT($B76, ""), "", CONCATENATE(SUBSTITUTE(SEED!#REF!, "-", ""), " (", SEED!#REF!, IF(EXACT(SEED!#REF!, ""), "", CONCATENATE(" ►", SEED!#REF!)), ")")) -> #REF!
B77: =IF(EXACT(SEED!#REF!, ""), "", SEED!#REF!) -> #REF! | C77: =IF(EXACT($B77, ""), "", CONCATENATE(SUBSTITUTE(SEED!#REF!, "-", ""), " (", SEED!#REF!, IF(EXACT(SEED!#REF!, ""), "", CONCATENATE(" ►", SEED!#REF!)), ")")) -> #REF!
B78: =IF(EXACT(SEED!#REF!, ""), "", SEED!#REF!) -> #REF! | C78: =IF(EXACT($B78, ""), "", CONCATENATE(SUBSTITUTE(SEED!#REF!, "-", ""), " (", SEED!#REF!, IF(EXACT(SEED!#REF!, ""), "", CONCATENATE(" ►", SEED!#REF!)), ")")) -> #REF!
B79: =IF(EXACT(SEED!#REF!, ""), "", SEED!#REF!) -> #REF! | C79: =IF(EXACT($B79, ""), "", CONCATENATE(SUBSTITUTE(SEED!#REF!, "-", ""), " (", SEED!#REF!, IF(EXACT(SEED!#REF!, ""), "", CONCATENATE(" ►", SEED!#REF!)), ")")) -> #REF!
B80: =IF(EXACT(SEED!#REF!, ""), "", SEED!#REF!) -> #REF! | C80: =IF(EXACT($B80, ""), "", CONCATENATE(SUBSTITUTE(SEED!#REF!, "-", ""), " (", SEED!#REF!, IF(EXACT(SEED!#REF!, ""), "", CONCATENATE(" ►", SEED!#REF!)), ")")) -> #REF!
B81: =IF(EXACT(SEED!#REF!, ""), "", SEED!#REF!) -> #REF! | C81: =IF(EXACT($B81, ""), "", CONCATENATE(SUBSTITUTE(SEED!#REF!, "-", ""), " (", SEED!#REF!, IF(EXACT(SEED!#REF!, ""), "", CONCATENATE(" ►", SEED!#REF!)), ")")) -> #REF!
B82: =IF(EXACT(SEED!#REF!, ""), "", SEED!#REF!) -> #REF! | C82: =IF(EXACT($B82, ""), "", CONCATENATE(SUBSTITUTE(SEED!#REF!, "-", ""), " (", SEED!#REF!, IF(EXACT(SEED!#REF!, ""), "", CONCATENATE(" ►", SEED!#REF!)), ")")) -> #REF!
B83: =IF(EXACT(SEED!#REF!, ""), "", SEED!#REF!) -> #REF! | C83: =IF(EXACT($B83, ""), "", CONCATENATE(SUBSTITUTE(SEED!#REF!, "-", ""), " (", SEED!#REF!, IF(EXACT(SEED!#REF!, ""), "", CONCATENATE(" ►", SEED!#REF!)), ")")) -> #REF!
... B319: =IF(EXACT(SEED!#REF!, ""), "", SEED!#REF!) -> #REF! | C319: =IF(EXACT($B319, ""), "", CONCATENATE(SUBSTITUTE(SEED!#REF!, "-", ""), " (", SEED!#REF!, IF(EXACT(SEED!#REF!, ""), "", CONCATENATE(" ►", SEED!#REF!)), ")")) -> #REF!
B320: =IF(EXACT(SEED!$F72, ""), "", SEED!$I72) | C320: =IF(EXACT($B320, ""), "", CONCATENATE(SUBSTITUTE(SEED!$F72, "-", ""), " (", SEED!$E72, IF(EXACT(SEED!$C72, ""), "", CONCATENATE(" ►", SEED!$C72)), ")"))
B321: =IF(EXACT(SEED!$F73, ""), "", SEED!$I73) | C321: =IF(EXACT($B321, ""), "", CONCATENATE(SUBSTITUTE(SEED!$F73, "-", ""), " (", SEED!$E73, IF(EXACT(SEED!$C73, ""), "", CONCATENATE(" ►", SEED!$C73)), ")"))
B322: =IF(EXACT(SEED!$F74, ""), "", SEED!$I74) | C322: =IF(EXACT($B322, ""), "", CONCATENATE(SUBSTITUTE(SEED!$F74, "-", ""), " (", SEED!$E74, IF(EXACT(SEED!$C74, ""), "", CONCATENATE(" ►", SEED!$C74)), ")"))
B323: =IF(EXACT(SEED!$F75, ""), "", SEED!$I75) | C323: =IF(EXACT($B323, ""), "", CONCATENATE(SUBSTITUTE(SEED!$F75, "-", ""), " (", SEED!$E75, IF(EXACT(SEED!$C75, ""), "", CONCATENATE(" ►", SEED!$C75)), ")"))
B324: =IF(EXACT(SEED!$F76, ""), "", SEED!$I76) | C324: =IF(EXACT($B324, ""), "", CONCATENATE(SUBSTITUTE(SEED!$F76, "-", ""), " (", SEED!$E76, IF(EXACT(SEED!$C76, ""), "", CONCATENATE(" ►", SEED!$C76)), ")"))
B325: =IF(EXACT(SEED!$F77, ""), "", SEED!$I77) | C325: =IF(EXACT($B325, ""), "", CONCATENATE(SUBSTITUTE(SEED!$F77, "-", ""), " (", SEED!$E77, IF(EXACT(SEED!$C77, ""), "", CONCATENATE(" ►", SEED!$C77)), ")"))
B326: =IF(EXACT(SEED!$F78, ""), "", SEED!$I78) | C326: =IF(EXACT($B326, ""), "", CONCATENATE(SUBSTITUTE(SEED!$F78, "-", ""), " (", SEED!$E78, IF(EXACT(SEED!$C78, ""), "", CONCATENATE(" ►", SEED!$C78)), ")"))
B327: =IF(EXACT(SEED!$F79, ""), "", SEED!$I79) | C327: =IF(EXACT($B327, ""), "", CONCATENATE(SUBSTITUTE(SEED!$F79, "-", ""), " (", SEED!$E79, IF(EXACT(SEED!$C79, ""), "", CONCATENATE(" ►", SEED!$C79)), ")"))
B328: =IF(EXACT(SEED!$F80, ""), "", SEED!$I80) | C328: =IF(EXACT($B328, ""), "", CONCATENATE(SUBSTITUTE(SEED!$F80, "-", ""), " (", SEED!$E80, IF(EXACT(SEED!$C80, ""), "", CONCATENATE(" ►", SEED!$C80)), ")"))
B329: =IF(EXACT(SEED!$F81, ""), "", SEED!$I81) | C329: =IF(EXACT($B329, ""), "", CONCATENATE(SUBSTITUTE(SEED!$F81, "-", ""), " (", SEED!$E81, IF(EXACT(SEED!$C81, ""), "", CONCATENATE(" ►", SEED!$C81)), ")"))
B330: =IF(EXACT(SEED!$F82, ""), "", SEED!$I82) | C330: =IF(EXACT($B330, ""), "", CONCATENATE(SUBSTITUTE(SEED!$F82, "-", ""), " (", SEED!$E82, IF(EXACT(SEED!$C82, ""), "", CONCATENATE(" ►", SEED!$C82)), ")"))
B331: =IF(EXACT(SEED!$F83, ""), "", SEED!$I83) | C331: =IF(EXACT($B331, ""), "", CONCATENATE(SUBSTITUTE(SEED!$F83, "-", ""), " (", SEED!$E83, IF(EXACT(SEED!$C83, ""), "", CONCATENATE(" ►", SEED!$C83)), ")"))
... B334: =IF(EXACT(SEED!$F86, ""), "", SEED!$I86) | C334: =IF(EXACT($B334, ""), "", CONCATENATE(SUBSTITUTE(SEED!$F86, "-", ""), " (", SEED!$E86, IF(EXACT(SEED!$C86, ""), "", CONCATENATE(" ►", SEED!$C86)), ")"))

Sheet REF - EmailAccountType
B2: Sys_PID | C2: Name
B4: 287000000000001 | C4: Others
B5: 287000000000002 | C5: Personal
B6: 287000000000003 | C6: Business

Sheet Sheet1
B4: 25000000000001 | C4: Abdollah Syani Siregar
B5: 25000000000002 | C5: Abdul Karim
B6: 25000000000003 | C6: Abdul Rahman Sitompul
B7: 25000000000004 | C7: Abdul Risan
B8: 25000000000005 | C8: Abdullah Nabil
B9: 25000000000006 | C9: Adhitya Danar
B10: 25000000000007 | C10: Adi Ruswandi
B11: 25000000000008 | C11: Adietya Dharmawan
B12: 25000000000009 | C12: Aditya Yudha Prawira
B13: 25000000000010 | C13: Adli Margie
B14: 25000000000011 | C14: Afrida Eka Putri
B15: 25000000000012 | C15: Agnes Sutedja
... B617: 25000000000614 | C617: Timotius Tabun
