Workbook

Sheet RAW - HP
B2: 250117820 | C2: Yusri Azhar
B3: 140612611 | C3: Nancy Meriana Sinaga
B4: 210807401 | C4: Galuh Swastika
B5: 310717841 | C5: Maharani Uthmaniah
B6: 50913684 | C6: Elisa Krisnawati
B7: 261016808 | C7: M. Ervan Isyawal Akbar
B8: 161213705 | C8: Chairul Musaddat
B9: 140410529 | C9: Anda Zuchradi Dadi
B10: 10703025 | C10: Indawan Haryadi
B11: 130217822 | C11: Mia Puspitasari
B12: 10314719 | C12: Prayati Zai
B13: 211117851 | C13: Silvia Febi Putri
... B56: 210618875 | C56: Jaenudin
B57: 150419905 | C57: Khafid Fahrurrozi | D57: +62 878-7792-3708
B58: 11018884 | C58: Lucky Daniansyah | D58: +62 812-9397-4227
B59: 100918881 | C59: Rian Yushak | D59: +62 856-9401-0438
B60: 20519907 | C60: Bahyu Sanciko | D60: +62 896-8226-1128
B61: 111103059 | C61: Yusman W | D61: +62 838-7009-0020
B62: 81012521 | C62: Ardi | D62: +62 812-9592-4499
B63: 251016807 | C63: Abdul Rahman Sitompul
B64: 120417831 | C64: Erwin Firmansyah | D64: +62 857-2162-3338
B65: 290118856 | C65: Paryanto | D65: +62 813-8428-4951
B66: 111018884 | C66: Vidhy Putri Kartika | D66: +62 838-7375-2989
B67: 10317827 | C67: Rohendi | D67: +62 822-6092-0555
B68: 71217854 | C68: Anggit Ismiyanto | D68: +62 822-5131-3575
B69: 100613675 | C69: Firman Akbar | D69: +62 812-4519-2298
B70: 231219923 | C70: Fuad Febrian | D70: +62 813-1422-8295
B71: 90819916 | C71: Sulih | D71: +62 857-2881-8103
B72: 140518870 | C72: Heru Sugiri | D72: +62 812-2491-0322
B73: 221007407 | C73: Rinaldi Asrin | D73: +62 818-0691-9844
B74: 100220928 | C74: Rafi Firman Saputra | D74: +62 857-6021-1355
B75: 160718878 | C75: Putra Perdana Tirtomoyo | D75: +62 812-8884-4266
... B82: 31218894 | C82: Herlin Juli Asri | D82: +62 813-1920-7116
B83: 271120940 | C83: Sherly Tamira Happy | D83: +62 811-9568-886 | E83: +62 8128-2230-665
B84: 111218896 | C84: Muhammad Khadafy | D84: +62 812-8744-1774
B85: 251119920 | C85: Hernita Dwi Cahyani Putri | D85: +62 857-7048-1711
B86: 271217855 | C86: Amir Sofyan Hadi | D86: +62 813-1690-6639
B87: 140319901 | C87: Bani Mustazeni | D87: +62 857-1519-9050
B88: 120220929 | C88: Eko Kurniawan | D88: +62 859-4561-9900
B89: 140518871 | C89: Fani Dwi Astutik | D89: +62 812-9902-0267
B90: 10719913 | C90: Dony Setiyawan | D90: +62 856-4156-8410
B91: 90315759 | C91: M Ari Ardizah Nasution | D91: +62 813-6291-9395
B92: 110621951 | C92: Martimbul Rahman | D92: +62 813-6193-0878
B93: 140708474 | C93: Zaire Biscaya Dite | D93: +62 812-9102-5349
B94: 31005165 | C94: Imam Basuki | D94: +62 813-1818-7318
B95: 150721949 | C95: Wisnu Andra Isdianto | D95: +62 877-8419-0978
B96: 291121956 | C96: Novizan
B97: 130921953 | C97: Rafi Artman Siddiq | D97: +62 8574-1188-449
B98: 20518867 | C98: Deny Adi Purnama | D98: +62 813-1846-0405
B99: 140518872 | C99: Nopitasari | D99: +62 812-9586-6677
B100: 171121955 | C100: Agus Budi Setiawan | D100: +62 821-2144-4989
B101: 161120938 | C101: Wendy Septiyan | D101: +62 838-0664-3866
B102: 301017849 | C102: R. Lar Kumalaning Tresno | D102: +62 856-9438-7250
B103: 260606236 | C103: Hendri Kustian | D103: +62 813-8432-9270
B104: 171016802 | C104: Sarif Hidayatul Umah | D104: +62 812-9912-9011
B105: 30221945 | C105: Safira Nurbaiti
B106: 131221957 | C106: Vingky Hendriek Yomerlin | D106: +62 821-7308-7816
B107: 10803042 | C107: Masimin | D107: +62 813-1886-3471
B108: 80321946 | C108: Adietya Dharmawan | D108: +62 857-7326-1575
B109: 200105119 | C109: Sutarno | D109: +62 812-9699-123
B110: 40722964 | C110: Fuzi Mafhrozi | D110: +62 895-3368-96672
B111: 20120919 | C111: Sang Toga Sitompul | D111: +62 812-2119-3402
B112: 170522963 | C112: Denny Achmad Ferlando | D112: +62 877-8038-9758
B113: 241219924 | C113: Azis Purwadana | D113: +62 821-1399-1950
B114: 161220941 | C114: Sakinah Tantriani Lubis
B115: 70518868 | C115: Panca Yudi Baskoro | D115: +62 813-8643-5585
B116: 280618877 | C116: Wisnu Ardian | D116: +62 813-8600-7788
B117: 70703034 | C117: H.T Assubki Ismail | D117: +62 813-1016-7838
B118: 211222971 | C118: Rizal Amri | D118: +62 812-2420-8139
B119: 70305123 | C119: Kurnia Fitriastuti | D119: +62 813-9855-7959
B120: 181114748 | C120: Frando Judi Siahaan | D120: +62 853-7140-4163
B121: 260115754 | C121: Prayanti Dewi Anggraini | D121: +62 812-6807-4074
B122: 130223978 | C122: Agus Salim | D122: +62 857-7598-7323
B123: 170217825 | C123: Ilham | D123: +62 822-5538-5557
B124: 100419903 | C124: Annisa Dewi Arumsari | D124: +62 812-9949-5209
C125: Achmad Yunadi | D125: +62 812-9849-4325
B126: 50123975 | C126: Deny Adi Purnama | D126: +62 813-1846-0405
B127: 40219900 | C127: Wahyu Ramadhani | D127: +62 812-8954-4005
B128: 171215791 | C128: Dedi Rohman | D128: +62 821-3029-5392
B129: 311022972 | C129: Agus Nuryadi
B130: 210904088 | C130: Abd Samad | D130: +62 813-3218-1409
B131: 150506222 | C131: Ahmad Syaifulloh | D131: +62 813-8425-5855
B132: 191022968 | C132: Ferdian Kriswantoro | D132: +62 821-1410-00545
B133: 180822966 | C133: Wulanraniasih | D133: +62 851-6275-1360
B134: 120923980 | C134: Yustiana Firda Apriani
B135: 140421948 | C135: Sufie Amalia | D135: +62 856-7500-887
B136: 61123983 | C136: Ridha Nauval S | D136: +62 859-5982-2621
B137: 141020935 | C137: Aldi Mulyadi | D137: +62 831-1250-5824
B138: 100724990 | C138: Joshika Pradirga Utama
B139: 150805153 | C139: Isa Taufik | D139: +62 898-0269-288
B140: 11123982 | C140: Abdul Rachman Nur Hanafi | D140: +62 811-1193-9034
B141: 10224986 | C141: Muhammad Ramadani | D141: +62 877-4832-9110
B142: 271222973 | C142: Zeinurani | D142: +62 812-8084-0848
B143: 180324988 | C143: Satrio Dhiaputra Prayudi | D143: +62 823-3546-1142
B144: 310821007 | C144: Anugerah Januariansyah | D144: +62 857-4382-5555
B145: 2804251006 | C145: Kiki Prasetyo | D145: +62 812-1015-216
B146: 160603011 | C146: Pantas Banjarnahor Marbun | D146: +62 813-7544-0999
B147: 91224995 | C147: Firmansyah Awaludin | D147: +62 812-1320-5160
B148: 2702251001 | C148: Muhammad Irfan Alfikri Rayana | D148: +62 813-68061116
B149: 261219925 | C149: Suyanto | D149: +62 838-2329-6661
...

Sheet SEED
B2: DefaultEntity _RefID | C2: Default Entity Name | D2: ContactNumberType _RefID | E2: Contact Number Type Name | F2: Contact Number | G2: Contact Number Extension | H2: Holder Name | J2: SYS_PID Prediction | K2: SQL Syntax
J3: 286000000000000
B4: 25000000000250 | C4: =IF(EXACT($B4, ""), "", IF((($B4 - MOD($B4, 1000000000000))/1000000000000)=25, CONCATENATE("Person - ", VLOOKUP($B4, [1]DataLookUp!$B$4:$C$2000, 2, FALSE)), IF((($B4 - MOD($B4, 1000000000000))/1000000000000)=124, CONCATENATE("Institution - ", VLOOKUP($B4, '[2]DataLookUp - InstitutionBranch'!$B$4:$C$2000, 2, FALSE)), ""))) -> Person - Khafid Fahrurrozi | D4: 223000000000002 | E4: =IF(EXACT($D4, ""), "", VLOOKUP($D4, 'REF - ContactNumberType'!$B$4:$C$10, 2, FALSE)) -> Mobile Phone | F4: +62 878-7792-3708 | H4: Khafid Fahrurrozi | J4: =J3 + IF(EXACT(K4, ""), 0, 1) -> 286000000000001 | K4: =IF(EXACT(F4, ""), "", CONCATENATE("PERFORM ""SchData-OLTP-Master"".""Func_TblContactNumber_SET""(varSystemLoginSession::bigint, null::bigint, null::varchar, null::timestamptz, null::timestamptz, null::varchar, varInstitutionBranchID::bigint, varBaseCurrencyID::bigint, ", IF(EXACT($D4, ""), "NULL", ""&$D4&""), "::bigint, ", IF(EXACT($F4, ""), "NULL", "'"&$F4&"'"), "::varchar, ", IF(EXACT($G4, ""), "NULL", "'"&$G4&"'"), "::varchar, ", IF(EXACT($H4, ""), "NULL", "'"&$H4&"'"), "::varchar, ", IF(EXACT($B4, ""), "NULL", "'"&$B4&"'"), "::bigint);")) -> PERFORM "SchData-OLTP-Master"."Func_TblContactNumber_SET"(varSystemLoginSession::bigint, null::bigint, null::varchar, null::timestamptz, null::timestamptz, null::varchar, varInstitutionBranchID::bigint, varBaseCurrencyID::bigint, 223000000000002::bigint, '+62 878-7792-3708'::varchar, NULL::varchar, 'Khafid Fahrurrozi'::varchar, '25000000000250'::bigint);
C5: =IF(EXACT($B5, ""), "", IF((($B5 - MOD($B5, 1000000000000))/1000000000000)=25, CONCATENATE("Person - ", VLOOKUP($B5, [1]DataLookUp!$B$4:$C$2000, 2, FALSE)), IF((($B5 - MOD($B5, 1000000000000))/1000000000000)=124, CONCATENATE("Institution - ", VLOOKUP($B5, '[2]DataLookUp - InstitutionBranch'!$B$4:$C$2000, 2, FALSE)), ""))) | D5: 223000000000002 | E5: =IF(EXACT($D5, ""), "", VLOOKUP($D5, 'REF - ContactNumberType'!$B$4:$C$10, 2, FALSE)) -> Mobile Phone | F5: +62 812-9397-4227 | H5: Lucky Daniansyah | J5: =J4 + IF(EXACT(K5, ""), 0, 1) -> 286000000000002 | K5: =IF(EXACT(F5, ""), "", CONCATENATE("PERFORM ""SchData-OLTP-Master"".""Func_TblContactNumber_SET""(varSystemLoginSession::bigint, null::bigint, null::varchar, null::timestamptz, null::timestamptz, null::varchar, varInstitutionBranchID::bigint, varBaseCurrencyID::bigint, ", IF(EXACT($D5, ""), "NULL", ""&$D5&""), "::bigint, ", IF(EXACT($F5, ""), "NULL", "'"&$F5&"'"), "::varchar, ", IF(EXACT($G5, ""), "NULL", "'"&$G5&"'"), "::varchar, ", IF(EXACT($H5, ""), "NULL", "'"&$H5&"'"), "::varchar, ", IF(EXACT($B5, ""), "NULL", "'"&$B5&"'"), "::bigint);")) -> PERFORM "SchData-OLTP-Master"."Func_TblContactNumber_SET"(varSystemLoginSession::bigint, null::bigint, null::varchar, null::timestamptz, null::timestamptz, null::varchar, varInstitutionBranchID::bigint, varBaseCurrencyID::bigint, 223000000000002::bigint, '+62 812-9397-4227'::varchar, NULL::varchar, 'Lucky Daniansyah'::varchar, NULL::bigint);
B6: 25000000000353 | C6: =IF(EXACT($B6, ""), "", IF((($B6 - MOD($B6, 1000000000000))/1000000000000)=25, CONCATENATE("Person - ", VLOOKUP($B6, [1]DataLookUp!$B$4:$C$2000, 2, FALSE)), IF((($B6 - MOD($B6, 1000000000000))/1000000000000)=124, CONCATENATE("Institution - ", VLOOKUP($B6, '[2]DataLookUp - InstitutionBranch'!$B$4:$C$2000, 2, FALSE)), ""))) -> Person - Rian Yushak | D6: 223000000000002 | E6: =IF(EXACT($D6, ""), "", VLOOKUP($D6, 'REF - ContactNumberType'!$B$4:$C$10, 2, FALSE)) -> Mobile Phone | F6: +62 856-9401-0438 | H6: Rian Yushak | J6: =J5 + IF(EXACT(K6, ""), 0, 1) -> 286000000000003 | K6: =IF(EXACT(F6, ""), "", CONCATENATE("PERFORM ""SchData-OLTP-Master"".""Func_TblContactNumber_SET""(varSystemLoginSession::bigint, null::bigint, null::varchar, null::timestamptz, null::timestamptz, null::varchar, varInstitutionBranchID::bigint, varBaseCurrencyID::bigint, ", IF(EXACT($D6, ""), "NULL", ""&$D6&""), "::bigint, ", IF(EXACT($F6, ""), "NULL", "'"&$F6&"'"), "::varchar, ", IF(EXACT($G6, ""), "NULL", "'"&$G6&"'"), "::varchar, ", IF(EXACT($H6, ""), "NULL", "'"&$H6&"'"), "::varchar, ", IF(EXACT($B6, ""), "NULL", "'"&$B6&"'"), "::bigint);")) -> PERFORM "SchData-OLTP-Master"."Func_TblContactNumber_SET"(varSystemLoginSession::bigint, null::bigint, null::varchar, null::timestamptz, null::timestamptz, null::varchar, varInstitutionBranchID::bigint, varBaseCurrencyID::bigint, 223000000000002::bigint, '+62 856-9401-0438'::varchar, NULL::varchar, 'Rian Yushak'::varchar, '25000000000353'::bigint);
C7: =IF(EXACT($B7, ""), "", IF((($B7 - MOD($B7, 1000000000000))/1000000000000)=25, CONCATENATE("Person - ", VLOOKUP($B7, [1]DataLookUp!$B$4:$C$2000, 2, FALSE)), IF((($B7 - MOD($B7, 1000000000000))/1000000000000)=124, CONCATENATE("Institution - ", VLOOKUP($B7, '[2]DataLookUp - InstitutionBranch'!$B$4:$C$2000, 2, FALSE)), ""))) | D7: 223000000000002 | E7: =IF(EXACT($D7, ""), "", VLOOKUP($D7, 'REF - ContactNumberType'!$B$4:$C$10, 2, FALSE)) -> Mobile Phone | F7: +62 896-8226-1128 | H7: Bahyu Sanciko | J7: =J6 + IF(EXACT(K7, ""), 0, 1) -> 286000000000004 | K7: =IF(EXACT(F7, ""), "", CONCATENATE("PERFORM ""SchData-OLTP-Master"".""Func_TblContactNumber_SET""(varSystemLoginSession::bigint, null::bigint, null::varchar, null::timestamptz, null::timestamptz, null::varchar, varInstitutionBranchID::bigint, varBaseCurrencyID::bigint, ", IF(EXACT($D7, ""), "NULL", ""&$D7&""), "::bigint, ", IF(EXACT($F7, ""), "NULL", "'"&$F7&"'"), "::varchar, ", IF(EXACT($G7, ""), "NULL", "'"&$G7&"'"), "::varchar, ", IF(EXACT($H7, ""), "NULL", "'"&$H7&"'"), "::varchar, ", IF(EXACT($B7, ""), "NULL", "'"&$B7&"'"), "::bigint);")) -> PERFORM "SchData-OLTP-Master"."Func_TblContactNumber_SET"(varSystemLoginSession::bigint, null::bigint, null::varchar, null::timestamptz, null::timestamptz, null::varchar, varInstitutionBranchID::bigint, varBaseCurrencyID::bigint, 223000000000002::bigint, '+62 896-8226-1128'::varchar, NULL::varchar, 'Bahyu Sanciko'::varchar, NULL::bigint);
C8: =IF(EXACT($B8, ""), "", IF((($B8 - MOD($B8, 1000000000000))/1000000000000)=25, CONCATENATE("Person - ", VLOOKUP($B8, [1]DataLookUp!$B$4:$C$2000, 2, FALSE)), IF((($B8 - MOD($B8, 1000000000000))/1000000000000)=124, CONCATENATE("Institution - ", VLOOKUP($B8, '[2]DataLookUp - InstitutionBranch'!$B$4:$C$2000, 2, FALSE)), ""))) | D8: 223000000000002 | E8: =IF(EXACT($D8, ""), "", VLOOKUP($D8, 'REF - ContactNumberType'!$B$4:$C$10, 2, FALSE)) -> Mobile Phone | F8: +62 838-7009-0020 | H8: Yusman W | J8: =J7 + IF(EXACT(K8, ""), 0, 1) -> 286000000000005 | K8: =IF(EXACT(F8, ""), "", CONCATENATE("PERFORM ""SchData-OLTP-Master"".""Func_TblContactNumber_SET""(varSystemLoginSession::bigint, null::bigint, null::varchar, null::timestamptz, null::timestamptz, null::varchar, varInstitutionBranchID::bigint, varBaseCurrencyID::bigint, ", IF(EXACT($D8, ""), "NULL", ""&$D8&""), "::bigint, ", IF(EXACT($F8, ""), "NULL", "'"&$F8&"'"), "::varchar, ", IF(EXACT($G8, ""), "NULL", "'"&$G8&"'"), "::varchar, ", IF(EXACT($H8, ""), "NULL", "'"&$H8&"'"), "::varchar, ", IF(EXACT($B8, ""), "NULL", "'"&$B8&"'"), "::bigint);")) -> PERFORM "SchData-OLTP-Master"."Func_TblContactNumber_SET"(varSystemLoginSession::bigint, null::bigint, null::varchar, null::timestamptz, null::timestamptz, null::varchar, varInstitutionBranchID::bigint, varBaseCurrencyID::bigint, 223000000000002::bigint, '+62 838-7009-0020'::varchar, NULL::varchar, 'Yusman W'::varchar, NULL::bigint);
B9: 25000000000047 | C9: =IF(EXACT($B9, ""), "", IF((($B9 - MOD($B9, 1000000000000))/1000000000000)=25, CONCATENATE("Person - ", VLOOKUP($B9, [1]DataLookUp!$B$4:$C$2000, 2, FALSE)), IF((($B9 - MOD($B9, 1000000000000))/1000000000000)=124, CONCATENATE("Institution - ", VLOOKUP($B9, '[2]DataLookUp - InstitutionBranch'!$B$4:$C$2000, 2, FALSE)), ""))) -> Person - Ardi | D9: 223000000000002 | E9: =IF(EXACT($D9, ""), "", VLOOKUP($D9, 'REF - ContactNumberType'!$B$4:$C$10, 2, FALSE)) -> Mobile Phone | F9: +62 812-9592-4499 | H9: Ardi | J9: =J8 + IF(EXACT(K9, ""), 0, 1) -> 286000000000006 | K9: =IF(EXACT(F9, ""), "", CONCATENATE("PERFORM ""SchData-OLTP-Master"".""Func_TblContactNumber_SET""(varSystemLoginSession::bigint, null::bigint, null::varchar, null::timestamptz, null::timestamptz, null::varchar, varInstitutionBranchID::bigint, varBaseCurrencyID::bigint, ", IF(EXACT($D9, ""), "NULL", ""&$D9&""), "::bigint, ", IF(EXACT($F9, ""), "NULL", "'"&$F9&"'"), "::varchar, ", IF(EXACT($G9, ""), "NULL", "'"&$G9&"'"), "::varchar, ", IF(EXACT($H9, ""), "NULL", "'"&$H9&"'"), "::varchar, ", IF(EXACT($B9, ""), "NULL", "'"&$B9&"'"), "::bigint);")) -> PERFORM "SchData-OLTP-Master"."Func_TblContactNumber_SET"(varSystemLoginSession::bigint, null::bigint, null::varchar, null::timestamptz, null::timestamptz, null::varchar, varInstitutionBranchID::bigint, varBaseCurrencyID::bigint, 223000000000002::bigint, '+62 812-9592-4499'::varchar, NULL::varchar, 'Ardi'::varchar, '25000000000047'::bigint);
B10: 25000000000141 | C10: =IF(EXACT($B10, ""), "", IF((($B10 - MOD($B10, 1000000000000))/1000000000000)=25, CONCATENATE("Person - ", VLOOKUP($B10, [1]DataLookUp!$B$4:$C$2000, 2, FALSE)), IF((($B10 - MOD($B10, 1000000000000))/1000000000000)=124, CONCATENATE("Institution - ", VLOOKUP($B10, '[2]DataLookUp - InstitutionBranch'!$B$4:$C$2000, 2, FALSE)), ""))) -> Person - Erwin Firmansyah | D10: 223000000000002 | E10: =IF(EXACT($D10, ""), "", VLOOKUP($D10, 'REF - ContactNumberType'!$B$4:$C$10, 2, FALSE)) -> Mobile Phone | F10: +62 857-2162-3338 | H10: Erwin Firmansyah | J10: =J9 + IF(EXACT(K10, ""), 0, 1) -> 286000000000007 | K10: =IF(EXACT(F10, ""), "", CONCATENATE("PERFORM ""SchData-OLTP-Master"".""Func_TblContactNumber_SET""(varSystemLoginSession::bigint, null::bigint, null::varchar, null::timestamptz, null::timestamptz, null::varchar, varInstitutionBranchID::bigint, varBaseCurrencyID::bigint, ", IF(EXACT($D10, ""), "NULL", ""&$D10&""), "::bigint, ", IF(EXACT($F10, ""), "NULL", "'"&$F10&"'"), "::varchar, ", IF(EXACT($G10, ""), "NULL", "'"&$G10&"'"), "::varchar, ", IF(EXACT($H10, ""), "NULL", "'"&$H10&"'"), "::varchar, ", IF(EXACT($B10, ""), "NULL", "'"&$B10&"'"), "::bigint);")) -> PERFORM "SchData-OLTP-Master"."Func_TblContactNumber_SET"(varSystemLoginSession::bigint, null::bigint, null::varchar, null::timestamptz, null::timestamptz, null::varchar, varInstitutionBranchID::bigint, varBaseCurrencyID::bigint, 223000000000002::bigint, '+62 857-2162-3338'::varchar, NULL::varchar, 'Erwin Firmansyah'::varchar, '25000000000141'::bigint);
B11: 25000000000328 | C11: =IF(EXACT($B11, ""), "", IF((($B11 - MOD($B11, 1000000000000))/1000000000000)=25, CONCATENATE("Person - ", VLOOKUP($B11, [1]DataLookUp!$B$4:$C$2000, 2, FALSE)), IF((($B11 - MOD($B11, 1000000000000))/1000000000000)=124, CONCATENATE("Institution - ", VLOOKUP($B11, '[2]DataLookUp - InstitutionBranch'!$B$4:$C$2000, 2, FALSE)), ""))) -> Person - Paryanto | D11: 223000000000002 | E11: =IF(EXACT($D11, ""), "", VLOOKUP($D11, 'REF - ContactNumberType'!$B$4:$C$10, 2, FALSE)) -> Mobile Phone | F11: +62 813-8428-4951 | H11: Paryanto | J11: =J10 + IF(EXACT(K11, ""), 0, 1) -> 286000000000008 | K11: =IF(EXACT(F11, ""), "", CONCATENATE("PERFORM ""SchData-OLTP-Master"".""Func_TblContactNumber_SET""(varSystemLoginSession::bigint, null::bigint, null::varchar, null::timestamptz, null::timestamptz, null::varchar, varInstitutionBranchID::bigint, varBaseCurrencyID::bigint, ", IF(EXACT($D11, ""), "NULL", ""&$D11&""), "::bigint, ", IF(EXACT($F11, ""), "NULL", "'"&$F11&"'"), "::varchar, ", IF(EXACT($G11, ""), "NULL", "'"&$G11&"'"), "::varchar, ", IF(EXACT($H11, ""), "NULL", "'"&$H11&"'"), "::varchar, ", IF(EXACT($B11, ""), "NULL", "'"&$B11&"'"), "::bigint);")) -> PERFORM "SchData-OLTP-Master"."Func_TblContactNumber_SET"(varSystemLoginSession::bigint, null::bigint, null::varchar, null::timestamptz, null::timestamptz, null::varchar, varInstitutionBranchID::bigint, varBaseCurrencyID::bigint, 223000000000002::bigint, '+62 813-8428-4951'::varchar, NULL::varchar, 'Paryanto'::varchar, '25000000000328'::bigint);
C12: =IF(EXACT($B12, ""), "", IF((($B12 - MOD($B12, 1000000000000))/1000000000000)=25, CONCATENATE("Person - ", VLOOKUP($B12, [1]DataLookUp!$B$4:$C$2000, 2, FALSE)), IF((($B12 - MOD($B12, 1000000000000))/1000000000000)=124, CONCATENATE("Institution - ", VLOOKUP($B12, '[2]DataLookUp - InstitutionBranch'!$B$4:$C$2000, 2, FALSE)), ""))) | D12: 223000000000002 | E12: =IF(EXACT($D12, ""), "", VLOOKUP($D12, 'REF - ContactNumberType'!$B$4:$C$10, 2, FALSE)) -> Mobile Phone | F12: +62 838-7375-2989 | H12: Vidhy Putri Kartika | J12: =J11 + IF(EXACT(K12, ""), 0, 1) -> 286000000000009 | K12: =IF(EXACT(F12, ""), "", CONCATENATE("PERFORM ""SchData-OLTP-Master"".""Func_TblContactNumber_SET""(varSystemLoginSession::bigint, null::bigint, null::varchar, null::timestamptz, null::timestamptz, null::varchar, varInstitutionBranchID::bigint, varBaseCurrencyID::bigint, ", IF(EXACT($D12, ""), "NULL", ""&$D12&""), "::bigint, ", IF(EXACT($F12, ""), "NULL", "'"&$F12&"'"), "::varchar, ", IF(EXACT($G12, ""), "NULL", "'"&$G12&"'"), "::varchar, ", IF(EXACT($H12, ""), "NULL", "'"&$H12&"'"), "::varchar, ", IF(EXACT($B12, ""), "NULL", "'"&$B12&"'"), "::bigint);")) -> PERFORM "SchData-OLTP-Master"."Func_TblContactNumber_SET"(varSystemLoginSession::bigint, null::bigint, null::varchar, null::timestamptz, null::timestamptz, null::varchar, varInstitutionBranchID::bigint, varBaseCurrencyID::bigint, 223000000000002::bigint, '+62 838-7375-2989'::varchar, NULL::varchar, 'Vidhy Putri Kartika'::varchar, NULL::bigint);
C13: =IF(EXACT($B13, ""), "", IF((($B13 - MOD($B13, 1000000000000))/1000000000000)=25, CONCATENATE("Person - ", VLOOKUP($B13, [1]DataLookUp!$B$4:$C$2000, 2, FALSE)), IF((($B13 - MOD($B13, 1000000000000))/1000000000000)=124, CONCATENATE("Institution - ", VLOOKUP($B13, '[2]DataLookUp - InstitutionBranch'!$B$4:$C$2000, 2, FALSE)), ""))) | D13: 223000000000002 | E13: =IF(EXACT($D13, ""), "", VLOOKUP($D13, 'REF - ContactNumberType'!$B$4:$C$10, 2, FALSE)) -> Mobile Phone | F13: +62 822-6092-0555 | H13: Rohendi | J13: =J12 + IF(EXACT(K13, ""), 0, 1) -> 286000000000010 | K13: =IF(EXACT(F13, ""), "", CONCATENATE("PERFORM ""SchData-OLTP-Master"".""Func_TblContactNumber_SET""(varSystemLoginSession::bigint, null::bigint, null::varchar, null::timestamptz, null::timestamptz, null::varchar, varInstitutionBranchID::bigint, varBaseCurrencyID::bigint, ", IF(EXACT($D13, ""), "NULL", ""&$D13&""), "::bigint, ", IF(EXACT($F13, ""), "NULL", "'"&$F13&"'"), "::varchar, ", IF(EXACT($G13, ""), "NULL", "'"&$G13&"'"), "::varchar, ", IF(EXACT($H13, ""), "NULL", "'"&$H13&"'"), "::varchar, ", IF(EXACT($B13, ""), "NULL", "'"&$B13&"'"), "::bigint);")) -> PERFORM "SchData-OLTP-Master"."Func_TblContactNumber_SET"(varSystemLoginSession::bigint, null::bigint, null::varchar, null::timestamptz, null::timestamptz, null::varchar, varInstitutionBranchID::bigint, varBaseCurrencyID::bigint, 223000000000002::bigint, '+62 822-6092-0555'::varchar, NULL::varchar, 'Rohendi'::varchar, NULL::bigint);
B14: 25000000000035 | C14: =IF(EXACT($B14, ""), "", IF((($B14 - MOD($B14, 1000000000000))/1000000000000)=25, CONCATENATE("Person - ", VLOOKUP($B14, [1]DataLookUp!$B$4:$C$2000, 2, FALSE)), IF((($B14 - MOD($B14, 1000000000000))/1000000000000)=124, CONCATENATE("Institution - ", VLOOKUP($B14, '[2]DataLookUp - InstitutionBranch'!$B$4:$C$2000, 2, FALSE)), ""))) -> Person - Anggit Ismiyanto | D14: 223000000000002 | E14: =IF(EXACT($D14, ""), "", VLOOKUP($D14, 'REF - ContactNumberType'!$B$4:$C$10, 2, FALSE)) -> Mobile Phone | F14: +62 822-5131-3575 | H14: Anggit Ismiyanto | J14: =J13 + IF(EXACT(K14, ""), 0, 1) -> 286000000000011 | K14: =IF(EXACT(F14, ""), "", CONCATENATE("PERFORM ""SchData-OLTP-Master"".""Func_TblContactNumber_SET""(varSystemLoginSession::bigint, null::bigint, null::varchar, null::timestamptz, null::timestamptz, null::varchar, varInstitutionBranchID::bigint, varBaseCurrencyID::bigint, ", IF(EXACT($D14, ""), "NULL", ""&$D14&""), "::bigint, ", IF(EXACT($F14, ""), "NULL", "'"&$F14&"'"), "::varchar, ", IF(EXACT($G14, ""), "NULL", "'"&$G14&"'"), "::varchar, ", IF(EXACT($H14, ""), "NULL", "'"&$H14&"'"), "::varchar, ", IF(EXACT($B14, ""), "NULL", "'"&$B14&"'"), "::bigint);")) -> PERFORM "SchData-OLTP-Master"."Func_TblContactNumber_SET"(varSystemLoginSession::bigint, null::bigint, null::varchar, null::timestamptz, null::timestamptz, null::varchar, varInstitutionBranchID::bigint, varBaseCurrencyID::bigint, 223000000000002::bigint, '+62 822-5131-3575'::varchar, NULL::varchar, 'Anggit Ismiyanto'::varchar, '25000000000035'::bigint);
B15: 25000000000156 | C15: =IF(EXACT($B15, ""), "", IF((($B15 - MOD($B15, 1000000000000))/1000000000000)=25, CONCATENATE("Person - ", VLOOKUP($B15, [1]DataLookUp!$B$4:$C$2000, 2, FALSE)), IF((($B15 - MOD($B15, 1000000000000))/1000000000000)=124, CONCATENATE("Institution - ", VLOOKUP($B15, '[2]DataLookUp - InstitutionBranch'!$B$4:$C$2000, 2, FALSE)), ""))) -> Person - Firman Akbar | D15: 223000000000002 | E15: =IF(EXACT($D15, ""), "", VLOOKUP($D15, 'REF - ContactNumberType'!$B$4:$C$10, 2, FALSE)) -> Mobile Phone | F15: +62 812-4519-2298 | H15: Firman Akbar | J15: =J14 + IF(EXACT(K15, ""), 0, 1) -> 286000000000012 | K15: =IF(EXACT(F15, ""), "", CONCATENATE("PERFORM ""SchData-OLTP-Master"".""Func_TblContactNumber_SET""(varSystemLoginSession::bigint, null::bigint, null::varchar, null::timestamptz, null::timestamptz, null::varchar, varInstitutionBranchID::bigint, varBaseCurrencyID::bigint, ", IF(EXACT($D15, ""), "NULL", ""&$D15&""), "::bigint, ", IF(EXACT($F15, ""), "NULL", "'"&$F15&"'"), "::varchar, ", IF(EXACT($G15, ""), "NULL", "'"&$G15&"'"), "::varchar, ", IF(EXACT($H15, ""), "NULL", "'"&$H15&"'"), "::varchar, ", IF(EXACT($B15, ""), "NULL", "'"&$B15&"'"), "::bigint);")) -> PERFORM "SchData-OLTP-Master"."Func_TblContactNumber_SET"(varSystemLoginSession::bigint, null::bigint, null::varchar, null::timestamptz, null::timestamptz, null::varchar, varInstitutionBranchID::bigint, varBaseCurrencyID::bigint, 223000000000002::bigint, '+62 812-4519-2298'::varchar, NULL::varchar, 'Firman Akbar'::varchar, '25000000000156'::bigint);
B16: 25000000000161 | C16: =IF(EXACT($B16, ""), "", IF((($B16 - MOD($B16, 1000000000000))/1000000000000)=25, CONCATENATE("Person - ", VLOOKUP($B16, [1]DataLookUp!$B$4:$C$2000, 2, FALSE)), IF((($B16 - MOD($B16, 1000000000000))/1000000000000)=124, CONCATENATE("Institution - ", VLOOKUP($B16, '[2]DataLookUp - InstitutionBranch'!$B$4:$C$2000, 2, FALSE)), ""))) -> Person - Fuad Febrian | D16: 223000000000002 | E16: =IF(EXACT($D16, ""), "", VLOOKUP($D16, 'REF - ContactNumberType'!$B$4:$C$10, 2, FALSE)) -> Mobile Phone | F16: +62 813-1422-8295 | H16: Fuad Febrian | J16: =J15 + IF(EXACT(K16, ""), 0, 1) -> 286000000000013 | K16: =IF(EXACT(F16, ""), "", CONCATENATE("PERFORM ""SchData-OLTP-Master"".""Func_TblContactNumber_SET""(varSystemLoginSession::bigint, null::bigint, null::varchar, null::timestamptz, null::timestamptz, null::varchar, varInstitutionBranchID::bigint, varBaseCurrencyID::bigint, ", IF(EXACT($D16, ""), "NULL", ""&$D16&""), "::bigint, ", IF(EXACT($F16, ""), "NULL", "'"&$F16&"'"), "::varchar, ", IF(EXACT($G16, ""), "NULL", "'"&$G16&"'"), "::varchar, ", IF(EXACT($H16, ""), "NULL", "'"&$H16&"'"), "::varchar, ", IF(EXACT($B16, ""), "NULL", "'"&$B16&"'"), "::bigint);")) -> PERFORM "SchData-OLTP-Master"."Func_TblContactNumber_SET"(varSystemLoginSession::bigint, null::bigint, null::varchar, null::timestamptz, null::timestamptz, null::varchar, varInstitutionBranchID::bigint, varBaseCurrencyID::bigint, 223000000000002::bigint, '+62 813-1422-8295'::varchar, NULL::varchar, 'Fuad Febrian'::varchar, '25000000000161'::bigint);
B17: 25000000000416 | C17: =IF(EXACT($B17, ""), "", IF((($B17 - MOD($B17, 1000000000000))/1000000000000)=25, CONCATENATE("Person - ", VLOOKUP($B17, [1]DataLookUp!$B$4:$C$2000, 2, FALSE)), IF((($B17 - MOD($B17, 1000000000000))/1000000000000)=124, CONCATENATE("Institution - ", VLOOKUP($B17, '[2]DataLookUp - InstitutionBranch'!$B$4:$C$2000, 2, FALSE)), ""))) -> Person - Sulih | D17: 223000000000002 | E17: =IF(EXACT($D17, ""), "", VLOOKUP($D17, 'REF - ContactNumberType'!$B$4:$C$10, 2, FALSE)) -> Mobile Phone | F17: +62 857-2881-8103 | H17: Sulih | J17: =J16 + IF(EXACT(K17, ""), 0, 1) -> 286000000000014 | K17: =IF(EXACT(F17, ""), "", CONCATENATE("PERFORM ""SchData-OLTP-Master"".""Func_TblContactNumber_SET""(varSystemLoginSession::bigint, null::bigint, null::varchar, null::timestamptz, null::timestamptz, null::varchar, varInstitutionBranchID::bigint, varBaseCurrencyID::bigint, ", IF(EXACT($D17, ""), "NULL", ""&$D17&""), "::bigint, ", IF(EXACT($F17, ""), "NULL", "'"&$F17&"'"), "::varchar, ", IF(EXACT($G17, ""), "NULL", "'"&$G17&"'"), "::varchar, ", IF(EXACT($H17, ""), "NULL", "'"&$H17&"'"), "::varchar, ", IF(EXACT($B17, ""), "NULL", "'"&$B17&"'"), "::bigint);")) -> PERFORM "SchData-OLTP-Master"."Func_TblContactNumber_SET"(varSystemLoginSession::bigint, null::bigint, null::varchar, null::timestamptz, null::timestamptz, null::varchar, varInstitutionBranchID::bigint, varBaseCurrencyID::bigint, 223000000000002::bigint, '+62 857-2881-8103'::varchar, NULL::varchar, 'Sulih'::varchar, '25000000000416'::bigint);
B18: 25000000000192 | C18: =IF(EXACT($B18, ""), "", IF((($B18 - MOD($B18, 1000000000000))/1000000000000)=25, CONCATENATE("Person - ", VLOOKUP($B18, [1]DataLookUp!$B$4:$C$2000, 2, FALSE)), IF((($B18 - MOD($B18, 1000000000000))/1000000000000)=124, CONCATENATE("Institution - ", VLOOKUP($B18, '[2]DataLookUp - InstitutionBranch'!$B$4:$C$2000, 2, FALSE)), ""))) -> Person - Heru Sugiri | D18: 223000000000002 | E18: =IF(EXACT($D18, ""), "", VLOOKUP($D18, 'REF - ContactNumberType'!$B$4:$C$10, 2, FALSE)) -> Mobile Phone | F18: +62 812-2491-0322 | H18: Heru Sugiri | J18: =J17 + IF(EXACT(K18, ""), 0, 1) -> 286000000000015 | K18: =IF(EXACT(F18, ""), "", CONCATENATE("PERFORM ""SchData-OLTP-Master"".""Func_TblContactNumber_SET""(varSystemLoginSession::bigint, null::bigint, null::varchar, null::timestamptz, null::timestamptz, null::varchar, varInstitutionBranchID::bigint, varBaseCurrencyID::bigint, ", IF(EXACT($D18, ""), "NULL", ""&$D18&""), "::bigint, ", IF(EXACT($F18, ""), "NULL", "'"&$F18&"'"), "::varchar, ", IF(EXACT($G18, ""), "NULL", "'"&$G18&"'"), "::varchar, ", IF(EXACT($H18, ""), "NULL", "'"&$H18&"'"), "::varchar, ", IF(EXACT($B18, ""), "NULL", "'"&$B18&"'"), "::bigint);")) -> PERFORM "SchData-OLTP-Master"."Func_TblContactNumber_SET"(varSystemLoginSession::bigint, null::bigint, null::varchar, null::timestamptz, null::timestamptz, null::varchar, varInstitutionBranchID::bigint, varBaseCurrencyID::bigint, 223000000000002::bigint, '+62 812-2491-0322'::varchar, NULL::varchar, 'Heru Sugiri'::varchar, '25000000000192'::bigint);
B19: 25000000000361 | C19: =IF(EXACT($B19, ""), "", IF((($B19 - MOD($B19, 1000000000000))/1000000000000)=25, CONCATENATE("Person - ", VLOOKUP($B19, [1]DataLookUp!$B$4:$C$2000, 2, FALSE)), IF((($B19 - MOD($B19, 1000000000000))/1000000000000)=124, CONCATENATE("Institution - ", VLOOKUP($B19, '[2]DataLookUp - InstitutionBranch'!$B$4:$C$2000, 2, FALSE)), ""))) -> Person - Rinaldi Asrin | D19: 223000000000002 | E19: =IF(EXACT($D19, ""), "", VLOOKUP($D19, 'REF - ContactNumberType'!$B$4:$C$10, 2, FALSE)) -> Mobile Phone | F19: +62 818-0691-9844 | H19: Rinaldi Asrin | J19: =J18 + IF(EXACT(K19, ""), 0, 1) -> 286000000000016 | K19: =IF(EXACT(F19, ""), "", CONCATENATE("PERFORM ""SchData-OLTP-Master"".""Func_TblContactNumber_SET""(varSystemLoginSession::bigint, null::bigint, null::varchar, null::timestamptz, null::timestamptz, null::varchar, varInstitutionBranchID::bigint, varBaseCurrencyID::bigint, ", IF(EXACT($D19, ""), "NULL", ""&$D19&""), "::bigint, ", IF(EXACT($F19, ""), "NULL", "'"&$F19&"'"), "::varchar, ", IF(EXACT($G19, ""), "NULL", "'"&$G19&"'"), "::varchar, ", IF(EXACT($H19, ""), "NULL", "'"&$H19&"'"), "::varchar, ", IF(EXACT($B19, ""), "NULL", "'"&$B19&"'"), "::bigint);")) -> PERFORM "SchData-OLTP-Master"."Func_TblContactNumber_SET"(varSystemLoginSession::bigint, null::bigint, null::varchar, null::timestamptz, null::timestamptz, null::varchar, varInstitutionBranchID::bigint, varBaseCurrencyID::bigint, 223000000000002::bigint, '+62 818-0691-9844'::varchar, NULL::varchar, 'Rinaldi Asrin'::varchar, '25000000000361'::bigint);
B20: 25000000000337 | C20: =IF(EXACT($B20, ""), "", IF((($B20 - MOD($B20, 1000000000000))/1000000000000)=25, CONCATENATE("Person - ", VLOOKUP($B20, [1]DataLookUp!$B$4:$C$2000, 2, FALSE)), IF((($B20 - MOD($B20, 1000000000000))/1000000000000)=124, CONCATENATE("Institution - ", VLOOKUP($B20, '[2]DataLookUp - InstitutionBranch'!$B$4:$C$2000, 2, FALSE)), ""))) -> Person - Rafi Firman Saputra | D20: 223000000000002 | E20: =IF(EXACT($D20, ""), "", VLOOKUP($D20, 'REF - ContactNumberType'!$B$4:$C$10, 2, FALSE)) -> Mobile Phone | F20: +62 857-6021-1355 | H20: Rafi Firman Saputra | J20: =J19 + IF(EXACT(K20, ""), 0, 1) -> 286000000000017 | K20: =IF(EXACT(F20, ""), "", CONCATENATE("PERFORM ""SchData-OLTP-Master"".""Func_TblContactNumber_SET""(varSystemLoginSession::bigint, null::bigint, null::varchar, null::timestamptz, null::timestamptz, null::varchar, varInstitutionBranchID::bigint, varBaseCurrencyID::bigint, ", IF(EXACT($D20, ""), "NULL", ""&$D20&""), "::bigint, ", IF(EXACT($F20, ""), "NULL", "'"&$F20&"'"), "::varchar, ", IF(EXACT($G20, ""), "NULL", "'"&$G20&"'"), "::varchar, ", IF(EXACT($H20, ""), "NULL", "'"&$H20&"'"), "::varchar, ", IF(EXACT($B20, ""), "NULL", "'"&$B20&"'"), "::bigint);")) -> PERFORM "SchData-OLTP-Master"."Func_TblContactNumber_SET"(varSystemLoginSession::bigint, null::bigint, null::varchar, null::timestamptz, null::timestamptz, null::varchar, varInstitutionBranchID::bigint, varBaseCurrencyID::bigint, 223000000000002::bigint, '+62 857-6021-1355'::varchar, NULL::varchar, 'Rafi Firman Saputra'::varchar, '25000000000337'::bigint);
B21: 25000000000333 | C21: =IF(EXACT($B21, ""), "", IF((($B21 - MOD($B21, 1000000000000))/1000000000000)=25, CONCATENATE("Person - ", VLOOKUP($B21, [1]DataLookUp!$B$4:$C$2000, 2, FALSE)), IF((($B21 - MOD($B21, 1000000000000))/1000000000000)=124, CONCATENATE("Institution - ", VLOOKUP($B21, '[2]DataLookUp - InstitutionBranch'!$B$4:$C$2000, 2, FALSE)), ""))) -> Person - Putra Perdana Tirtomoyo | D21: 223000000000002 | E21: =IF(EXACT($D21, ""), "", VLOOKUP($D21, 'REF - ContactNumberType'!$B$4:$C$10, 2, FALSE)) -> Mobile Phone | F21: +62 812-8884-4266 | H21: Putra Perdana Tirtomoyo | J21: =J20 + IF(EXACT(K21, ""), 0, 1) -> 286000000000018 | K21: =IF(EXACT(F21, ""), "", CONCATENATE("PERFORM ""SchData-OLTP-Master"".""Func_TblContactNumber_SET""(varSystemLoginSession::bigint, null::bigint, null::varchar, null::timestamptz, null::timestamptz, null::varchar, varInstitutionBranchID::bigint, varBaseCurrencyID::bigint, ", IF(EXACT($D21, ""), "NULL", ""&$D21&""), "::bigint, ", IF(EXACT($F21, ""), "NULL", "'"&$F21&"'"), "::varchar, ", IF(EXACT($G21, ""), "NULL", "'"&$G21&"'"), "::varchar, ", IF(EXACT($H21, ""), "NULL", "'"&$H21&"'"), "::varchar, ", IF(EXACT($B21, ""), "NULL", "'"&$B21&"'"), "::bigint);")) -> PERFORM "SchData-OLTP-Master"."Func_TblContactNumber_SET"(varSystemLoginSession::bigint, null::bigint, null::varchar, null::timestamptz, null::timestamptz, null::varchar, varInstitutionBranchID::bigint, varBaseCurrencyID::bigint, 223000000000002::bigint, '+62 812-8884-4266'::varchar, NULL::varchar, 'Putra Perdana Tirtomoyo'::varchar, '25000000000333'::bigint);
B22: 25000000000365 | C22: =IF(EXACT($B22, ""), "", IF((($B22 - MOD($B22, 1000000000000))/1000000000000)=25, CONCATENATE("Person - ", VLOOKUP($B22, [1]DataLookUp!$B$4:$C$2000, 2, FALSE)), IF((($B22 - MOD($B22, 1000000000000))/1000000000000)=124, CONCATENATE("Institution - ", VLOOKUP($B22, '[2]DataLookUp - InstitutionBranch'!$B$4:$C$2000, 2, FALSE)), ""))) -> Person - Rizak Tri Septian | D22: 223000000000002 | E22: =IF(EXACT($D22, ""), "", VLOOKUP($D22, 'REF - ContactNumberType'!$B$4:$C$10, 2, FALSE)) -> Mobile Phone | F22: +62 856-7124-030 | H22: Rizak Tri Septian | J22: =J21 + IF(EXACT(K22, ""), 0, 1) -> 286000000000019 | K22: =IF(EXACT(F22, ""), "", CONCATENATE("PERFORM ""SchData-OLTP-Master"".""Func_TblContactNumber_SET""(varSystemLoginSession::bigint, null::bigint, null::varchar, null::timestamptz, null::timestamptz, null::varchar, varInstitutionBranchID::bigint, varBaseCurrencyID::bigint, ", IF(EXACT($D22, ""), "NULL", ""&$D22&""), "::bigint, ", IF(EXACT($F22, ""), "NULL", "'"&$F22&"'"), "::varchar, ", IF(EXACT($G22, ""), "NULL", "'"&$G22&"'"), "::varchar, ", IF(EXACT($H22, ""), "NULL", "'"&$H22&"'"), "::varchar, ", IF(EXACT($B22, ""), "NULL", "'"&$B22&"'"), "::bigint);")) -> PERFORM "SchData-OLTP-Master"."Func_TblContactNumber_SET"(varSystemLoginSession::bigint, null::bigint, null::varchar, null::timestamptz, null::timestamptz, null::varchar, varInstitutionBranchID::bigint, varBaseCurrencyID::bigint, 223000000000002::bigint, '+62 856-7124-030'::varchar, NULL::varchar, 'Rizak Tri Septian'::varchar, '25000000000365'::bigint);
B23: 25000000000500 | C23: =IF(EXACT($B23, ""), "", IF((($B23 - MOD($B23, 1000000000000))/1000000000000)=25, CONCATENATE("Person - ", VLOOKUP($B23, [1]DataLookUp!$B$4:$C$2000, 2, FALSE)), IF((($B23 - MOD($B23, 1000000000000))/1000000000000)=124, CONCATENATE("Institution - ", VLOOKUP($B23, '[2]DataLookUp - InstitutionBranch'!$B$4:$C$2000, 2, FALSE)), ""))) -> Person - Zam Roji | D23: 223000000000002 | E23: =IF(EXACT($D23, ""), "", VLOOKUP($D23, 'REF - ContactNumberType'!$B$4:$C$10, 2, FALSE)) -> Mobile Phone | F23: +62 821-1395-1375 | H23: Zam Roji | J23: =J22 + IF(EXACT(K23, ""), 0, 1) -> 286000000000020 | K23: =IF(EXACT(F23, ""), "", CONCATENATE("PERFORM ""SchData-OLTP-Master"".""Func_TblContactNumber_SET""(varSystemLoginSession::bigint, null::bigint, null::varchar, null::timestamptz, null::timestamptz, null::varchar, varInstitutionBranchID::bigint, varBaseCurrencyID::bigint, ", IF(EXACT($D23, ""), "NULL", ""&$D23&""), "::bigint, ", IF(EXACT($F23, ""), "NULL", "'"&$F23&"'"), "::varchar, ", IF(EXACT($G23, ""), "NULL", "'"&$G23&"'"), "::varchar, ", IF(EXACT($H23, ""), "NULL", "'"&$H23&"'"), "::varchar, ", IF(EXACT($B23, ""), "NULL", "'"&$B23&"'"), "::bigint);")) -> PERFORM "SchData-OLTP-Master"."Func_TblContactNumber_SET"(varSystemLoginSession::bigint, null::bigint, null::varchar, null::timestamptz, null::timestamptz, null::varchar, varInstitutionBranchID::bigint, varBaseCurrencyID::bigint, 223000000000002::bigint, '+62 821-1395-1375'::varchar, NULL::varchar, 'Zam Roji'::varchar, '25000000000500'::bigint);
B24: 25000000000348 | C24: =IF(EXACT($B24, ""), "", IF((($B24 - MOD($B24, 1000000000000))/1000000000000)=25, CONCATENATE("Person - ", VLOOKUP($B24, [1]DataLookUp!$B$4:$C$2000, 2, FALSE)), IF((($B24 - MOD($B24, 1000000000000))/1000000000000)=124, CONCATENATE("Institution - ", VLOOKUP($B24, '[2]DataLookUp - InstitutionBranch'!$B$4:$C$2000, 2, FALSE)), ""))) -> Person - Rendy Prananta Purba | D24: 223000000000002 | E24: =IF(EXACT($D24, ""), "", VLOOKUP($D24, 'REF - ContactNumberType'!$B$4:$C$10, 2, FALSE)) -> Mobile Phone | F24: +62 852-9500-0042 | H24: Rendy Prananta Purba | J24: =J23 + IF(EXACT(K24, ""), 0, 1) -> 286000000000021 | K24: =IF(EXACT(F24, ""), "", CONCATENATE("PERFORM ""SchData-OLTP-Master"".""Func_TblContactNumber_SET""(varSystemLoginSession::bigint, null::bigint, null::varchar, null::timestamptz, null::timestamptz, null::varchar, varInstitutionBranchID::bigint, varBaseCurrencyID::bigint, ", IF(EXACT($D24, ""), "NULL", ""&$D24&""), "::bigint, ", IF(EXACT($F24, ""), "NULL", "'"&$F24&"'"), "::varchar, ", IF(EXACT($G24, ""), "NULL", "'"&$G24&"'"), "::varchar, ", IF(EXACT($H24, ""), "NULL", "'"&$H24&"'"), "::varchar, ", IF(EXACT($B24, ""), "NULL", "'"&$B24&"'"), "::bigint);")) -> PERFORM "SchData-OLTP-Master"."Func_TblContactNumber_SET"(varSystemLoginSession::bigint, null::bigint, null::varchar, null::timestamptz, null::timestamptz, null::varchar, varInstitutionBranchID::bigint, varBaseCurrencyID::bigint, 223000000000002::bigint, '+62 852-9500-0042'::varchar, NULL::varchar, 'Rendy Prananta Purba'::varchar, '25000000000348'::bigint);
B25: 25000000000323 | C25: =IF(EXACT($B25, ""), "", IF((($B25 - MOD($B25, 1000000000000))/1000000000000)=25, CONCATENATE("Person - ", VLOOKUP($B25, [1]DataLookUp!$B$4:$C$2000, 2, FALSE)), IF((($B25 - MOD($B25, 1000000000000))/1000000000000)=124, CONCATENATE("Institution - ", VLOOKUP($B25, '[2]DataLookUp - InstitutionBranch'!$B$4:$C$2000, 2, FALSE)), ""))) -> Person - Otong Bustori | D25: 223000000000002 | E25: =IF(EXACT($D25, ""), "", VLOOKUP($D25, 'REF - ContactNumberType'!$B$4:$C$10, 2, FALSE)) -> Mobile Phone | F25: +62 812-1021-3789 | H25: Otong Bustori | J25: =J24 + IF(EXACT(K25, ""), 0, 1) -> 286000000000022 | K25: =IF(EXACT(F25, ""), "", CONCATENATE("PERFORM ""SchData-OLTP-Master"".""Func_TblContactNumber_SET""(varSystemLoginSession::bigint, null::bigint, null::varchar, null::timestamptz, null::timestamptz, null::varchar, varInstitutionBranchID::bigint, varBaseCurrencyID::bigint, ", IF(EXACT($D25, ""), "NULL", ""&$D25&""), "::bigint, ", IF(EXACT($F25, ""), "NULL", "'"&$F25&"'"), "::varchar, ", IF(EXACT($G25, ""), "NULL", "'"&$G25&"'"), "::varchar, ", IF(EXACT($H25, ""), "NULL", "'"&$H25&"'"), "::varchar, ", IF(EXACT($B25, ""), "NULL", "'"&$B25&"'"), "::bigint);")) -> PERFORM "SchData-OLTP-Master"."Func_TblContactNumber_SET"(varSystemLoginSession::bigint, null::bigint, null::varchar, null::timestamptz, null::timestamptz, null::varchar, varInstitutionBranchID::bigint, varBaseCurrencyID::bigint, 223000000000002::bigint, '+62 812-1021-3789'::varchar, NULL::varchar, 'Otong Bustori'::varchar, '25000000000323'::bigint);
... B28: 25000000000187 | C28: =IF(EXACT($B28, ""), "", IF((($B28 - MOD($B28, 1000000000000))/1000000000000)=25, CONCATENATE("Person - ", VLOOKUP($B28, [1]DataLookUp!$B$4:$C$2000, 2, FALSE)), IF((($B28 - MOD($B28, 1000000000000))/1000000000000)=124, CONCATENATE("Institution - ", VLOOKUP($B28, '[2]DataLookUp - InstitutionBranch'!$B$4:$C$2000, 2, FALSE)), ""))) -> Person - Herlin Juli Asri | D28: 223000000000002 | E28: =IF(EXACT($D28, ""), "", VLOOKUP($D28, 'REF - ContactNumberType'!$B$4:$C$10, 2, FALSE)) -> Mobile Phone | F28: +62 813-1920-7116 | H28: Herlin Juli Asri | J28: =J27 + IF(EXACT(K28, ""), 0, 1) -> 286000000000025 | K28: =IF(EXACT(F28, ""), "", CONCATENATE("PERFORM ""SchData-OLTP-Master"".""Func_TblContactNumber_SET""(varSystemLoginSession::bigint, null::bigint, null::varchar, null::timestamptz, null::timestamptz, null::varchar, varInstitutionBranchID::bigint, varBaseCurrencyID::bigint, ", IF(EXACT($D28, ""), "NULL", ""&$D28&""), "::bigint, ", IF(EXACT($F28, ""), "NULL", "'"&$F28&"'"), "::varchar, ", IF(EXACT($G28, ""), "NULL", "'"&$G28&"'"), "::varchar, ", IF(EXACT($H28, ""), "NULL", "'"&$H28&"'"), "::varchar, ", IF(EXACT($B28, ""), "NULL", "'"&$B28&"'"), "::bigint);")) -> PERFORM "SchData-OLTP-Master"."Func_TblContactNumber_SET"(varSystemLoginSession::bigint, null::bigint, null::varchar, null::timestamptz, null::timestamptz, null::varchar, varInstitutionBranchID::bigint, varBaseCurrencyID::bigint, 223000000000002::bigint, '+62 813-1920-7116'::varchar, NULL::varchar, 'Herlin Juli Asri'::varchar, '25000000000187'::bigint);
C29: =IF(EXACT($B29, ""), "", IF((($B29 - MOD($B29, 1000000000000))/1000000000000)=25, CONCATENATE("Person - ", VLOOKUP($B29, [1]DataLookUp!$B$4:$C$2000, 2, FALSE)), IF((($B29 - MOD($B29, 1000000000000))/1000000000000)=124, CONCATENATE("Institution - ", VLOOKUP($B29, '[2]DataLookUp - InstitutionBranch'!$B$4:$C$2000, 2, FALSE)), ""))) | D29: 223000000000002 | E29: =IF(EXACT($D29, ""), "", VLOOKUP($D29, 'REF - ContactNumberType'!$B$4:$C$10, 2, FALSE)) -> Mobile Phone | F29: +62 811-9568-886 | H29: Sherly Tamira Happy | J29: =J28 + IF(EXACT(K29, ""), 0, 1) -> 286000000000026 | K29: =IF(EXACT(F29, ""), "", CONCATENATE("PERFORM ""SchData-OLTP-Master"".""Func_TblContactNumber_SET""(varSystemLoginSession::bigint, null::bigint, null::varchar, null::timestamptz, null::timestamptz, null::varchar, varInstitutionBranchID::bigint, varBaseCurrencyID::bigint, ", IF(EXACT($D29, ""), "NULL", ""&$D29&""), "::bigint, ", IF(EXACT($F29, ""), "NULL", "'"&$F29&"'"), "::varchar, ", IF(EXACT($G29, ""), "NULL", "'"&$G29&"'"), "::varchar, ", IF(EXACT($H29, ""), "NULL", "'"&$H29&"'"), "::varchar, ", IF(EXACT($B29, ""), "NULL", "'"&$B29&"'"), "::bigint);")) -> PERFORM "SchData-OLTP-Master"."Func_TblContactNumber_SET"(varSystemLoginSession::bigint, null::bigint, null::varchar, null::timestamptz, null::timestamptz, null::varchar, varInstitutionBranchID::bigint, varBaseCurrencyID::bigint, 223000000000002::bigint, '+62 811-9568-886'::varchar, NULL::varchar, 'Sherly Tamira Happy'::varchar, NULL::bigint);
C30: =IF(EXACT($B30, ""), "", IF((($B30 - MOD($B30, 1000000000000))/1000000000000)=25, CONCATENATE("Person - ", VLOOKUP($B30, [1]DataLookUp!$B$4:$C$2000, 2, FALSE)), IF((($B30 - MOD($B30, 1000000000000))/1000000000000)=124, CONCATENATE("Institution - ", VLOOKUP($B30, '[2]DataLookUp - InstitutionBranch'!$B$4:$C$2000, 2, FALSE)), ""))) | D30: 223000000000002 | E30: =IF(EXACT($D30, ""), "", VLOOKUP($D30, 'REF - ContactNumberType'!$B$4:$C$10, 2, FALSE)) -> Mobile Phone | F30: +62 812-8223-0665 | H30: Sherly Tamira Happy | J30: =J29 + IF(EXACT(K30, ""), 0, 1) -> 286000000000027 | K30: =IF(EXACT(F30, ""), "", CONCATENATE("PERFORM ""SchData-OLTP-Master"".""Func_TblContactNumber_SET""(varSystemLoginSession::bigint, null::bigint, null::varchar, null::timestamptz, null::timestamptz, null::varchar, varInstitutionBranchID::bigint, varBaseCurrencyID::bigint, ", IF(EXACT($D30, ""), "NULL", ""&$D30&""), "::bigint, ", IF(EXACT($F30, ""), "NULL", "'"&$F30&"'"), "::varchar, ", IF(EXACT($G30, ""), "NULL", "'"&$G30&"'"), "::varchar, ", IF(EXACT($H30, ""), "NULL", "'"&$H30&"'"), "::varchar, ", IF(EXACT($B30, ""), "NULL", "'"&$B30&"'"), "::bigint);")) -> PERFORM "SchData-OLTP-Master"."Func_TblContactNumber_SET"(varSystemLoginSession::bigint, null::bigint, null::varchar, null::timestamptz, null::timestamptz, null::varchar, varInstitutionBranchID::bigint, varBaseCurrencyID::bigint, 223000000000002::bigint, '+62 812-8223-0665'::varchar, NULL::varchar, 'Sherly Tamira Happy'::varchar, NULL::bigint);
B31: 25000000000297 | C31: =IF(EXACT($B31, ""), "", IF((($B31 - MOD($B31, 1000000000000))/1000000000000)=25, CONCATENATE("Person - ", VLOOKUP($B31, [1]DataLookUp!$B$4:$C$2000, 2, FALSE)), IF((($B31 - MOD($B31, 1000000000000))/1000000000000)=124, CONCATENATE("Institution - ", VLOOKUP($B31, '[2]DataLookUp - InstitutionBranch'!$B$4:$C$2000, 2, FALSE)), ""))) -> Person - Muhammad Khadafy | D31: 223000000000002 | E31: =IF(EXACT($D31, ""), "", VLOOKUP($D31, 'REF - ContactNumberType'!$B$4:$C$10, 2, FALSE)) -> Mobile Phone | F31: +62 812-8744-1774 | H31: Muhammad Khadafy | J31: =J30 + IF(EXACT(K31, ""), 0, 1) -> 286000000000028 | K31: =IF(EXACT(F31, ""), "", CONCATENATE("PERFORM ""SchData-OLTP-Master"".""Func_TblContactNumber_SET""(varSystemLoginSession::bigint, null::bigint, null::varchar, null::timestamptz, null::timestamptz, null::varchar, varInstitutionBranchID::bigint, varBaseCurrencyID::bigint, ", IF(EXACT($D31, ""), "NULL", ""&$D31&""), "::bigint, ", IF(EXACT($F31, ""), "NULL", "'"&$F31&"'"), "::varchar, ", IF(EXACT($G31, ""), "NULL", "'"&$G31&"'"), "::varchar, ", IF(EXACT($H31, ""), "NULL", "'"&$H31&"'"), "::varchar, ", IF(EXACT($B31, ""), "NULL", "'"&$B31&"'"), "::bigint);")) -> PERFORM "SchData-OLTP-Master"."Func_TblContactNumber_SET"(varSystemLoginSession::bigint, null::bigint, null::varchar, null::timestamptz, null::timestamptz, null::varchar, varInstitutionBranchID::bigint, varBaseCurrencyID::bigint, 223000000000002::bigint, '+62 812-8744-1774'::varchar, NULL::varchar, 'Muhammad Khadafy'::varchar, '25000000000297'::bigint);
C32: =IF(EXACT($B32, ""), "", IF((($B32 - MOD($B32, 1000000000000))/1000000000000)=25, CONCATENATE("Person - ", VLOOKUP($B32, [1]DataLookUp!$B$4:$C$2000, 2, FALSE)), IF((($B32 - MOD($B32, 1000000000000))/1000000000000)=124, CONCATENATE("Institution - ", VLOOKUP($B32, '[2]DataLookUp - InstitutionBranch'!$B$4:$C$2000, 2, FALSE)), ""))) | D32: 223000000000002 | E32: =IF(EXACT($D32, ""), "", VLOOKUP($D32, 'REF - ContactNumberType'!$B$4:$C$10, 2, FALSE)) -> Mobile Phone | F32: +62 857-7048-1711 | H32: Hernita Dwi Cahyani Putri | J32: =J31 + IF(EXACT(K32, ""), 0, 1) -> 286000000000029 | K32: =IF(EXACT(F32, ""), "", CONCATENATE("PERFORM ""SchData-OLTP-Master"".""Func_TblContactNumber_SET""(varSystemLoginSession::bigint, null::bigint, null::varchar, null::timestamptz, null::timestamptz, null::varchar, varInstitutionBranchID::bigint, varBaseCurrencyID::bigint, ", IF(EXACT($D32, ""), "NULL", ""&$D32&""), "::bigint, ", IF(EXACT($F32, ""), "NULL", "'"&$F32&"'"), "::varchar, ", IF(EXACT($G32, ""), "NULL", "'"&$G32&"'"), "::varchar, ", IF(EXACT($H32, ""), "NULL", "'"&$H32&"'"), "::varchar, ", IF(EXACT($B32, ""), "NULL", "'"&$B32&"'"), "::bigint);")) -> PERFORM "SchData-OLTP-Master"."Func_TblContactNumber_SET"(varSystemLoginSession::bigint, null::bigint, null::varchar, null::timestamptz, null::timestamptz, null::varchar, varInstitutionBranchID::bigint, varBaseCurrencyID::bigint, 223000000000002::bigint, '+62 857-7048-1711'::varchar, NULL::varchar, 'Hernita Dwi Cahyani Putri'::varchar, NULL::bigint);
B33: 25000000000029 | C33: =IF(EXACT($B33, ""), "", IF((($B33 - MOD($B33, 1000000000000))/1000000000000)=25, CONCATENATE("Person - ", VLOOKUP($B33, [1]DataLookUp!$B$4:$C$2000, 2, FALSE)), IF((($B33 - MOD($B33, 1000000000000))/1000000000000)=124, CONCATENATE("Institution - ", VLOOKUP($B33, '[2]DataLookUp - InstitutionBranch'!$B$4:$C$2000, 2, FALSE)), ""))) -> Person - Amir Sofyan Hadi | D33: 223000000000002 | E33: =IF(EXACT($D33, ""), "", VLOOKUP($D33, 'REF - ContactNumberType'!$B$4:$C$10, 2, FALSE)) -> Mobile Phone | F33: +62 813-1690-6639 | H33: Amir Sofyan Hadi | J33: =J32 + IF(EXACT(K33, ""), 0, 1) -> 286000000000030 | K33: =IF(EXACT(F33, ""), "", CONCATENATE("PERFORM ""SchData-OLTP-Master"".""Func_TblContactNumber_SET""(varSystemLoginSession::bigint, null::bigint, null::varchar, null::timestamptz, null::timestamptz, null::varchar, varInstitutionBranchID::bigint, varBaseCurrencyID::bigint, ", IF(EXACT($D33, ""), "NULL", ""&$D33&""), "::bigint, ", IF(EXACT($F33, ""), "NULL", "'"&$F33&"'"), "::varchar, ", IF(EXACT($G33, ""), "NULL", "'"&$G33&"'"), "::varchar, ", IF(EXACT($H33, ""), "NULL", "'"&$H33&"'"), "::varchar, ", IF(EXACT($B33, ""), "NULL", "'"&$B33&"'"), "::bigint);")) -> PERFORM "SchData-OLTP-Master"."Func_TblContactNumber_SET"(varSystemLoginSession::bigint, null::bigint, null::varchar, null::timestamptz, null::timestamptz, null::varchar, varInstitutionBranchID::bigint, varBaseCurrencyID::bigint, 223000000000002::bigint, '+62 813-1690-6639'::varchar, NULL::varchar, 'Amir Sofyan Hadi'::varchar, '25000000000029'::bigint);
B34: 25000000000071 | C34: =IF(EXACT($B34, ""), "", IF((($B34 - MOD($B34, 1000000000000))/1000000000000)=25, CONCATENATE("Person - ", VLOOKUP($B34, [1]DataLookUp!$B$4:$C$2000, 2, FALSE)), IF((($B34 - MOD($B34, 1000000000000))/1000000000000)=124, CONCATENATE("Institution - ", VLOOKUP($B34, '[2]DataLookUp - InstitutionBranch'!$B$4:$C$2000, 2, FALSE)), ""))) -> Person - Bani Mustazeni | D34: 223000000000002 | E34: =IF(EXACT($D34, ""), "", VLOOKUP($D34, 'REF - ContactNumberType'!$B$4:$C$10, 2, FALSE)) -> Mobile Phone | F34: +62 857-1519-9050 | H34: Bani Mustazeni | J34: =J33 + IF(EXACT(K34, ""), 0, 1) -> 286000000000031 | K34: =IF(EXACT(F34, ""), "", CONCATENATE("PERFORM ""SchData-OLTP-Master"".""Func_TblContactNumber_SET""(varSystemLoginSession::bigint, null::bigint, null::varchar, null::timestamptz, null::timestamptz, null::varchar, varInstitutionBranchID::bigint, varBaseCurrencyID::bigint, ", IF(EXACT($D34, ""), "NULL", ""&$D34&""), "::bigint, ", IF(EXACT($F34, ""), "NULL", "'"&$F34&"'"), "::varchar, ", IF(EXACT($G34, ""), "NULL", "'"&$G34&"'"), "::varchar, ", IF(EXACT($H34, ""), "NULL", "'"&$H34&"'"), "::varchar, ", IF(EXACT($B34, ""), "NULL", "'"&$B34&"'"), "::bigint);")) -> PERFORM "SchData-OLTP-Master"."Func_TblContactNumber_SET"(varSystemLoginSession::bigint, null::bigint, null::varchar, null::timestamptz, null::timestamptz, null::varchar, varInstitutionBranchID::bigint, varBaseCurrencyID::bigint, 223000000000002::bigint, '+62 857-1519-9050'::varchar, NULL::varchar, 'Bani Mustazeni'::varchar, '25000000000071'::bigint);
C35: =IF(EXACT($B35, ""), "", IF((($B35 - MOD($B35, 1000000000000))/1000000000000)=25, CONCATENATE("Person - ", VLOOKUP($B35, [1]DataLookUp!$B$4:$C$2000, 2, FALSE)), IF((($B35 - MOD($B35, 1000000000000))/1000000000000)=124, CONCATENATE("Institution - ", VLOOKUP($B35, '[2]DataLookUp - InstitutionBranch'!$B$4:$C$2000, 2, FALSE)), ""))) | D35: 223000000000002 | E35: =IF(EXACT($D35, ""), "", VLOOKUP($D35, 'REF - ContactNumberType'!$B$4:$C$10, 2, FALSE)) -> Mobile Phone | F35: +62 859-4561-9900 | H35: Eko Kurniawan | J35: =J34 + IF(EXACT(K35, ""), 0, 1) -> 286000000000032 | K35: =IF(EXACT(F35, ""), "", CONCATENATE("PERFORM ""SchData-OLTP-Master"".""Func_TblContactNumber_SET""(varSystemLoginSession::bigint, null::bigint, null::varchar, null::timestamptz, null::timestamptz, null::varchar, varInstitutionBranchID::bigint, varBaseCurrencyID::bigint, ", IF(EXACT($D35, ""), "NULL", ""&$D35&""), "::bigint, ", IF(EXACT($F35, ""), "NULL", "'"&$F35&"'"), "::varchar, ", IF(EXACT($G35, ""), "NULL", "'"&$G35&"'"), "::varchar, ", IF(EXACT($H35, ""), "NULL", "'"&$H35&"'"), "::varchar, ", IF(EXACT($B35, ""), "NULL", "'"&$B35&"'"), "::bigint);")) -> PERFORM "SchData-OLTP-Master"."Func_TblContactNumber_SET"(varSystemLoginSession::bigint, null::bigint, null::varchar, null::timestamptz, null::timestamptz, null::varchar, varInstitutionBranchID::bigint, varBaseCurrencyID::bigint, 223000000000002::bigint, '+62 859-4561-9900'::varchar, NULL::varchar, 'Eko Kurniawan'::varchar, NULL::bigint);
B36: 25000000000145 | C36: =IF(EXACT($B36, ""), "", IF((($B36 - MOD($B36, 1000000000000))/1000000000000)=25, CONCATENATE("Person - ", VLOOKUP($B36, [1]DataLookUp!$B$4:$C$2000, 2, FALSE)), IF((($B36 - MOD($B36, 1000000000000))/1000000000000)=124, CONCATENATE("Institution - ", VLOOKUP($B36, '[2]DataLookUp - InstitutionBranch'!$B$4:$C$2000, 2, FALSE)), ""))) -> Person - Fani Dwi Astutik | D36: 223000000000002 | E36: =IF(EXACT($D36, ""), "", VLOOKUP($D36, 'REF - ContactNumberType'!$B$4:$C$10, 2, FALSE)) -> Mobile Phone | F36: +62 812-9902-0267 | H36: Fani Dwi Astutik | J36: =J35 + IF(EXACT(K36, ""), 0, 1) -> 286000000000033 | K36: =IF(EXACT(F36, ""), "", CONCATENATE("PERFORM ""SchData-OLTP-Master"".""Func_TblContactNumber_SET""(varSystemLoginSession::bigint, null::bigint, null::varchar, null::timestamptz, null::timestamptz, null::varchar, varInstitutionBranchID::bigint, varBaseCurrencyID::bigint, ", IF(EXACT($D36, ""), "NULL", ""&$D36&""), "::bigint, ", IF(EXACT($F36, ""), "NULL", "'"&$F36&"'"), "::varchar, ", IF(EXACT($G36, ""), "NULL", "'"&$G36&"'"), "::varchar, ", IF(EXACT($H36, ""), "NULL", "'"&$H36&"'"), "::varchar, ", IF(EXACT($B36, ""), "NULL", "'"&$B36&"'"), "::bigint);")) -> PERFORM "SchData-OLTP-Master"."Func_TblContactNumber_SET"(varSystemLoginSession::bigint, null::bigint, null::varchar, null::timestamptz, null::timestamptz, null::varchar, varInstitutionBranchID::bigint, varBaseCurrencyID::bigint, 223000000000002::bigint, '+62 812-9902-0267'::varchar, NULL::varchar, 'Fani Dwi Astutik'::varchar, '25000000000145'::bigint);
C37: =IF(EXACT($B37, ""), "", IF((($B37 - MOD($B37, 1000000000000))/1000000000000)=25, CONCATENATE("Person - ", VLOOKUP($B37, [1]DataLookUp!$B$4:$C$2000, 2, FALSE)), IF((($B37 - MOD($B37, 1000000000000))/1000000000000)=124, CONCATENATE("Institution - ", VLOOKUP($B37, '[2]DataLookUp - InstitutionBranch'!$B$4:$C$2000, 2, FALSE)), ""))) | D37: 223000000000002 | E37: =IF(EXACT($D37, ""), "", VLOOKUP($D37, 'REF - ContactNumberType'!$B$4:$C$10, 2, FALSE)) -> Mobile Phone | F37: +62 856-4156-8410 | H37: Dony Setiyawan | J37: =J36 + IF(EXACT(K37, ""), 0, 1) -> 286000000000034 | K37: =IF(EXACT(F37, ""), "", CONCATENATE("PERFORM ""SchData-OLTP-Master"".""Func_TblContactNumber_SET""(varSystemLoginSession::bigint, null::bigint, null::varchar, null::timestamptz, null::timestamptz, null::varchar, varInstitutionBranchID::bigint, varBaseCurrencyID::bigint, ", IF(EXACT($D37, ""), "NULL", ""&$D37&""), "::bigint, ", IF(EXACT($F37, ""), "NULL", "'"&$F37&"'"), "::varchar, ", IF(EXACT($G37, ""), "NULL", "'"&$G37&"'"), "::varchar, ", IF(EXACT($H37, ""), "NULL", "'"&$H37&"'"), "::varchar, ", IF(EXACT($B37, ""), "NULL", "'"&$B37&"'"), "::bigint);")) -> PERFORM "SchData-OLTP-Master"."Func_TblContactNumber_SET"(varSystemLoginSession::bigint, null::bigint, null::varchar, null::timestamptz, null::timestamptz, null::varchar, varInstitutionBranchID::bigint, varBaseCurrencyID::bigint, 223000000000002::bigint, '+62 856-4156-8410'::varchar, NULL::varchar, 'Dony Setiyawan'::varchar, NULL::bigint);
C38: =IF(EXACT($B38, ""), "", IF((($B38 - MOD($B38, 1000000000000))/1000000000000)=25, CONCATENATE("Person - ", VLOOKUP($B38, [1]DataLookUp!$B$4:$C$2000, 2, FALSE)), IF((($B38 - MOD($B38, 1000000000000))/1000000000000)=124, CONCATENATE("Institution - ", VLOOKUP($B38, '[2]DataLookUp - InstitutionBranch'!$B$4:$C$2000, 2, FALSE)), ""))) | D38: 223000000000002 | E38: =IF(EXACT($D38, ""), "", VLOOKUP($D38, 'REF - ContactNumberType'!$B$4:$C$10, 2, FALSE)) -> Mobile Phone | F38: +62 813-6291-9395 | H38: M Ari Ardizah Nasution | J38: =J37 + IF(EXACT(K38, ""), 0, 1) -> 286000000000035 | K38: =IF(EXACT(F38, ""), "", CONCATENATE("PERFORM ""SchData-OLTP-Master"".""Func_TblContactNumber_SET""(varSystemLoginSession::bigint, null::bigint, null::varchar, null::timestamptz, null::timestamptz, null::varchar, varInstitutionBranchID::bigint, varBaseCurrencyID::bigint, ", IF(EXACT($D38, ""), "NULL", ""&$D38&""), "::bigint, ", IF(EXACT($F38, ""), "NULL", "'"&$F38&"'"), "::varchar, ", IF(EXACT($G38, ""), "NULL", "'"&$G38&"'"), "::varchar, ", IF(EXACT($H38, ""), "NULL", "'"&$H38&"'"), "::varchar, ", IF(EXACT($B38, ""), "NULL", "'"&$B38&"'"), "::bigint);")) -> PERFORM "SchData-OLTP-Master"."Func_TblContactNumber_SET"(varSystemLoginSession::bigint, null::bigint, null::varchar, null::timestamptz, null::timestamptz, null::varchar, varInstitutionBranchID::bigint, varBaseCurrencyID::bigint, 223000000000002::bigint, '+62 813-6291-9395'::varchar, NULL::varchar, 'M Ari Ardizah Nasution'::varchar, NULL::bigint);
B39: 25000000000277 | C39: =IF(EXACT($B39, ""), "", IF((($B39 - MOD($B39, 1000000000000))/1000000000000)=25, CONCATENATE("Person - ", VLOOKUP($B39, [1]DataLookUp!$B$4:$C$2000, 2, FALSE)), IF((($B39 - MOD($B39, 1000000000000))/1000000000000)=124, CONCATENATE("Institution - ", VLOOKUP($B39, '[2]DataLookUp - InstitutionBranch'!$B$4:$C$2000, 2, FALSE)), ""))) -> Person - Martimbul Rahman | D39: 223000000000002 | E39: =IF(EXACT($D39, ""), "", VLOOKUP($D39, 'REF - ContactNumberType'!$B$4:$C$10, 2, FALSE)) -> Mobile Phone | F39: +62 813-6193-0878 | H39: Martimbul Rahman | J39: =J38 + IF(EXACT(K39, ""), 0, 1) -> 286000000000036 | K39: =IF(EXACT(F39, ""), "", CONCATENATE("PERFORM ""SchData-OLTP-Master"".""Func_TblContactNumber_SET""(varSystemLoginSession::bigint, null::bigint, null::varchar, null::timestamptz, null::timestamptz, null::varchar, varInstitutionBranchID::bigint, varBaseCurrencyID::bigint, ", IF(EXACT($D39, ""), "NULL", ""&$D39&""), "::bigint, ", IF(EXACT($F39, ""), "NULL", "'"&$F39&"'"), "::varchar, ", IF(EXACT($G39, ""), "NULL", "'"&$G39&"'"), "::varchar, ", IF(EXACT($H39, ""), "NULL", "'"&$H39&"'"), "::varchar, ", IF(EXACT($B39, ""), "NULL", "'"&$B39&"'"), "::bigint);")) -> PERFORM "SchData-OLTP-Master"."Func_TblContactNumber_SET"(varSystemLoginSession::bigint, null::bigint, null::varchar, null::timestamptz, null::timestamptz, null::varchar, varInstitutionBranchID::bigint, varBaseCurrencyID::bigint, 223000000000002::bigint, '+62 813-6193-0878'::varchar, NULL::varchar, 'Martimbul Rahman'::varchar, '25000000000277'::bigint);
B40: 25000000000498 | C40: =IF(EXACT($B40, ""), "", IF((($B40 - MOD($B40, 1000000000000))/1000000000000)=25, CONCATENATE("Person - ", VLOOKUP($B40, [1]DataLookUp!$B$4:$C$2000, 2, FALSE)), IF((($B40 - MOD($B40, 1000000000000))/1000000000000)=124, CONCATENATE("Institution - ", VLOOKUP($B40, '[2]DataLookUp - InstitutionBranch'!$B$4:$C$2000, 2, FALSE)), ""))) -> Person - Zaire Dite Biscaya | D40: 223000000000002 | E40: =IF(EXACT($D40, ""), "", VLOOKUP($D40, 'REF - ContactNumberType'!$B$4:$C$10, 2, FALSE)) -> Mobile Phone | F40: +62 812-9102-5349 | H40: Zaire Biscaya Dite | J40: =J39 + IF(EXACT(K40, ""), 0, 1) -> 286000000000037 | K40: =IF(EXACT(F40, ""), "", CONCATENATE("PERFORM ""SchData-OLTP-Master"".""Func_TblContactNumber_SET""(varSystemLoginSession::bigint, null::bigint, null::varchar, null::timestamptz, null::timestamptz, null::varchar, varInstitutionBranchID::bigint, varBaseCurrencyID::bigint, ", IF(EXACT($D40, ""), "NULL", ""&$D40&""), "::bigint, ", IF(EXACT($F40, ""), "NULL", "'"&$F40&"'"), "::varchar, ", IF(EXACT($G40, ""), "NULL", "'"&$G40&"'"), "::varchar, ", IF(EXACT($H40, ""), "NULL", "'"&$H40&"'"), "::varchar, ", IF(EXACT($B40, ""), "NULL", "'"&$B40&"'"), "::bigint);")) -> PERFORM "SchData-OLTP-Master"."Func_TblContactNumber_SET"(varSystemLoginSession::bigint, null::bigint, null::varchar, null::timestamptz, null::timestamptz, null::varchar, varInstitutionBranchID::bigint, varBaseCurrencyID::bigint, 223000000000002::bigint, '+62 812-9102-5349'::varchar, NULL::varchar, 'Zaire Biscaya Dite'::varchar, '25000000000498'::bigint);
B41: 25000000000205 | C41: =IF(EXACT($B41, ""), "", IF((($B41 - MOD($B41, 1000000000000))/1000000000000)=25, CONCATENATE("Person - ", VLOOKUP($B41, [1]DataLookUp!$B$4:$C$2000, 2, FALSE)), IF((($B41 - MOD($B41, 1000000000000))/1000000000000)=124, CONCATENATE("Institution - ", VLOOKUP($B41, '[2]DataLookUp - InstitutionBranch'!$B$4:$C$2000, 2, FALSE)), ""))) -> Person - Imam Basuki | D41: 223000000000002 | E41: =IF(EXACT($D41, ""), "", VLOOKUP($D41, 'REF - ContactNumberType'!$B$4:$C$10, 2, FALSE)) -> Mobile Phone | F41: +62 813-1818-7318 | H41: Imam Basuki | J41: =J40 + IF(EXACT(K41, ""), 0, 1) -> 286000000000038 | K41: =IF(EXACT(F41, ""), "", CONCATENATE("PERFORM ""SchData-OLTP-Master"".""Func_TblContactNumber_SET""(varSystemLoginSession::bigint, null::bigint, null::varchar, null::timestamptz, null::timestamptz, null::varchar, varInstitutionBranchID::bigint, varBaseCurrencyID::bigint, ", IF(EXACT($D41, ""), "NULL", ""&$D41&""), "::bigint, ", IF(EXACT($F41, ""), "NULL", "'"&$F41&"'"), "::varchar, ", IF(EXACT($G41, ""), "NULL", "'"&$G41&"'"), "::varchar, ", IF(EXACT($H41, ""), "NULL", "'"&$H41&"'"), "::varchar, ", IF(EXACT($B41, ""), "NULL", "'"&$B41&"'"), "::bigint);")) -> PERFORM "SchData-OLTP-Master"."Func_TblContactNumber_SET"(varSystemLoginSession::bigint, null::bigint, null::varchar, null::timestamptz, null::timestamptz, null::varchar, varInstitutionBranchID::bigint, varBaseCurrencyID::bigint, 223000000000002::bigint, '+62 813-1818-7318'::varchar, NULL::varchar, 'Imam Basuki'::varchar, '25000000000205'::bigint);
B42: 25000000000511 | C42: =IF(EXACT($B42, ""), "", IF((($B42 - MOD($B42, 1000000000000))/1000000000000)=25, CONCATENATE("Person - ", VLOOKUP($B42, [1]DataLookUp!$B$4:$C$2000, 2, FALSE)), IF((($B42 - MOD($B42, 1000000000000))/1000000000000)=124, CONCATENATE("Institution - ", VLOOKUP($B42, '[2]DataLookUp - InstitutionBranch'!$B$4:$C$2000, 2, FALSE)), ""))) -> Person - Wisnu Andra Isdianto | D42: 223000000000002 | E42: =IF(EXACT($D42, ""), "", VLOOKUP($D42, 'REF - ContactNumberType'!$B$4:$C$10, 2, FALSE)) -> Mobile Phone | F42: +62 877-8419-0978 | H42: Wisnu Andra Isdianto | J42: =J41 + IF(EXACT(K42, ""), 0, 1) -> 286000000000039 | K42: =IF(EXACT(F42, ""), "", CONCATENATE("PERFORM ""SchData-OLTP-Master"".""Func_TblContactNumber_SET""(varSystemLoginSession::bigint, null::bigint, null::varchar, null::timestamptz, null::timestamptz, null::varchar, varInstitutionBranchID::bigint, varBaseCurrencyID::bigint, ", IF(EXACT($D42, ""), "NULL", ""&$D42&""), "::bigint, ", IF(EXACT($F42, ""), "NULL", "'"&$F42&"'"), "::varchar, ", IF(EXACT($G42, ""), "NULL", "'"&$G42&"'"), "::varchar, ", IF(EXACT($H42, ""), "NULL", "'"&$H42&"'"), "::varchar, ", IF(EXACT($B42, ""), "NULL", "'"&$B42&"'"), "::bigint);")) -> PERFORM "SchData-OLTP-Master"."Func_TblContactNumber_SET"(varSystemLoginSession::bigint, null::bigint, null::varchar, null::timestamptz, null::timestamptz, null::varchar, varInstitutionBranchID::bigint, varBaseCurrencyID::bigint, 223000000000002::bigint, '+62 877-8419-0978'::varchar, NULL::varchar, 'Wisnu Andra Isdianto'::varchar, '25000000000511'::bigint);
B43: 25000000000508 | C43: =IF(EXACT($B43, ""), "", IF((($B43 - MOD($B43, 1000000000000))/1000000000000)=25, CONCATENATE("Person - ", VLOOKUP($B43, [1]DataLookUp!$B$4:$C$2000, 2, FALSE)), IF((($B43 - MOD($B43, 1000000000000))/1000000000000)=124, CONCATENATE("Institution - ", VLOOKUP($B43, '[2]DataLookUp - InstitutionBranch'!$B$4:$C$2000, 2, FALSE)), ""))) -> Person - Rafi Artman Siddiq | D43: 223000000000002 | E43: =IF(EXACT($D43, ""), "", VLOOKUP($D43, 'REF - ContactNumberType'!$B$4:$C$10, 2, FALSE)) -> Mobile Phone | F43: +62 857-4118-8449 | H43: Rafi Artman Siddiq | J43: =J42 + IF(EXACT(K43, ""), 0, 1) -> 286000000000040 | K43: =IF(EXACT(F43, ""), "", CONCATENATE("PERFORM ""SchData-OLTP-Master"".""Func_TblContactNumber_SET""(varSystemLoginSession::bigint, null::bigint, null::varchar, null::timestamptz, null::timestamptz, null::varchar, varInstitutionBranchID::bigint, varBaseCurrencyID::bigint, ", IF(EXACT($D43, ""), "NULL", ""&$D43&""), "::bigint, ", IF(EXACT($F43, ""), "NULL", "'"&$F43&"'"), "::varchar, ", IF(EXACT($G43, ""), "NULL", "'"&$G43&"'"), "::varchar, ", IF(EXACT($H43, ""), "NULL", "'"&$H43&"'"), "::varchar, ", IF(EXACT($B43, ""), "NULL", "'"&$B43&"'"), "::bigint);")) -> PERFORM "SchData-OLTP-Master"."Func_TblContactNumber_SET"(varSystemLoginSession::bigint, null::bigint, null::varchar, null::timestamptz, null::timestamptz, null::varchar, varInstitutionBranchID::bigint, varBaseCurrencyID::bigint, 223000000000002::bigint, '+62 857-4118-8449'::varchar, NULL::varchar, 'Rafi Artman Siddiq'::varchar, '25000000000508'::bigint);
B44: 25000000000100 | C44: =IF(EXACT($B44, ""), "", IF((($B44 - MOD($B44, 1000000000000))/1000000000000)=25, CONCATENATE("Person - ", VLOOKUP($B44, [1]DataLookUp!$B$4:$C$2000, 2, FALSE)), IF((($B44 - MOD($B44, 1000000000000))/1000000000000)=124, CONCATENATE("Institution - ", VLOOKUP($B44, '[2]DataLookUp - InstitutionBranch'!$B$4:$C$2000, 2, FALSE)), ""))) -> Person - Deny Adi Purnama | D44: 223000000000002 | E44: =IF(EXACT($D44, ""), "", VLOOKUP($D44, 'REF - ContactNumberType'!$B$4:$C$10, 2, FALSE)) -> Mobile Phone | F44: +62 813-1846-0405 | H44: Deny Adi Purnama | J44: =J43 + IF(EXACT(K44, ""), 0, 1) -> 286000000000041 | K44: =IF(EXACT(F44, ""), "", CONCATENATE("PERFORM ""SchData-OLTP-Master"".""Func_TblContactNumber_SET""(varSystemLoginSession::bigint, null::bigint, null::varchar, null::timestamptz, null::timestamptz, null::varchar, varInstitutionBranchID::bigint, varBaseCurrencyID::bigint, ", IF(EXACT($D44, ""), "NULL", ""&$D44&""), "::bigint, ", IF(EXACT($F44, ""), "NULL", "'"&$F44&"'"), "::varchar, ", IF(EXACT($G44, ""), "NULL", "'"&$G44&"'"), "::varchar, ", IF(EXACT($H44, ""), "NULL", "'"&$H44&"'"), "::varchar, ", IF(EXACT($B44, ""), "NULL", "'"&$B44&"'"), "::bigint);")) -> PERFORM "SchData-OLTP-Master"."Func_TblContactNumber_SET"(varSystemLoginSession::bigint, null::bigint, null::varchar, null::timestamptz, null::timestamptz, null::varchar, varInstitutionBranchID::bigint, varBaseCurrencyID::bigint, 223000000000002::bigint, '+62 813-1846-0405'::varchar, NULL::varchar, 'Deny Adi Purnama'::varchar, '25000000000100'::bigint);
B45: 25000000000314 | C45: =IF(EXACT($B45, ""), "", IF((($B45 - MOD($B45, 1000000000000))/1000000000000)=25, CONCATENATE("Person - ", VLOOKUP($B45, [1]DataLookUp!$B$4:$C$2000, 2, FALSE)), IF((($B45 - MOD($B45, 1000000000000))/1000000000000)=124, CONCATENATE("Institution - ", VLOOKUP($B45, '[2]DataLookUp - InstitutionBranch'!$B$4:$C$2000, 2, FALSE)), ""))) -> Person - Nopitasari | D45: 223000000000002 | E45: =IF(EXACT($D45, ""), "", VLOOKUP($D45, 'REF - ContactNumberType'!$B$4:$C$10, 2, FALSE)) -> Mobile Phone | F45: +62 812-9586-6677 | H45: Nopitasari | J45: =J44 + IF(EXACT(K45, ""), 0, 1) -> 286000000000042 | K45: =IF(EXACT(F45, ""), "", CONCATENATE("PERFORM ""SchData-OLTP-Master"".""Func_TblContactNumber_SET""(varSystemLoginSession::bigint, null::bigint, null::varchar, null::timestamptz, null::timestamptz, null::varchar, varInstitutionBranchID::bigint, varBaseCurrencyID::bigint, ", IF(EXACT($D45, ""), "NULL", ""&$D45&""), "::bigint, ", IF(EXACT($F45, ""), "NULL", "'"&$F45&"'"), "::varchar, ", IF(EXACT($G45, ""), "NULL", "'"&$G45&"'"), "::varchar, ", IF(EXACT($H45, ""), "NULL", "'"&$H45&"'"), "::varchar, ", IF(EXACT($B45, ""), "NULL", "'"&$B45&"'"), "::bigint);")) -> PERFORM "SchData-OLTP-Master"."Func_TblContactNumber_SET"(varSystemLoginSession::bigint, null::bigint, null::varchar, null::timestamptz, null::timestamptz, null::varchar, varInstitutionBranchID::bigint, varBaseCurrencyID::bigint, 223000000000002::bigint, '+62 812-9586-6677'::varchar, NULL::varchar, 'Nopitasari'::varchar, '25000000000314'::bigint);
B46: 25000000000512 | C46: =IF(EXACT($B46, ""), "", IF((($B46 - MOD($B46, 1000000000000))/1000000000000)=25, CONCATENATE("Person - ", VLOOKUP($B46, [1]DataLookUp!$B$4:$C$2000, 2, FALSE)), IF((($B46 - MOD($B46, 1000000000000))/1000000000000)=124, CONCATENATE("Institution - ", VLOOKUP($B46, '[2]DataLookUp - InstitutionBranch'!$B$4:$C$2000, 2, FALSE)), ""))) -> Person - Agus Budi Setiawan | D46: 223000000000002 | E46: =IF(EXACT($D46, ""), "", VLOOKUP($D46, 'REF - ContactNumberType'!$B$4:$C$10, 2, FALSE)) -> Mobile Phone | F46: +62 821-2144-4989 | H46: Agus Budi Setiawan | J46: =J45 + IF(EXACT(K46, ""), 0, 1) -> 286000000000043 | K46: =IF(EXACT(F46, ""), "", CONCATENATE("PERFORM ""SchData-OLTP-Master"".""Func_TblContactNumber_SET""(varSystemLoginSession::bigint, null::bigint, null::varchar, null::timestamptz, null::timestamptz, null::varchar, varInstitutionBranchID::bigint, varBaseCurrencyID::bigint, ", IF(EXACT($D46, ""), "NULL", ""&$D46&""), "::bigint, ", IF(EXACT($F46, ""), "NULL", "'"&$F46&"'"), "::varchar, ", IF(EXACT($G46, ""), "NULL", "'"&$G46&"'"), "::varchar, ", IF(EXACT($H46, ""), "NULL", "'"&$H46&"'"), "::varchar, ", IF(EXACT($B46, ""), "NULL", "'"&$B46&"'"), "::bigint);")) -> PERFORM "SchData-OLTP-Master"."Func_TblContactNumber_SET"(varSystemLoginSession::bigint, null::bigint, null::varchar, null::timestamptz, null::timestamptz, null::varchar, varInstitutionBranchID::bigint, varBaseCurrencyID::bigint, 223000000000002::bigint, '+62 821-2144-4989'::varchar, NULL::varchar, 'Agus Budi Setiawan'::varchar, '25000000000512'::bigint);
B47: 25000000000471 | C47: =IF(EXACT($B47, ""), "", IF((($B47 - MOD($B47, 1000000000000))/1000000000000)=25, CONCATENATE("Person - ", VLOOKUP($B47, [1]DataLookUp!$B$4:$C$2000, 2, FALSE)), IF((($B47 - MOD($B47, 1000000000000))/1000000000000)=124, CONCATENATE("Institution - ", VLOOKUP($B47, '[2]DataLookUp - InstitutionBranch'!$B$4:$C$2000, 2, FALSE)), ""))) -> Person - Wendy Septiyan | D47: 223000000000002 | E47: =IF(EXACT($D47, ""), "", VLOOKUP($D47, 'REF - ContactNumberType'!$B$4:$C$10, 2, FALSE)) -> Mobile Phone | F47: +62 838-0664-3866 | H47: Wendy Septiyan | J47: =J46 + IF(EXACT(K47, ""), 0, 1) -> 286000000000044 | K47: =IF(EXACT(F47, ""), "", CONCATENATE("PERFORM ""SchData-OLTP-Master"".""Func_TblContactNumber_SET""(varSystemLoginSession::bigint, null::bigint, null::varchar, null::timestamptz, null::timestamptz, null::varchar, varInstitutionBranchID::bigint, varBaseCurrencyID::bigint, ", IF(EXACT($D47, ""), "NULL", ""&$D47&""), "::bigint, ", IF(EXACT($F47, ""), "NULL", "'"&$F47&"'"), "::varchar, ", IF(EXACT($G47, ""), "NULL", "'"&$G47&"'"), "::varchar, ", IF(EXACT($H47, ""), "NULL", "'"&$H47&"'"), "::varchar, ", IF(EXACT($B47, ""), "NULL", "'"&$B47&"'"), "::bigint);")) -> PERFORM "SchData-OLTP-Master"."Func_TblContactNumber_SET"(varSystemLoginSession::bigint, null::bigint, null::varchar, null::timestamptz, null::timestamptz, null::varchar, varInstitutionBranchID::bigint, varBaseCurrencyID::bigint, 223000000000002::bigint, '+62 838-0664-3866'::varchar, NULL::varchar, 'Wendy Septiyan'::varchar, '25000000000471'::bigint);
B48: 25000000000334 | C48: =IF(EXACT($B48, ""), "", IF((($B48 - MOD($B48, 1000000000000))/1000000000000)=25, CONCATENATE("Person - ", VLOOKUP($B48, [1]DataLookUp!$B$4:$C$2000, 2, FALSE)), IF((($B48 - MOD($B48, 1000000000000))/1000000000000)=124, CONCATENATE("Institution - ", VLOOKUP($B48, '[2]DataLookUp - InstitutionBranch'!$B$4:$C$2000, 2, FALSE)), ""))) -> Person - R. Lar Kumalaning Tresno | D48: 223000000000002 | E48: =IF(EXACT($D48, ""), "", VLOOKUP($D48, 'REF - ContactNumberType'!$B$4:$C$10, 2, FALSE)) -> Mobile Phone | F48: +62 856-9438-7250 | H48: R. Lar Kumalaning Tresno | J48: =J47 + IF(EXACT(K48, ""), 0, 1) -> 286000000000045 | K48: =IF(EXACT(F48, ""), "", CONCATENATE("PERFORM ""SchData-OLTP-Master"".""Func_TblContactNumber_SET""(varSystemLoginSession::bigint, null::bigint, null::varchar, null::timestamptz, null::timestamptz, null::varchar, varInstitutionBranchID::bigint, varBaseCurrencyID::bigint, ", IF(EXACT($D48, ""), "NULL", ""&$D48&""), "::bigint, ", IF(EXACT($F48, ""), "NULL", "'"&$F48&"'"), "::varchar, ", IF(EXACT($G48, ""), "NULL", "'"&$G48&"'"), "::varchar, ", IF(EXACT($H48, ""), "NULL", "'"&$H48&"'"), "::varchar, ", IF(EXACT($B48, ""), "NULL", "'"&$B48&"'"), "::bigint);")) -> PERFORM "SchData-OLTP-Master"."Func_TblContactNumber_SET"(varSystemLoginSession::bigint, null::bigint, null::varchar, null::timestamptz, null::timestamptz, null::varchar, varInstitutionBranchID::bigint, varBaseCurrencyID::bigint, 223000000000002::bigint, '+62 856-9438-7250'::varchar, NULL::varchar, 'R. Lar Kumalaning Tresno'::varchar, '25000000000334'::bigint);
B49: 25000000000183 | C49: =IF(EXACT($B49, ""), "", IF((($B49 - MOD($B49, 1000000000000))/1000000000000)=25, CONCATENATE("Person - ", VLOOKUP($B49, [1]DataLookUp!$B$4:$C$2000, 2, FALSE)), IF((($B49 - MOD($B49, 1000000000000))/1000000000000)=124, CONCATENATE("Institution - ", VLOOKUP($B49, '[2]DataLookUp - InstitutionBranch'!$B$4:$C$2000, 2, FALSE)), ""))) -> Person - Hendri Kustian | D49: 223000000000002 | E49: =IF(EXACT($D49, ""), "", VLOOKUP($D49, 'REF - ContactNumberType'!$B$4:$C$10, 2, FALSE)) -> Mobile Phone | F49: +62 813-8432-9270 | H49: Hendri Kustian | J49: =J48 + IF(EXACT(K49, ""), 0, 1) -> 286000000000046 | K49: =IF(EXACT(F49, ""), "", CONCATENATE("PERFORM ""SchData-OLTP-Master"".""Func_TblContactNumber_SET""(varSystemLoginSession::bigint, null::bigint, null::varchar, null::timestamptz, null::timestamptz, null::varchar, varInstitutionBranchID::bigint, varBaseCurrencyID::bigint, ", IF(EXACT($D49, ""), "NULL", ""&$D49&""), "::bigint, ", IF(EXACT($F49, ""), "NULL", "'"&$F49&"'"), "::varchar, ", IF(EXACT($G49, ""), "NULL", "'"&$G49&"'"), "::varchar, ", IF(EXACT($H49, ""), "NULL", "'"&$H49&"'"), "::varchar, ", IF(EXACT($B49, ""), "NULL", "'"&$B49&"'"), "::bigint);")) -> PERFORM "SchData-OLTP-Master"."Func_TblContactNumber_SET"(varSystemLoginSession::bigint, null::bigint, null::varchar, null::timestamptz, null::timestamptz, null::varchar, varInstitutionBranchID::bigint, varBaseCurrencyID::bigint, 223000000000002::bigint, '+62 813-8432-9270'::varchar, NULL::varchar, 'Hendri Kustian'::varchar, '25000000000183'::bigint);
B50: 25000000000388 | C50: =IF(EXACT($B50, ""), "", IF((($B50 - MOD($B50, 1000000000000))/1000000000000)=25, CONCATENATE("Person - ", VLOOKUP($B50, [1]DataLookUp!$B$4:$C$2000, 2, FALSE)), IF((($B50 - MOD($B50, 1000000000000))/1000000000000)=124, CONCATENATE("Institution - ", VLOOKUP($B50, '[2]DataLookUp - InstitutionBranch'!$B$4:$C$2000, 2, FALSE)), ""))) -> Person - Sarif Hidayatul Umah | D50: 223000000000002 | E50: =IF(EXACT($D50, ""), "", VLOOKUP($D50, 'REF - ContactNumberType'!$B$4:$C$10, 2, FALSE)) -> Mobile Phone | F50: +62 812-9912-9011 | H50: Sarif Hidayatul Umah | J50: =J49 + IF(EXACT(K50, ""), 0, 1) -> 286000000000047 | K50: =IF(EXACT(F50, ""), "", CONCATENATE("PERFORM ""SchData-OLTP-Master"".""Func_TblContactNumber_SET""(varSystemLoginSession::bigint, null::bigint, null::varchar, null::timestamptz, null::timestamptz, null::varchar, varInstitutionBranchID::bigint, varBaseCurrencyID::bigint, ", IF(EXACT($D50, ""), "NULL", ""&$D50&""), "::bigint, ", IF(EXACT($F50, ""), "NULL", "'"&$F50&"'"), "::varchar, ", IF(EXACT($G50, ""), "NULL", "'"&$G50&"'"), "::varchar, ", IF(EXACT($H50, ""), "NULL", "'"&$H50&"'"), "::varchar, ", IF(EXACT($B50, ""), "NULL", "'"&$B50&"'"), "::bigint);")) -> PERFORM "SchData-OLTP-Master"."Func_TblContactNumber_SET"(varSystemLoginSession::bigint, null::bigint, null::varchar, null::timestamptz, null::timestamptz, null::varchar, varInstitutionBranchID::bigint, varBaseCurrencyID::bigint, 223000000000002::bigint, '+62 812-9912-9011'::varchar, NULL::varchar, 'Sarif Hidayatul Umah'::varchar, '25000000000388'::bigint);
... B57: 25000000000519 | C57: =IF(EXACT($B57, ""), "", IF((($B57 - MOD($B57, 1000000000000))/1000000000000)=25, CONCATENATE("Person - ", VLOOKUP($B57, [1]DataLookUp!$B$4:$C$2000, 2, FALSE)), IF((($B57 - MOD($B57, 1000000000000))/1000000000000)=124, CONCATENATE("Institution - ", VLOOKUP($B57, '[2]DataLookUp - InstitutionBranch'!$B$4:$C$2000, 2, FALSE)), ""))) -> Person - Denny Achmad Ferlando | D57: 223000000000002 | E57: =IF(EXACT($D57, ""), "", VLOOKUP($D57, 'REF - ContactNumberType'!$B$4:$C$10, 2, FALSE)) -> Mobile Phone | F57: +62 877-8038-9758 | H57: Denny Achmad Ferlando | J57: =J56 + IF(EXACT(K57, ""), 0, 1) -> 286000000000054 | K57: =IF(EXACT(F57, ""), "", CONCATENATE("PERFORM ""SchData-OLTP-Master"".""Func_TblContactNumber_SET""(varSystemLoginSession::bigint, null::bigint, null::varchar, null::timestamptz, null::timestamptz, null::varchar, varInstitutionBranchID::bigint, varBaseCurrencyID::bigint, ", IF(EXACT($D57, ""), "NULL", ""&$D57&""), "::bigint, ", IF(EXACT($F57, ""), "NULL", "'"&$F57&"'"), "::varchar, ", IF(EXACT($G57, ""), "NULL", "'"&$G57&"'"), "::varchar, ", IF(EXACT($H57, ""), "NULL", "'"&$H57&"'"), "::varchar, ", IF(EXACT($B57, ""), "NULL", "'"&$B57&"'"), "::bigint);")) -> PERFORM "SchData-OLTP-Master"."Func_TblContactNumber_SET"(varSystemLoginSession::bigint, null::bigint, null::varchar, null::timestamptz, null::timestamptz, null::varchar, varInstitutionBranchID::bigint, varBaseCurrencyID::bigint, 223000000000002::bigint, '+62 877-8038-9758'::varchar, NULL::varchar, 'Denny Achmad Ferlando'::varchar, '25000000000519'::bigint);
C58: =IF(EXACT($B58, ""), "", IF((($B58 - MOD($B58, 1000000000000))/1000000000000)=25, CONCATENATE("Person - ", VLOOKUP($B58, [1]DataLookUp!$B$4:$C$2000, 2, FALSE)), IF((($B58 - MOD($B58, 1000000000000))/1000000000000)=124, CONCATENATE("Institution - ", VLOOKUP($B58, '[2]DataLookUp - InstitutionBranch'!$B$4:$C$2000, 2, FALSE)), ""))) | D58: 223000000000002 | E58: =IF(EXACT($D58, ""), "", VLOOKUP($D58, 'REF - ContactNumberType'!$B$4:$C$10, 2, FALSE)) -> Mobile Phone | F58: +62 821-1399-1950 | H58: Azis Purwadana | J58: =J57 + IF(EXACT(K58, ""), 0, 1) -> 286000000000055 | K58: =IF(EXACT(F58, ""), "", CONCATENATE("PERFORM ""SchData-OLTP-Master"".""Func_TblContactNumber_SET""(varSystemLoginSession::bigint, null::bigint, null::varchar, null::timestamptz, null::timestamptz, null::varchar, varInstitutionBranchID::bigint, varBaseCurrencyID::bigint, ", IF(EXACT($D58, ""), "NULL", ""&$D58&""), "::bigint, ", IF(EXACT($F58, ""), "NULL", "'"&$F58&"'"), "::varchar, ", IF(EXACT($G58, ""), "NULL", "'"&$G58&"'"), "::varchar, ", IF(EXACT($H58, ""), "NULL", "'"&$H58&"'"), "::varchar, ", IF(EXACT($B58, ""), "NULL", "'"&$B58&"'"), "::bigint);")) -> PERFORM "SchData-OLTP-Master"."Func_TblContactNumber_SET"(varSystemLoginSession::bigint, null::bigint, null::varchar, null::timestamptz, null::timestamptz, null::varchar, varInstitutionBranchID::bigint, varBaseCurrencyID::bigint, 223000000000002::bigint, '+62 821-1399-1950'::varchar, NULL::varchar, 'Azis Purwadana'::varchar, NULL::bigint);
B59: 25000000000325 | C59: =IF(EXACT($B59, ""), "", IF((($B59 - MOD($B59, 1000000000000))/1000000000000)=25, CONCATENATE("Person - ", VLOOKUP($B59, [1]DataLookUp!$B$4:$C$2000, 2, FALSE)), IF((($B59 - MOD($B59, 1000000000000))/1000000000000)=124, CONCATENATE("Institution - ", VLOOKUP($B59, '[2]DataLookUp - InstitutionBranch'!$B$4:$C$2000, 2, FALSE)), ""))) -> Person - Panca Yudi Baskoro | D59: 223000000000002 | E59: =IF(EXACT($D59, ""), "", VLOOKUP($D59, 'REF - ContactNumberType'!$B$4:$C$10, 2, FALSE)) -> Mobile Phone | F59: +62 813-8643-5585 | H59: Panca Yudi Baskoro | J59: =J58 + IF(EXACT(K59, ""), 0, 1) -> 286000000000056 | K59: =IF(EXACT(F59, ""), "", CONCATENATE("PERFORM ""SchData-OLTP-Master"".""Func_TblContactNumber_SET""(varSystemLoginSession::bigint, null::bigint, null::varchar, null::timestamptz, null::timestamptz, null::varchar, varInstitutionBranchID::bigint, varBaseCurrencyID::bigint, ", IF(EXACT($D59, ""), "NULL", ""&$D59&""), "::bigint, ", IF(EXACT($F59, ""), "NULL", "'"&$F59&"'"), "::varchar, ", IF(EXACT($G59, ""), "NULL", "'"&$G59&"'"), "::varchar, ", IF(EXACT($H59, ""), "NULL", "'"&$H59&"'"), "::varchar, ", IF(EXACT($B59, ""), "NULL", "'"&$B59&"'"), "::bigint);")) -> PERFORM "SchData-OLTP-Master"."Func_TblContactNumber_SET"(varSystemLoginSession::bigint, null::bigint, null::varchar, null::timestamptz, null::timestamptz, null::varchar, varInstitutionBranchID::bigint, varBaseCurrencyID::bigint, 223000000000002::bigint, '+62 813-8643-5585'::varchar, NULL::varchar, 'Panca Yudi Baskoro'::varchar, '25000000000325'::bigint);
B60: 25000000000474 | C60: =IF(EXACT($B60, ""), "", IF((($B60 - MOD($B60, 1000000000000))/1000000000000)=25, CONCATENATE("Person - ", VLOOKUP($B60, [1]DataLookUp!$B$4:$C$2000, 2, FALSE)), IF((($B60 - MOD($B60, 1000000000000))/1000000000000)=124, CONCATENATE("Institution - ", VLOOKUP($B60, '[2]DataLookUp - InstitutionBranch'!$B$4:$C$2000, 2, FALSE)), ""))) -> Person - Wisnu Ardian | D60: 223000000000002 | E60: =IF(EXACT($D60, ""), "", VLOOKUP($D60, 'REF - ContactNumberType'!$B$4:$C$10, 2, FALSE)) -> Mobile Phone | F60: +62 813-8600-7788 | H60: Wisnu Ardian | J60: =J59 + IF(EXACT(K60, ""), 0, 1) -> 286000000000057 | K60: =IF(EXACT(F60, ""), "", CONCATENATE("PERFORM ""SchData-OLTP-Master"".""Func_TblContactNumber_SET""(varSystemLoginSession::bigint, null::bigint, null::varchar, null::timestamptz, null::timestamptz, null::varchar, varInstitutionBranchID::bigint, varBaseCurrencyID::bigint, ", IF(EXACT($D60, ""), "NULL", ""&$D60&""), "::bigint, ", IF(EXACT($F60, ""), "NULL", "'"&$F60&"'"), "::varchar, ", IF(EXACT($G60, ""), "NULL", "'"&$G60&"'"), "::varchar, ", IF(EXACT($H60, ""), "NULL", "'"&$H60&"'"), "::varchar, ", IF(EXACT($B60, ""), "NULL", "'"&$B60&"'"), "::bigint);")) -> PERFORM "SchData-OLTP-Master"."Func_TblContactNumber_SET"(varSystemLoginSession::bigint, null::bigint, null::varchar, null::timestamptz, null::timestamptz, null::varchar, varInstitutionBranchID::bigint, varBaseCurrencyID::bigint, 223000000000002::bigint, '+62 813-8600-7788'::varchar, NULL::varchar, 'Wisnu Ardian'::varchar, '25000000000474'::bigint);
C61: =IF(EXACT($B61, ""), "", IF((($B61 - MOD($B61, 1000000000000))/1000000000000)=25, CONCATENATE("Person - ", VLOOKUP($B61, [1]DataLookUp!$B$4:$C$2000, 2, FALSE)), IF((($B61 - MOD($B61, 1000000000000))/1000000000000)=124, CONCATENATE("Institution - ", VLOOKUP($B61, '[2]DataLookUp - InstitutionBranch'!$B$4:$C$2000, 2, FALSE)), ""))) | D61: 223000000000002 | E61: =IF(EXACT($D61, ""), "", VLOOKUP($D61, 'REF - ContactNumberType'!$B$4:$C$10, 2, FALSE)) -> Mobile Phone | F61: +62 813-1016-7838 | H61: H.T Assubki Ismail | J61: =J60 + IF(EXACT(K61, ""), 0, 1) -> 286000000000058 | K61: =IF(EXACT(F61, ""), "", CONCATENATE("PERFORM ""SchData-OLTP-Master"".""Func_TblContactNumber_SET""(varSystemLoginSession::bigint, null::bigint, null::varchar, null::timestamptz, null::timestamptz, null::varchar, varInstitutionBranchID::bigint, varBaseCurrencyID::bigint, ", IF(EXACT($D61, ""), "NULL", ""&$D61&""), "::bigint, ", IF(EXACT($F61, ""), "NULL", "'"&$F61&"'"), "::varchar, ", IF(EXACT($G61, ""), "NULL", "'"&$G61&"'"), "::varchar, ", IF(EXACT($H61, ""), "NULL", "'"&$H61&"'"), "::varchar, ", IF(EXACT($B61, ""), "NULL", "'"&$B61&"'"), "::bigint);")) -> PERFORM "SchData-OLTP-Master"."Func_TblContactNumber_SET"(varSystemLoginSession::bigint, null::bigint, null::varchar, null::timestamptz, null::timestamptz, null::varchar, varInstitutionBranchID::bigint, varBaseCurrencyID::bigint, 223000000000002::bigint, '+62 813-1016-7838'::varchar, NULL::varchar, 'H.T Assubki Ismail'::varchar, NULL::bigint);
B62: 25000000000537 | C62: =IF(EXACT($B62, ""), "", IF((($B62 - MOD($B62, 1000000000000))/1000000000000)=25, CONCATENATE("Person - ", VLOOKUP($B62, [1]DataLookUp!$B$4:$C$2000, 2, FALSE)), IF((($B62 - MOD($B62, 1000000000000))/1000000000000)=124, CONCATENATE("Institution - ", VLOOKUP($B62, '[2]DataLookUp - InstitutionBranch'!$B$4:$C$2000, 2, FALSE)), ""))) -> Person - Rizal Amri | D62: 223000000000002 | E62: =IF(EXACT($D62, ""), "", VLOOKUP($D62, 'REF - ContactNumberType'!$B$4:$C$10, 2, FALSE)) -> Mobile Phone | F62: +62 812-2420-8139 | H62: Rizal Amri | J62: =J61 + IF(EXACT(K62, ""), 0, 1) -> 286000000000059 | K62: =IF(EXACT(F62, ""), "", CONCATENATE("PERFORM ""SchData-OLTP-Master"".""Func_TblContactNumber_SET""(varSystemLoginSession::bigint, null::bigint, null::varchar, null::timestamptz, null::timestamptz, null::varchar, varInstitutionBranchID::bigint, varBaseCurrencyID::bigint, ", IF(EXACT($D62, ""), "NULL", ""&$D62&""), "::bigint, ", IF(EXACT($F62, ""), "NULL", "'"&$F62&"'"), "::varchar, ", IF(EXACT($G62, ""), "NULL", "'"&$G62&"'"), "::varchar, ", IF(EXACT($H62, ""), "NULL", "'"&$H62&"'"), "::varchar, ", IF(EXACT($B62, ""), "NULL", "'"&$B62&"'"), "::bigint);")) -> PERFORM "SchData-OLTP-Master"."Func_TblContactNumber_SET"(varSystemLoginSession::bigint, null::bigint, null::varchar, null::timestamptz, null::timestamptz, null::varchar, varInstitutionBranchID::bigint, varBaseCurrencyID::bigint, 223000000000002::bigint, '+62 812-2420-8139'::varchar, NULL::varchar, 'Rizal Amri'::varchar, '25000000000537'::bigint);
C63: =IF(EXACT($B63, ""), "", IF((($B63 - MOD($B63, 1000000000000))/1000000000000)=25, CONCATENATE("Person - ", VLOOKUP($B63, [1]DataLookUp!$B$4:$C$2000, 2, FALSE)), IF((($B63 - MOD($B63, 1000000000000))/1000000000000)=124, CONCATENATE("Institution - ", VLOOKUP($B63, '[2]DataLookUp - InstitutionBranch'!$B$4:$C$2000, 2, FALSE)), ""))) | D63: 223000000000002 | E63: =IF(EXACT($D63, ""), "", VLOOKUP($D63, 'REF - ContactNumberType'!$B$4:$C$10, 2, FALSE)) -> Mobile Phone | F63: +62 813-9855-7959 | H63: Kurnia Fitriastuti | J63: =J62 + IF(EXACT(K63, ""), 0, 1) -> 286000000000060 | K63: =IF(EXACT(F63, ""), "", CONCATENATE("PERFORM ""SchData-OLTP-Master"".""Func_TblContactNumber_SET""(varSystemLoginSession::bigint, null::bigint, null::varchar, null::timestamptz, null::timestamptz, null::varchar, varInstitutionBranchID::bigint, varBaseCurrencyID::bigint, ", IF(EXACT($D63, ""), "NULL", ""&$D63&""), "::bigint, ", IF(EXACT($F63, ""), "NULL", "'"&$F63&"'"), "::varchar, ", IF(EXACT($G63, ""), "NULL", "'"&$G63&"'"), "::varchar, ", IF(EXACT($H63, ""), "NULL", "'"&$H63&"'"), "::varchar, ", IF(EXACT($B63, ""), "NULL", "'"&$B63&"'"), "::bigint);")) -> PERFORM "SchData-OLTP-Master"."Func_TblContactNumber_SET"(varSystemLoginSession::bigint, null::bigint, null::varchar, null::timestamptz, null::timestamptz, null::varchar, varInstitutionBranchID::bigint, varBaseCurrencyID::bigint, 223000000000002::bigint, '+62 813-9855-7959'::varchar, NULL::varchar, 'Kurnia Fitriastuti'::varchar, NULL::bigint);
B64: 25000000000159 | C64: =IF(EXACT($B64, ""), "", IF((($B64 - MOD($B64, 1000000000000))/1000000000000)=25, CONCATENATE("Person - ", VLOOKUP($B64, [1]DataLookUp!$B$4:$C$2000, 2, FALSE)), IF((($B64 - MOD($B64, 1000000000000))/1000000000000)=124, CONCATENATE("Institution - ", VLOOKUP($B64, '[2]DataLookUp - InstitutionBranch'!$B$4:$C$2000, 2, FALSE)), ""))) -> Person - Frando Judi Siahaan | D64: 223000000000002 | E64: =IF(EXACT($D64, ""), "", VLOOKUP($D64, 'REF - ContactNumberType'!$B$4:$C$10, 2, FALSE)) -> Mobile Phone | F64: +62 853-7140-4163 | H64: Frando Judi Siahaan | J64: =J63 + IF(EXACT(K64, ""), 0, 1) -> 286000000000061 | K64: =IF(EXACT(F64, ""), "", CONCATENATE("PERFORM ""SchData-OLTP-Master"".""Func_TblContactNumber_SET""(varSystemLoginSession::bigint, null::bigint, null::varchar, null::timestamptz, null::timestamptz, null::varchar, varInstitutionBranchID::bigint, varBaseCurrencyID::bigint, ", IF(EXACT($D64, ""), "NULL", ""&$D64&""), "::bigint, ", IF(EXACT($F64, ""), "NULL", "'"&$F64&"'"), "::varchar, ", IF(EXACT($G64, ""), "NULL", "'"&$G64&"'"), "::varchar, ", IF(EXACT($H64, ""), "NULL", "'"&$H64&"'"), "::varchar, ", IF(EXACT($B64, ""), "NULL", "'"&$B64&"'"), "::bigint);")) -> PERFORM "SchData-OLTP-Master"."Func_TblContactNumber_SET"(varSystemLoginSession::bigint, null::bigint, null::varchar, null::timestamptz, null::timestamptz, null::varchar, varInstitutionBranchID::bigint, varBaseCurrencyID::bigint, 223000000000002::bigint, '+62 853-7140-4163'::varchar, NULL::varchar, 'Frando Judi Siahaan'::varchar, '25000000000159'::bigint);
B65: 25000000000330 | C65: =IF(EXACT($B65, ""), "", IF((($B65 - MOD($B65, 1000000000000))/1000000000000)=25, CONCATENATE("Person - ", VLOOKUP($B65, [1]DataLookUp!$B$4:$C$2000, 2, FALSE)), IF((($B65 - MOD($B65, 1000000000000))/1000000000000)=124, CONCATENATE("Institution - ", VLOOKUP($B65, '[2]DataLookUp - InstitutionBranch'!$B$4:$C$2000, 2, FALSE)), ""))) -> Person - Prayanti Dewi Anggraini | D65: 223000000000002 | E65: =IF(EXACT($D65, ""), "", VLOOKUP($D65, 'REF - ContactNumberType'!$B$4:$C$10, 2, FALSE)) -> Mobile Phone | F65: +62 812-6807-4074 | H65: Prayanti Dewi Anggraini | J65: =J64 + IF(EXACT(K65, ""), 0, 1) -> 286000000000062 | K65: =IF(EXACT(F65, ""), "", CONCATENATE("PERFORM ""SchData-OLTP-Master"".""Func_TblContactNumber_SET""(varSystemLoginSession::bigint, null::bigint, null::varchar, null::timestamptz, null::timestamptz, null::varchar, varInstitutionBranchID::bigint, varBaseCurrencyID::bigint, ", IF(EXACT($D65, ""), "NULL", ""&$D65&""), "::bigint, ", IF(EXACT($F65, ""), "NULL", "'"&$F65&"'"), "::varchar, ", IF(EXACT($G65, ""), "NULL", "'"&$G65&"'"), "::varchar, ", IF(EXACT($H65, ""), "NULL", "'"&$H65&"'"), "::varchar, ", IF(EXACT($B65, ""), "NULL", "'"&$B65&"'"), "::bigint);")) -> PERFORM "SchData-OLTP-Master"."Func_TblContactNumber_SET"(varSystemLoginSession::bigint, null::bigint, null::varchar, null::timestamptz, null::timestamptz, null::varchar, varInstitutionBranchID::bigint, varBaseCurrencyID::bigint, 223000000000002::bigint, '+62 812-6807-4074'::varchar, NULL::varchar, 'Prayanti Dewi Anggraini'::varchar, '25000000000330'::bigint);
B66: 25000000000015 | C66: =IF(EXACT($B66, ""), "", IF((($B66 - MOD($B66, 1000000000000))/1000000000000)=25, CONCATENATE("Person - ", VLOOKUP($B66, [1]DataLookUp!$B$4:$C$2000, 2, FALSE)), IF((($B66 - MOD($B66, 1000000000000))/1000000000000)=124, CONCATENATE("Institution - ", VLOOKUP($B66, '[2]DataLookUp - InstitutionBranch'!$B$4:$C$2000, 2, FALSE)), ""))) -> Person - Agus Salim | D66: 223000000000002 | E66: =IF(EXACT($D66, ""), "", VLOOKUP($D66, 'REF - ContactNumberType'!$B$4:$C$10, 2, FALSE)) -> Mobile Phone | F66: +62 857-7598-7323 | H66: Agus Salim | J66: =J65 + IF(EXACT(K66, ""), 0, 1) -> 286000000000063 | K66: =IF(EXACT(F66, ""), "", CONCATENATE("PERFORM ""SchData-OLTP-Master"".""Func_TblContactNumber_SET""(varSystemLoginSession::bigint, null::bigint, null::varchar, null::timestamptz, null::timestamptz, null::varchar, varInstitutionBranchID::bigint, varBaseCurrencyID::bigint, ", IF(EXACT($D66, ""), "NULL", ""&$D66&""), "::bigint, ", IF(EXACT($F66, ""), "NULL", "'"&$F66&"'"), "::varchar, ", IF(EXACT($G66, ""), "NULL", "'"&$G66&"'"), "::varchar, ", IF(EXACT($H66, ""), "NULL", "'"&$H66&"'"), "::varchar, ", IF(EXACT($B66, ""), "NULL", "'"&$B66&"'"), "::bigint);")) -> PERFORM "SchData-OLTP-Master"."Func_TblContactNumber_SET"(varSystemLoginSession::bigint, null::bigint, null::varchar, null::timestamptz, null::timestamptz, null::varchar, varInstitutionBranchID::bigint, varBaseCurrencyID::bigint, 223000000000002::bigint, '+62 857-7598-7323'::varchar, NULL::varchar, 'Agus Salim'::varchar, '25000000000015'::bigint);
C67: =IF(EXACT($B67, ""), "", IF((($B67 - MOD($B67, 1000000000000))/1000000000000)=25, CONCATENATE("Person - ", VLOOKUP($B67, [1]DataLookUp!$B$4:$C$2000, 2, FALSE)), IF((($B67 - MOD($B67, 1000000000000))/1000000000000)=124, CONCATENATE("Institution - ", VLOOKUP($B67, '[2]DataLookUp - InstitutionBranch'!$B$4:$C$2000, 2, FALSE)), ""))) | D67: 223000000000002 | E67: =IF(EXACT($D67, ""), "", VLOOKUP($D67, 'REF - ContactNumberType'!$B$4:$C$10, 2, FALSE)) -> Mobile Phone | F67: +62 822-5538-5557 | H67: Ilham | J67: =J66 + IF(EXACT(K67, ""), 0, 1) -> 286000000000064 | K67: =IF(EXACT(F67, ""), "", CONCATENATE("PERFORM ""SchData-OLTP-Master"".""Func_TblContactNumber_SET""(varSystemLoginSession::bigint, null::bigint, null::varchar, null::timestamptz, null::timestamptz, null::varchar, varInstitutionBranchID::bigint, varBaseCurrencyID::bigint, ", IF(EXACT($D67, ""), "NULL", ""&$D67&""), "::bigint, ", IF(EXACT($F67, ""), "NULL", "'"&$F67&"'"), "::varchar, ", IF(EXACT($G67, ""), "NULL", "'"&$G67&"'"), "::varchar, ", IF(EXACT($H67, ""), "NULL", "'"&$H67&"'"), "::varchar, ", IF(EXACT($B67, ""), "NULL", "'"&$B67&"'"), "::bigint);")) -> PERFORM "SchData-OLTP-Master"."Func_TblContactNumber_SET"(varSystemLoginSession::bigint, null::bigint, null::varchar, null::timestamptz, null::timestamptz, null::varchar, varInstitutionBranchID::bigint, varBaseCurrencyID::bigint, 223000000000002::bigint, '+62 822-5538-5557'::varchar, NULL::varchar, 'Ilham'::varchar, NULL::bigint);
B68: 25000000000039 | C68: =IF(EXACT($B68, ""), "", IF((($B68 - MOD($B68, 1000000000000))/1000000000000)=25, CONCATENATE("Person - ", VLOOKUP($B68, [1]DataLookUp!$B$4:$C$2000, 2, FALSE)), IF((($B68 - MOD($B68, 1000000000000))/1000000000000)=124, CONCATENATE("Institution - ", VLOOKUP($B68, '[2]DataLookUp - InstitutionBranch'!$B$4:$C$2000, 2, FALSE)), ""))) -> Person - Annisa Dewi Arumsari | D68: 223000000000002 | E68: =IF(EXACT($D68, ""), "", VLOOKUP($D68, 'REF - ContactNumberType'!$B$4:$C$10, 2, FALSE)) -> Mobile Phone | F68: +62 812-9949-5209 | H68: Annisa Dewi Arumsari | J68: =J67 + IF(EXACT(K68, ""), 0, 1) -> 286000000000065 | K68: =IF(EXACT(F68, ""), "", CONCATENATE("PERFORM ""SchData-OLTP-Master"".""Func_TblContactNumber_SET""(varSystemLoginSession::bigint, null::bigint, null::varchar, null::timestamptz, null::timestamptz, null::varchar, varInstitutionBranchID::bigint, varBaseCurrencyID::bigint, ", IF(EXACT($D68, ""), "NULL", ""&$D68&""), "::bigint, ", IF(EXACT($F68, ""), "NULL", "'"&$F68&"'"), "::varchar, ", IF(EXACT($G68, ""), "NULL", "'"&$G68&"'"), "::varchar, ", IF(EXACT($H68, ""), "NULL", "'"&$H68&"'"), "::varchar, ", IF(EXACT($B68, ""), "NULL", "'"&$B68&"'"), "::bigint);")) -> PERFORM "SchData-OLTP-Master"."Func_TblContactNumber_SET"(varSystemLoginSession::bigint, null::bigint, null::varchar, null::timestamptz, null::timestamptz, null::varchar, varInstitutionBranchID::bigint, varBaseCurrencyID::bigint, 223000000000002::bigint, '+62 812-9949-5209'::varchar, NULL::varchar, 'Annisa Dewi Arumsari'::varchar, '25000000000039'::bigint);
B69: 25000000000514 | C69: =IF(EXACT($B69, ""), "", IF((($B69 - MOD($B69, 1000000000000))/1000000000000)=25, CONCATENATE("Person - ", VLOOKUP($B69, [1]DataLookUp!$B$4:$C$2000, 2, FALSE)), IF((($B69 - MOD($B69, 1000000000000))/1000000000000)=124, CONCATENATE("Institution - ", VLOOKUP($B69, '[2]DataLookUp - InstitutionBranch'!$B$4:$C$2000, 2, FALSE)), ""))) -> Person - Achmad Yunadi | D69: 223000000000002 | E69: =IF(EXACT($D69, ""), "", VLOOKUP($D69, 'REF - ContactNumberType'!$B$4:$C$10, 2, FALSE)) -> Mobile Phone | F69: +62 812-9849-4325 | H69: Achmad Yunadi | J69: =J68 + IF(EXACT(K69, ""), 0, 1) -> 286000000000066 | K69: =IF(EXACT(F69, ""), "", CONCATENATE("PERFORM ""SchData-OLTP-Master"".""Func_TblContactNumber_SET""(varSystemLoginSession::bigint, null::bigint, null::varchar, null::timestamptz, null::timestamptz, null::varchar, varInstitutionBranchID::bigint, varBaseCurrencyID::bigint, ", IF(EXACT($D69, ""), "NULL", ""&$D69&""), "::bigint, ", IF(EXACT($F69, ""), "NULL", "'"&$F69&"'"), "::varchar, ", IF(EXACT($G69, ""), "NULL", "'"&$G69&"'"), "::varchar, ", IF(EXACT($H69, ""), "NULL", "'"&$H69&"'"), "::varchar, ", IF(EXACT($B69, ""), "NULL", "'"&$B69&"'"), "::bigint);")) -> PERFORM "SchData-OLTP-Master"."Func_TblContactNumber_SET"(varSystemLoginSession::bigint, null::bigint, null::varchar, null::timestamptz, null::timestamptz, null::varchar, varInstitutionBranchID::bigint, varBaseCurrencyID::bigint, 223000000000002::bigint, '+62 812-9849-4325'::varchar, NULL::varchar, 'Achmad Yunadi'::varchar, '25000000000514'::bigint);
B70: 25000000000467 | C70: =IF(EXACT($B70, ""), "", IF((($B70 - MOD($B70, 1000000000000))/1000000000000)=25, CONCATENATE("Person - ", VLOOKUP($B70, [1]DataLookUp!$B$4:$C$2000, 2, FALSE)), IF((($B70 - MOD($B70, 1000000000000))/1000000000000)=124, CONCATENATE("Institution - ", VLOOKUP($B70, '[2]DataLookUp - InstitutionBranch'!$B$4:$C$2000, 2, FALSE)), ""))) -> Person - Wahyu Ramadhani | D70: 223000000000002 | E70: =IF(EXACT($D70, ""), "", VLOOKUP($D70, 'REF - ContactNumberType'!$B$4:$C$10, 2, FALSE)) -> Mobile Phone | F70: +62 812-8954-4005 | H70: Wahyu Ramadhani | J70: =J69 + IF(EXACT(K70, ""), 0, 1) -> 286000000000067 | K70: =IF(EXACT(F70, ""), "", CONCATENATE("PERFORM ""SchData-OLTP-Master"".""Func_TblContactNumber_SET""(varSystemLoginSession::bigint, null::bigint, null::varchar, null::timestamptz, null::timestamptz, null::varchar, varInstitutionBranchID::bigint, varBaseCurrencyID::bigint, ", IF(EXACT($D70, ""), "NULL", ""&$D70&""), "::bigint, ", IF(EXACT($F70, ""), "NULL", "'"&$F70&"'"), "::varchar, ", IF(EXACT($G70, ""), "NULL", "'"&$G70&"'"), "::varchar, ", IF(EXACT($H70, ""), "NULL", "'"&$H70&"'"), "::varchar, ", IF(EXACT($B70, ""), "NULL", "'"&$B70&"'"), "::bigint);")) -> PERFORM "SchData-OLTP-Master"."Func_TblContactNumber_SET"(varSystemLoginSession::bigint, null::bigint, null::varchar, null::timestamptz, null::timestamptz, null::varchar, varInstitutionBranchID::bigint, varBaseCurrencyID::bigint, 223000000000002::bigint, '+62 812-8954-4005'::varchar, NULL::varchar, 'Wahyu Ramadhani'::varchar, '25000000000467'::bigint);
C71: =IF(EXACT($B71, ""), "", IF((($B71 - MOD($B71, 1000000000000))/1000000000000)=25, CONCATENATE("Person - ", VLOOKUP($B71, [1]DataLookUp!$B$4:$C$2000, 2, FALSE)), IF((($B71 - MOD($B71, 1000000000000))/1000000000000)=124, CONCATENATE("Institution - ", VLOOKUP($B71, '[2]DataLookUp - InstitutionBranch'!$B$4:$C$2000, 2, FALSE)), ""))) | D71: 223000000000002 | E71: =IF(EXACT($D71, ""), "", VLOOKUP($D71, 'REF - ContactNumberType'!$B$4:$C$10, 2, FALSE)) -> Mobile Phone | F71: +62 821-3029-5392 | H71: Dedi Rohman | J71: =J70 + IF(EXACT(K71, ""), 0, 1) -> 286000000000068 | K71: =IF(EXACT(F71, ""), "", CONCATENATE("PERFORM ""SchData-OLTP-Master"".""Func_TblContactNumber_SET""(varSystemLoginSession::bigint, null::bigint, null::varchar, null::timestamptz, null::timestamptz, null::varchar, varInstitutionBranchID::bigint, varBaseCurrencyID::bigint, ", IF(EXACT($D71, ""), "NULL", ""&$D71&""), "::bigint, ", IF(EXACT($F71, ""), "NULL", "'"&$F71&"'"), "::varchar, ", IF(EXACT($G71, ""), "NULL", "'"&$G71&"'"), "::varchar, ", IF(EXACT($H71, ""), "NULL", "'"&$H71&"'"), "::varchar, ", IF(EXACT($B71, ""), "NULL", "'"&$B71&"'"), "::bigint);")) -> PERFORM "SchData-OLTP-Master"."Func_TblContactNumber_SET"(varSystemLoginSession::bigint, null::bigint, null::varchar, null::timestamptz, null::timestamptz, null::varchar, varInstitutionBranchID::bigint, varBaseCurrencyID::bigint, 223000000000002::bigint, '+62 821-3029-5392'::varchar, NULL::varchar, 'Dedi Rohman'::varchar, NULL::bigint);
C72: =IF(EXACT($B72, ""), "", IF((($B72 - MOD($B72, 1000000000000))/1000000000000)=25, CONCATENATE("Person - ", VLOOKUP($B72, [1]DataLookUp!$B$4:$C$2000, 2, FALSE)), IF((($B72 - MOD($B72, 1000000000000))/1000000000000)=124, CONCATENATE("Institution - ", VLOOKUP($B72, '[2]DataLookUp - InstitutionBranch'!$B$4:$C$2000, 2, FALSE)), ""))) | D72: 223000000000002 | E72: =IF(EXACT($D72, ""), "", VLOOKUP($D72, 'REF - ContactNumberType'!$B$4:$C$10, 2, FALSE)) -> Mobile Phone | F72: +62 813-3218-1409 | H72: Abd Samad | J72: =J71 + IF(EXACT(K72, ""), 0, 1) -> 286000000000069 | K72: =IF(EXACT(F72, ""), "", CONCATENATE("PERFORM ""SchData-OLTP-Master"".""Func_TblContactNumber_SET""(varSystemLoginSession::bigint, null::bigint, null::varchar, null::timestamptz, null::timestamptz, null::varchar, varInstitutionBranchID::bigint, varBaseCurrencyID::bigint, ", IF(EXACT($D72, ""), "NULL", ""&$D72&""), "::bigint, ", IF(EXACT($F72, ""), "NULL", "'"&$F72&"'"), "::varchar, ", IF(EXACT($G72, ""), "NULL", "'"&$G72&"'"), "::varchar, ", IF(EXACT($H72, ""), "NULL", "'"&$H72&"'"), "::varchar, ", IF(EXACT($B72, ""), "NULL", "'"&$B72&"'"), "::bigint);")) -> PERFORM "SchData-OLTP-Master"."Func_TblContactNumber_SET"(varSystemLoginSession::bigint, null::bigint, null::varchar, null::timestamptz, null::timestamptz, null::varchar, varInstitutionBranchID::bigint, varBaseCurrencyID::bigint, 223000000000002::bigint, '+62 813-3218-1409'::varchar, NULL::varchar, 'Abd Samad'::varchar, NULL::bigint);
B73: 25000000000019 | C73: =IF(EXACT($B73, ""), "", IF((($B73 - MOD($B73, 1000000000000))/1000000000000)=25, CONCATENATE("Person - ", VLOOKUP($B73, [1]DataLookUp!$B$4:$C$2000, 2, FALSE)), IF((($B73 - MOD($B73, 1000000000000))/1000000000000)=124, CONCATENATE("Institution - ", VLOOKUP($B73, '[2]DataLookUp - InstitutionBranch'!$B$4:$C$2000, 2, FALSE)), ""))) -> Person - Ahmad Syaifulloh | D73: 223000000000002 | E73: =IF(EXACT($D73, ""), "", VLOOKUP($D73, 'REF - ContactNumberType'!$B$4:$C$10, 2, FALSE)) -> Mobile Phone | F73: +62 813-8425-5855 | H73: Ahmad Syaifulloh | J73: =J72 + IF(EXACT(K73, ""), 0, 1) -> 286000000000070 | K73: =IF(EXACT(F73, ""), "", CONCATENATE("PERFORM ""SchData-OLTP-Master"".""Func_TblContactNumber_SET""(varSystemLoginSession::bigint, null::bigint, null::varchar, null::timestamptz, null::timestamptz, null::varchar, varInstitutionBranchID::bigint, varBaseCurrencyID::bigint, ", IF(EXACT($D73, ""), "NULL", ""&$D73&""), "::bigint, ", IF(EXACT($F73, ""), "NULL", "'"&$F73&"'"), "::varchar, ", IF(EXACT($G73, ""), "NULL", "'"&$G73&"'"), "::varchar, ", IF(EXACT($H73, ""), "NULL", "'"&$H73&"'"), "::varchar, ", IF(EXACT($B73, ""), "NULL", "'"&$B73&"'"), "::bigint);")) -> PERFORM "SchData-OLTP-Master"."Func_TblContactNumber_SET"(varSystemLoginSession::bigint, null::bigint, null::varchar, null::timestamptz, null::timestamptz, null::varchar, varInstitutionBranchID::bigint, varBaseCurrencyID::bigint, 223000000000002::bigint, '+62 813-8425-5855'::varchar, NULL::varchar, 'Ahmad Syaifulloh'::varchar, '25000000000019'::bigint);
B74: 25000000000522 | C74: =IF(EXACT($B74, ""), "", IF((($B74 - MOD($B74, 1000000000000))/1000000000000)=25, CONCATENATE("Person - ", VLOOKUP($B74, [1]DataLookUp!$B$4:$C$2000, 2, FALSE)), IF((($B74 - MOD($B74, 1000000000000))/1000000000000)=124, CONCATENATE("Institution - ", VLOOKUP($B74, '[2]DataLookUp - InstitutionBranch'!$B$4:$C$2000, 2, FALSE)), ""))) -> Person - Ferdian Kriswantoro | D74: 223000000000002 | E74: =IF(EXACT($D74, ""), "", VLOOKUP($D74, 'REF - ContactNumberType'!$B$4:$C$10, 2, FALSE)) -> Mobile Phone | F74: +62 821-1410-0054-5 | H74: Ferdian Kriswantoro | J74: =J73 + IF(EXACT(K74, ""), 0, 1) -> 286000000000071 | K74: =IF(EXACT(F74, ""), "", CONCATENATE("PERFORM ""SchData-OLTP-Master"".""Func_TblContactNumber_SET""(varSystemLoginSession::bigint, null::bigint, null::varchar, null::timestamptz, null::timestamptz, null::varchar, varInstitutionBranchID::bigint, varBaseCurrencyID::bigint, ", IF(EXACT($D74, ""), "NULL", ""&$D74&""), "::bigint, ", IF(EXACT($F74, ""), "NULL", "'"&$F74&"'"), "::varchar, ", IF(EXACT($G74, ""), "NULL", "'"&$G74&"'"), "::varchar, ", IF(EXACT($H74, ""), "NULL", "'"&$H74&"'"), "::varchar, ", IF(EXACT($B74, ""), "NULL", "'"&$B74&"'"), "::bigint);")) -> PERFORM "SchData-OLTP-Master"."Func_TblContactNumber_SET"(varSystemLoginSession::bigint, null::bigint, null::varchar, null::timestamptz, null::timestamptz, null::varchar, varInstitutionBranchID::bigint, varBaseCurrencyID::bigint, 223000000000002::bigint, '+62 821-1410-0054-5'::varchar, NULL::varchar, 'Ferdian Kriswantoro'::varchar, '25000000000522'::bigint);
B75: 25000000000544 | C75: =IF(EXACT($B75, ""), "", IF((($B75 - MOD($B75, 1000000000000))/1000000000000)=25, CONCATENATE("Person - ", VLOOKUP($B75, [1]DataLookUp!$B$4:$C$2000, 2, FALSE)), IF((($B75 - MOD($B75, 1000000000000))/1000000000000)=124, CONCATENATE("Institution - ", VLOOKUP($B75, '[2]DataLookUp - InstitutionBranch'!$B$4:$C$2000, 2, FALSE)), ""))) -> Person - Wulanraniasih | D75: 223000000000002 | E75: =IF(EXACT($D75, ""), "", VLOOKUP($D75, 'REF - ContactNumberType'!$B$4:$C$10, 2, FALSE)) -> Mobile Phone | F75: +62 851-6275-1360 | H75: Wulanraniasih | J75: =J74 + IF(EXACT(K75, ""), 0, 1) -> 286000000000072 | K75: =IF(EXACT(F75, ""), "", CONCATENATE("PERFORM ""SchData-OLTP-Master"".""Func_TblContactNumber_SET""(varSystemLoginSession::bigint, null::bigint, null::varchar, null::timestamptz, null::timestamptz, null::varchar, varInstitutionBranchID::bigint, varBaseCurrencyID::bigint, ", IF(EXACT($D75, ""), "NULL", ""&$D75&""), "::bigint, ", IF(EXACT($F75, ""), "NULL", "'"&$F75&"'"), "::varchar, ", IF(EXACT($G75, ""), "NULL", "'"&$G75&"'"), "::varchar, ", IF(EXACT($H75, ""), "NULL", "'"&$H75&"'"), "::varchar, ", IF(EXACT($B75, ""), "NULL", "'"&$B75&"'"), "::bigint);")) -> PERFORM "SchData-OLTP-Master"."Func_TblContactNumber_SET"(varSystemLoginSession::bigint, null::bigint, null::varchar, null::timestamptz, null::timestamptz, null::varchar, varInstitutionBranchID::bigint, varBaseCurrencyID::bigint, 223000000000002::bigint, '+62 851-6275-1360'::varchar, NULL::varchar, 'Wulanraniasih'::varchar, '25000000000544'::bigint);
B76: 25000000000413 | C76: =IF(EXACT($B76, ""), "", IF((($B76 - MOD($B76, 1000000000000))/1000000000000)=25, CONCATENATE("Person - ", VLOOKUP($B76, [1]DataLookUp!$B$4:$C$2000, 2, FALSE)), IF((($B76 - MOD($B76, 1000000000000))/1000000000000)=124, CONCATENATE("Institution - ", VLOOKUP($B76, '[2]DataLookUp - InstitutionBranch'!$B$4:$C$2000, 2, FALSE)), ""))) -> Person - Sufie Amalia | D76: 223000000000002 | E76: =IF(EXACT($D76, ""), "", VLOOKUP($D76, 'REF - ContactNumberType'!$B$4:$C$10, 2, FALSE)) -> Mobile Phone | F76: +62 856-7500-887 | H76: Sufie Amalia | J76: =J75 + IF(EXACT(K76, ""), 0, 1) -> 286000000000073 | K76: =IF(EXACT(F76, ""), "", CONCATENATE("PERFORM ""SchData-OLTP-Master"".""Func_TblContactNumber_SET""(varSystemLoginSession::bigint, null::bigint, null::varchar, null::timestamptz, null::timestamptz, null::varchar, varInstitutionBranchID::bigint, varBaseCurrencyID::bigint, ", IF(EXACT($D76, ""), "NULL", ""&$D76&""), "::bigint, ", IF(EXACT($F76, ""), "NULL", "'"&$F76&"'"), "::varchar, ", IF(EXACT($G76, ""), "NULL", "'"&$G76&"'"), "::varchar, ", IF(EXACT($H76, ""), "NULL", "'"&$H76&"'"), "::varchar, ", IF(EXACT($B76, ""), "NULL", "'"&$B76&"'"), "::bigint);")) -> PERFORM "SchData-OLTP-Master"."Func_TblContactNumber_SET"(varSystemLoginSession::bigint, null::bigint, null::varchar, null::timestamptz, null::timestamptz, null::varchar, varInstitutionBranchID::bigint, varBaseCurrencyID::bigint, 223000000000002::bigint, '+62 856-7500-887'::varchar, NULL::varchar, 'Sufie Amalia'::varchar, '25000000000413'::bigint);
C77: =IF(EXACT($B77, ""), "", IF((($B77 - MOD($B77, 1000000000000))/1000000000000)=25, CONCATENATE("Person - ", VLOOKUP($B77, [1]DataLookUp!$B$4:$C$2000, 2, FALSE)), IF((($B77 - MOD($B77, 1000000000000))/1000000000000)=124, CONCATENATE("Institution - ", VLOOKUP($B77, '[2]DataLookUp - InstitutionBranch'!$B$4:$C$2000, 2, FALSE)), ""))) | D77: 223000000000002 | E77: =IF(EXACT($D77, ""), "", VLOOKUP($D77, 'REF - ContactNumberType'!$B$4:$C$10, 2, FALSE)) -> Mobile Phone | F77: +62 859-5982-2621 | H77: Ridha Nauval S | J77: =J76 + IF(EXACT(K77, ""), 0, 1) -> 286000000000074 | K77: =IF(EXACT(F77, ""), "", CONCATENATE("PERFORM ""SchData-OLTP-Master"".""Func_TblContactNumber_SET""(varSystemLoginSession::bigint, null::bigint, null::varchar, null::timestamptz, null::timestamptz, null::varchar, varInstitutionBranchID::bigint, varBaseCurrencyID::bigint, ", IF(EXACT($D77, ""), "NULL", ""&$D77&""), "::bigint, ", IF(EXACT($F77, ""), "NULL", "'"&$F77&"'"), "::varchar, ", IF(EXACT($G77, ""), "NULL", "'"&$G77&"'"), "::varchar, ", IF(EXACT($H77, ""), "NULL", "'"&$H77&"'"), "::varchar, ", IF(EXACT($B77, ""), "NULL", "'"&$B77&"'"), "::bigint);")) -> PERFORM "SchData-OLTP-Master"."Func_TblContactNumber_SET"(varSystemLoginSession::bigint, null::bigint, null::varchar, null::timestamptz, null::timestamptz, null::varchar, varInstitutionBranchID::bigint, varBaseCurrencyID::bigint, 223000000000002::bigint, '+62 859-5982-2621'::varchar, NULL::varchar, 'Ridha Nauval S'::varchar, NULL::bigint);
B78: 25000000000023 | C78: =IF(EXACT($B78, ""), "", IF((($B78 - MOD($B78, 1000000000000))/1000000000000)=25, CONCATENATE("Person - ", VLOOKUP($B78, [1]DataLookUp!$B$4:$C$2000, 2, FALSE)), IF((($B78 - MOD($B78, 1000000000000))/1000000000000)=124, CONCATENATE("Institution - ", VLOOKUP($B78, '[2]DataLookUp - InstitutionBranch'!$B$4:$C$2000, 2, FALSE)), ""))) -> Person - Aldi Mulyadi | D78: 223000000000002 | E78: =IF(EXACT($D78, ""), "", VLOOKUP($D78, 'REF - ContactNumberType'!$B$4:$C$10, 2, FALSE)) -> Mobile Phone | F78: +62 831-1250-5824 | H78: Aldi Mulyadi | J78: =J77 + IF(EXACT(K78, ""), 0, 1) -> 286000000000075 | K78: =IF(EXACT(F78, ""), "", CONCATENATE("PERFORM ""SchData-OLTP-Master"".""Func_TblContactNumber_SET""(varSystemLoginSession::bigint, null::bigint, null::varchar, null::timestamptz, null::timestamptz, null::varchar, varInstitutionBranchID::bigint, varBaseCurrencyID::bigint, ", IF(EXACT($D78, ""), "NULL", ""&$D78&""), "::bigint, ", IF(EXACT($F78, ""), "NULL", "'"&$F78&"'"), "::varchar, ", IF(EXACT($G78, ""), "NULL", "'"&$G78&"'"), "::varchar, ", IF(EXACT($H78, ""), "NULL", "'"&$H78&"'"), "::varchar, ", IF(EXACT($B78, ""), "NULL", "'"&$B78&"'"), "::bigint);")) -> PERFORM "SchData-OLTP-Master"."Func_TblContactNumber_SET"(varSystemLoginSession::bigint, null::bigint, null::varchar, null::timestamptz, null::timestamptz, null::varchar, varInstitutionBranchID::bigint, varBaseCurrencyID::bigint, 223000000000002::bigint, '+62 831-1250-5824'::varchar, NULL::varchar, 'Aldi Mulyadi'::varchar, '25000000000023'::bigint);
C79: =IF(EXACT($B79, ""), "", IF((($B79 - MOD($B79, 1000000000000))/1000000000000)=25, CONCATENATE("Person - ", VLOOKUP($B79, [1]DataLookUp!$B$4:$C$2000, 2, FALSE)), IF((($B79 - MOD($B79, 1000000000000))/1000000000000)=124, CONCATENATE("Institution - ", VLOOKUP($B79, '[2]DataLookUp - InstitutionBranch'!$B$4:$C$2000, 2, FALSE)), ""))) | D79: 223000000000002 | E79: =IF(EXACT($D79, ""), "", VLOOKUP($D79, 'REF - ContactNumberType'!$B$4:$C$10, 2, FALSE)) -> Mobile Phone | F79: +62 898-0269-288 | H79: Isa Taufik | J79: =J78 + IF(EXACT(K79, ""), 0, 1) -> 286000000000076 | K79: =IF(EXACT(F79, ""), "", CONCATENATE("PERFORM ""SchData-OLTP-Master"".""Func_TblContactNumber_SET""(varSystemLoginSession::bigint, null::bigint, null::varchar, null::timestamptz, null::timestamptz, null::varchar, varInstitutionBranchID::bigint, varBaseCurrencyID::bigint, ", IF(EXACT($D79, ""), "NULL", ""&$D79&""), "::bigint, ", IF(EXACT($F79, ""), "NULL", "'"&$F79&"'"), "::varchar, ", IF(EXACT($G79, ""), "NULL", "'"&$G79&"'"), "::varchar, ", IF(EXACT($H79, ""), "NULL", "'"&$H79&"'"), "::varchar, ", IF(EXACT($B79, ""), "NULL", "'"&$B79&"'"), "::bigint);")) -> PERFORM "SchData-OLTP-Master"."Func_TblContactNumber_SET"(varSystemLoginSession::bigint, null::bigint, null::varchar, null::timestamptz, null::timestamptz, null::varchar, varInstitutionBranchID::bigint, varBaseCurrencyID::bigint, 223000000000002::bigint, '+62 898-0269-288'::varchar, NULL::varchar, 'Isa Taufik'::varchar, NULL::bigint);
C80: =IF(EXACT($B80, ""), "", IF((($B80 - MOD($B80, 1000000000000))/1000000000000)=25, CONCATENATE("Person - ", VLOOKUP($B80, [1]DataLookUp!$B$4:$C$2000, 2, FALSE)), IF((($B80 - MOD($B80, 1000000000000))/1000000000000)=124, CONCATENATE("Institution - ", VLOOKUP($B80, '[2]DataLookUp - InstitutionBranch'!$B$4:$C$2000, 2, FALSE)), ""))) | D80: 223000000000002 | E80: =IF(EXACT($D80, ""), "", VLOOKUP($D80, 'REF - ContactNumberType'!$B$4:$C$10, 2, FALSE)) -> Mobile Phone | F80: +62 811-1193-9034 | H80: Abdul Rachman Nur Hanafi | J80: =J79 + IF(EXACT(K80, ""), 0, 1) -> 286000000000077 | K80: =IF(EXACT(F80, ""), "", CONCATENATE("PERFORM ""SchData-OLTP-Master"".""Func_TblContactNumber_SET""(varSystemLoginSession::bigint, null::bigint, null::varchar, null::timestamptz, null::timestamptz, null::varchar, varInstitutionBranchID::bigint, varBaseCurrencyID::bigint, ", IF(EXACT($D80, ""), "NULL", ""&$D80&""), "::bigint, ", IF(EXACT($F80, ""), "NULL", "'"&$F80&"'"), "::varchar, ", IF(EXACT($G80, ""), "NULL", "'"&$G80&"'"), "::varchar, ", IF(EXACT($H80, ""), "NULL", "'"&$H80&"'"), "::varchar, ", IF(EXACT($B80, ""), "NULL", "'"&$B80&"'"), "::bigint);")) -> PERFORM "SchData-OLTP-Master"."Func_TblContactNumber_SET"(varSystemLoginSession::bigint, null::bigint, null::varchar, null::timestamptz, null::timestamptz, null::varchar, varInstitutionBranchID::bigint, varBaseCurrencyID::bigint, 223000000000002::bigint, '+62 811-1193-9034'::varchar, NULL::varchar, 'Abdul Rachman Nur Hanafi'::varchar, NULL::bigint);
B81: 25000000000571 | C81: =IF(EXACT($B81, ""), "", IF((($B81 - MOD($B81, 1000000000000))/1000000000000)=25, CONCATENATE("Person - ", VLOOKUP($B81, [1]DataLookUp!$B$4:$C$2000, 2, FALSE)), IF((($B81 - MOD($B81, 1000000000000))/1000000000000)=124, CONCATENATE("Institution - ", VLOOKUP($B81, '[2]DataLookUp - InstitutionBranch'!$B$4:$C$2000, 2, FALSE)), ""))) -> Person - Muhammad Ramadani | D81: 223000000000002 | E81: =IF(EXACT($D81, ""), "", VLOOKUP($D81, 'REF - ContactNumberType'!$B$4:$C$10, 2, FALSE)) -> Mobile Phone | F81: +62 877-4832-9110 | H81: Muhammad Ramadani | J81: =J80 + IF(EXACT(K81, ""), 0, 1) -> 286000000000078 | K81: =IF(EXACT(F81, ""), "", CONCATENATE("PERFORM ""SchData-OLTP-Master"".""Func_TblContactNumber_SET""(varSystemLoginSession::bigint, null::bigint, null::varchar, null::timestamptz, null::timestamptz, null::varchar, varInstitutionBranchID::bigint, varBaseCurrencyID::bigint, ", IF(EXACT($D81, ""), "NULL", ""&$D81&""), "::bigint, ", IF(EXACT($F81, ""), "NULL", "'"&$F81&"'"), "::varchar, ", IF(EXACT($G81, ""), "NULL", "'"&$G81&"'"), "::varchar, ", IF(EXACT($H81, ""), "NULL", "'"&$H81&"'"), "::varchar, ", IF(EXACT($B81, ""), "NULL", "'"&$B81&"'"), "::bigint);")) -> PERFORM "SchData-OLTP-Master"."Func_TblContactNumber_SET"(varSystemLoginSession::bigint, null::bigint, null::varchar, null::timestamptz, null::timestamptz, null::varchar, varInstitutionBranchID::bigint, varBaseCurrencyID::bigint, 223000000000002::bigint, '+62 877-4832-9110'::varchar, NULL::varchar, 'Muhammad Ramadani'::varchar, '25000000000571'::bigint);
B82: 25000000000547 | C82: =IF(EXACT($B82, ""), "", IF((($B82 - MOD($B82, 1000000000000))/1000000000000)=25, CONCATENATE("Person - ", VLOOKUP($B82, [1]DataLookUp!$B$4:$C$2000, 2, FALSE)), IF((($B82 - MOD($B82, 1000000000000))/1000000000000)=124, CONCATENATE("Institution - ", VLOOKUP($B82, '[2]DataLookUp - InstitutionBranch'!$B$4:$C$2000, 2, FALSE)), ""))) -> Person - Zeinurani | D82: 223000000000002 | E82: =IF(EXACT($D82, ""), "", VLOOKUP($D82, 'REF - ContactNumberType'!$B$4:$C$10, 2, FALSE)) -> Mobile Phone | F82: +62 812-8084-0848 | H82: Zeinurani | J82: =J81 + IF(EXACT(K82, ""), 0, 1) -> 286000000000079 | K82: =IF(EXACT(F82, ""), "", CONCATENATE("PERFORM ""SchData-OLTP-Master"".""Func_TblContactNumber_SET""(varSystemLoginSession::bigint, null::bigint, null::varchar, null::timestamptz, null::timestamptz, null::varchar, varInstitutionBranchID::bigint, varBaseCurrencyID::bigint, ", IF(EXACT($D82, ""), "NULL", ""&$D82&""), "::bigint, ", IF(EXACT($F82, ""), "NULL", "'"&$F82&"'"), "::varchar, ", IF(EXACT($G82, ""), "NULL", "'"&$G82&"'"), "::varchar, ", IF(EXACT($H82, ""), "NULL", "'"&$H82&"'"), "::varchar, ", IF(EXACT($B82, ""), "NULL", "'"&$B82&"'"), "::bigint);")) -> PERFORM "SchData-OLTP-Master"."Func_TblContactNumber_SET"(varSystemLoginSession::bigint, null::bigint, null::varchar, null::timestamptz, null::timestamptz, null::varchar, varInstitutionBranchID::bigint, varBaseCurrencyID::bigint, 223000000000002::bigint, '+62 812-8084-0848'::varchar, NULL::varchar, 'Zeinurani'::varchar, '25000000000547'::bigint);
C83: =IF(EXACT($B83, ""), "", IF((($B83 - MOD($B83, 1000000000000))/1000000000000)=25, CONCATENATE("Person - ", VLOOKUP($B83, [1]DataLookUp!$B$4:$C$2000, 2, FALSE)), IF((($B83 - MOD($B83, 1000000000000))/1000000000000)=124, CONCATENATE("Institution - ", VLOOKUP($B83, '[2]DataLookUp - InstitutionBranch'!$B$4:$C$2000, 2, FALSE)), ""))) | D83: 223000000000002 | E83: =IF(EXACT($D83, ""), "", VLOOKUP($D83, 'REF - ContactNumberType'!$B$4:$C$10, 2, FALSE)) -> Mobile Phone | F83: +62 823-3546-1142 | H83: Satrio Dhiaputra Prayudi | J83: =J82 + IF(EXACT(K83, ""), 0, 1) -> 286000000000080 | K83: =IF(EXACT(F83, ""), "", CONCATENATE("PERFORM ""SchData-OLTP-Master"".""Func_TblContactNumber_SET""(varSystemLoginSession::bigint, null::bigint, null::varchar, null::timestamptz, null::timestamptz, null::varchar, varInstitutionBranchID::bigint, varBaseCurrencyID::bigint, ", IF(EXACT($D83, ""), "NULL", ""&$D83&""), "::bigint, ", IF(EXACT($F83, ""), "NULL", "'"&$F83&"'"), "::varchar, ", IF(EXACT($G83, ""), "NULL", "'"&$G83&"'"), "::varchar, ", IF(EXACT($H83, ""), "NULL", "'"&$H83&"'"), "::varchar, ", IF(EXACT($B83, ""), "NULL", "'"&$B83&"'"), "::bigint);")) -> PERFORM "SchData-OLTP-Master"."Func_TblContactNumber_SET"(varSystemLoginSession::bigint, null::bigint, null::varchar, null::timestamptz, null::timestamptz, null::varchar, varInstitutionBranchID::bigint, varBaseCurrencyID::bigint, 223000000000002::bigint, '+62 823-3546-1142'::varchar, NULL::varchar, 'Satrio Dhiaputra Prayudi'::varchar, NULL::bigint);
B84: 25000000000044 | C84: =IF(EXACT($B84, ""), "", IF((($B84 - MOD($B84, 1000000000000))/1000000000000)=25, CONCATENATE("Person - ", VLOOKUP($B84, [1]DataLookUp!$B$4:$C$2000, 2, FALSE)), IF((($B84 - MOD($B84, 1000000000000))/1000000000000)=124, CONCATENATE("Institution - ", VLOOKUP($B84, '[2]DataLookUp - InstitutionBranch'!$B$4:$C$2000, 2, FALSE)), ""))) -> Person - Anugerah Januariansyah | D84: 223000000000002 | E84: =IF(EXACT($D84, ""), "", VLOOKUP($D84, 'REF - ContactNumberType'!$B$4:$C$10, 2, FALSE)) -> Mobile Phone | F84: +62 857-4382-5555 | H84: Anugerah Januariansyah | J84: =J83 + IF(EXACT(K84, ""), 0, 1) -> 286000000000081 | K84: =IF(EXACT(F84, ""), "", CONCATENATE("PERFORM ""SchData-OLTP-Master"".""Func_TblContactNumber_SET""(varSystemLoginSession::bigint, null::bigint, null::varchar, null::timestamptz, null::timestamptz, null::varchar, varInstitutionBranchID::bigint, varBaseCurrencyID::bigint, ", IF(EXACT($D84, ""), "NULL", ""&$D84&""), "::bigint, ", IF(EXACT($F84, ""), "NULL", "'"&$F84&"'"), "::varchar, ", IF(EXACT($G84, ""), "NULL", "'"&$G84&"'"), "::varchar, ", IF(EXACT($H84, ""), "NULL", "'"&$H84&"'"), "::varchar, ", IF(EXACT($B84, ""), "NULL", "'"&$B84&"'"), "::bigint);")) -> PERFORM "SchData-OLTP-Master"."Func_TblContactNumber_SET"(varSystemLoginSession::bigint, null::bigint, null::varchar, null::timestamptz, null::timestamptz, null::varchar, varInstitutionBranchID::bigint, varBaseCurrencyID::bigint, 223000000000002::bigint, '+62 857-4382-5555'::varchar, NULL::varchar, 'Anugerah Januariansyah'::varchar, '25000000000044'::bigint);
B85: 25000000000600 | C85: =IF(EXACT($B85, ""), "", IF((($B85 - MOD($B85, 1000000000000))/1000000000000)=25, CONCATENATE("Person - ", VLOOKUP($B85, [1]DataLookUp!$B$4:$C$2000, 2, FALSE)), IF((($B85 - MOD($B85, 1000000000000))/1000000000000)=124, CONCATENATE("Institution - ", VLOOKUP($B85, '[2]DataLookUp - InstitutionBranch'!$B$4:$C$2000, 2, FALSE)), ""))) -> Person - Kiki Prasetyo | D85: 223000000000002 | E85: =IF(EXACT($D85, ""), "", VLOOKUP($D85, 'REF - ContactNumberType'!$B$4:$C$10, 2, FALSE)) -> Mobile Phone | F85: +62 812-1015-216 | H85: Kiki Prasetyo | J85: =J84 + IF(EXACT(K85, ""), 0, 1) -> 286000000000082 | K85: =IF(EXACT(F85, ""), "", CONCATENATE("PERFORM ""SchData-OLTP-Master"".""Func_TblContactNumber_SET""(varSystemLoginSession::bigint, null::bigint, null::varchar, null::timestamptz, null::timestamptz, null::varchar, varInstitutionBranchID::bigint, varBaseCurrencyID::bigint, ", IF(EXACT($D85, ""), "NULL", ""&$D85&""), "::bigint, ", IF(EXACT($F85, ""), "NULL", "'"&$F85&"'"), "::varchar, ", IF(EXACT($G85, ""), "NULL", "'"&$G85&"'"), "::varchar, ", IF(EXACT($H85, ""), "NULL", "'"&$H85&"'"), "::varchar, ", IF(EXACT($B85, ""), "NULL", "'"&$B85&"'"), "::bigint);")) -> PERFORM "SchData-OLTP-Master"."Func_TblContactNumber_SET"(varSystemLoginSession::bigint, null::bigint, null::varchar, null::timestamptz, null::timestamptz, null::varchar, varInstitutionBranchID::bigint, varBaseCurrencyID::bigint, 223000000000002::bigint, '+62 812-1015-216'::varchar, NULL::varchar, 'Kiki Prasetyo'::varchar, '25000000000600'::bigint);
B86: 25000000000273 | C86: =IF(EXACT($B86, ""), "", IF((($B86 - MOD($B86, 1000000000000))/1000000000000)=25, CONCATENATE("Person - ", VLOOKUP($B86, [1]DataLookUp!$B$4:$C$2000, 2, FALSE)), IF((($B86 - MOD($B86, 1000000000000))/1000000000000)=124, CONCATENATE("Institution - ", VLOOKUP($B86, '[2]DataLookUp - InstitutionBranch'!$B$4:$C$2000, 2, FALSE)), ""))) -> Person - Pantas Banjarnahor Marbun | D86: 223000000000002 | E86: =IF(EXACT($D86, ""), "", VLOOKUP($D86, 'REF - ContactNumberType'!$B$4:$C$10, 2, FALSE)) -> Mobile Phone | F86: +62 813-7544-0999 | H86: Pantas Banjarnahor Marbun | J86: =J85 + IF(EXACT(K86, ""), 0, 1) -> 286000000000083 | K86: =IF(EXACT(F86, ""), "", CONCATENATE("PERFORM ""SchData-OLTP-Master"".""Func_TblContactNumber_SET""(varSystemLoginSession::bigint, null::bigint, null::varchar, null::timestamptz, null::timestamptz, null::varchar, varInstitutionBranchID::bigint, varBaseCurrencyID::bigint, ", IF(EXACT($D86, ""), "NULL", ""&$D86&""), "::bigint, ", IF(EXACT($F86, ""), "NULL", "'"&$F86&"'"), "::varchar, ", IF(EXACT($G86, ""), "NULL", "'"&$G86&"'"), "::varchar, ", IF(EXACT($H86, ""), "NULL", "'"&$H86&"'"), "::varchar, ", IF(EXACT($B86, ""), "NULL", "'"&$B86&"'"), "::bigint);")) -> PERFORM "SchData-OLTP-Master"."Func_TblContactNumber_SET"(varSystemLoginSession::bigint, null::bigint, null::varchar, null::timestamptz, null::timestamptz, null::varchar, varInstitutionBranchID::bigint, varBaseCurrencyID::bigint, 223000000000002::bigint, '+62 813-7544-0999'::varchar, NULL::varchar, 'Pantas Banjarnahor Marbun'::varchar, '25000000000273'::bigint);
B87: 25000000000587 | C87: =IF(EXACT($B87, ""), "", IF((($B87 - MOD($B87, 1000000000000))/1000000000000)=25, CONCATENATE("Person - ", VLOOKUP($B87, [1]DataLookUp!$B$4:$C$2000, 2, FALSE)), IF((($B87 - MOD($B87, 1000000000000))/1000000000000)=124, CONCATENATE("Institution - ", VLOOKUP($B87, '[2]DataLookUp - InstitutionBranch'!$B$4:$C$2000, 2, FALSE)), ""))) -> Person - Firmansyah Awaludin | D87: 223000000000002 | E87: =IF(EXACT($D87, ""), "", VLOOKUP($D87, 'REF - ContactNumberType'!$B$4:$C$10, 2, FALSE)) -> Mobile Phone | F87: +62 812-1320-5160 | H87: Firmansyah Awaludin | J87: =J86 + IF(EXACT(K87, ""), 0, 1) -> 286000000000084 | K87: =IF(EXACT(F87, ""), "", CONCATENATE("PERFORM ""SchData-OLTP-Master"".""Func_TblContactNumber_SET""(varSystemLoginSession::bigint, null::bigint, null::varchar, null::timestamptz, null::timestamptz, null::varchar, varInstitutionBranchID::bigint, varBaseCurrencyID::bigint, ", IF(EXACT($D87, ""), "NULL", ""&$D87&""), "::bigint, ", IF(EXACT($F87, ""), "NULL", "'"&$F87&"'"), "::varchar, ", IF(EXACT($G87, ""), "NULL", "'"&$G87&"'"), "::varchar, ", IF(EXACT($H87, ""), "NULL", "'"&$H87&"'"), "::varchar, ", IF(EXACT($B87, ""), "NULL", "'"&$B87&"'"), "::bigint);")) -> PERFORM "SchData-OLTP-Master"."Func_TblContactNumber_SET"(varSystemLoginSession::bigint, null::bigint, null::varchar, null::timestamptz, null::timestamptz, null::varchar, varInstitutionBranchID::bigint, varBaseCurrencyID::bigint, 223000000000002::bigint, '+62 812-1320-5160'::varchar, NULL::varchar, 'Firmansyah Awaludin'::varchar, '25000000000587'::bigint);
B88: 25000000000589 | C88: =IF(EXACT($B88, ""), "", IF((($B88 - MOD($B88, 1000000000000))/1000000000000)=25, CONCATENATE("Person - ", VLOOKUP($B88, [1]DataLookUp!$B$4:$C$2000, 2, FALSE)), IF((($B88 - MOD($B88, 1000000000000))/1000000000000)=124, CONCATENATE("Institution - ", VLOOKUP($B88, '[2]DataLookUp - InstitutionBranch'!$B$4:$C$2000, 2, FALSE)), ""))) -> Person - Muhammad Irfan Alfikri Rayana | D88: 223000000000002 | E88: =IF(EXACT($D88, ""), "", VLOOKUP($D88, 'REF - ContactNumberType'!$B$4:$C$10, 2, FALSE)) -> Mobile Phone | F88: +62 813-68061116 | H88: Muhammad Irfan Alfikri Rayana | J88: =J87 + IF(EXACT(K88, ""), 0, 1) -> 286000000000085 | K88: =IF(EXACT(F88, ""), "", CONCATENATE("PERFORM ""SchData-OLTP-Master"".""Func_TblContactNumber_SET""(varSystemLoginSession::bigint, null::bigint, null::varchar, null::timestamptz, null::timestamptz, null::varchar, varInstitutionBranchID::bigint, varBaseCurrencyID::bigint, ", IF(EXACT($D88, ""), "NULL", ""&$D88&""), "::bigint, ", IF(EXACT($F88, ""), "NULL", "'"&$F88&"'"), "::varchar, ", IF(EXACT($G88, ""), "NULL", "'"&$G88&"'"), "::varchar, ", IF(EXACT($H88, ""), "NULL", "'"&$H88&"'"), "::varchar, ", IF(EXACT($B88, ""), "NULL", "'"&$B88&"'"), "::bigint);")) -> PERFORM "SchData-OLTP-Master"."Func_TblContactNumber_SET"(varSystemLoginSession::bigint, null::bigint, null::varchar, null::timestamptz, null::timestamptz, null::varchar, varInstitutionBranchID::bigint, varBaseCurrencyID::bigint, 223000000000002::bigint, '+62 813-68061116'::varchar, NULL::varchar, 'Muhammad Irfan Alfikri Rayana'::varchar, '25000000000589'::bigint);
B89: 25000000000428 | C89: =IF(EXACT($B89, ""), "", IF((($B89 - MOD($B89, 1000000000000))/1000000000000)=25, CONCATENATE("Person - ", VLOOKUP($B89, [1]DataLookUp!$B$4:$C$2000, 2, FALSE)), IF((($B89 - MOD($B89, 1000000000000))/1000000000000)=124, CONCATENATE("Institution - ", VLOOKUP($B89, '[2]DataLookUp - InstitutionBranch'!$B$4:$C$2000, 2, FALSE)), ""))) -> Person - Suyanto | D89: 223000000000002 | E89: =IF(EXACT($D89, ""), "", VLOOKUP($D89, 'REF - ContactNumberType'!$B$4:$C$10, 2, FALSE)) -> Mobile Phone | F89: +62 838-2329-6661 | H89: Suyanto | J89: =J88 + IF(EXACT(K89, ""), 0, 1) -> 286000000000086 | K89: =IF(EXACT(F89, ""), "", CONCATENATE("PERFORM ""SchData-OLTP-Master"".""Func_TblContactNumber_SET""(varSystemLoginSession::bigint, null::bigint, null::varchar, null::timestamptz, null::timestamptz, null::varchar, varInstitutionBranchID::bigint, varBaseCurrencyID::bigint, ", IF(EXACT($D89, ""), "NULL", ""&$D89&""), "::bigint, ", IF(EXACT($F89, ""), "NULL", "'"&$F89&"'"), "::varchar, ", IF(EXACT($G89, ""), "NULL", "'"&$G89&"'"), "::varchar, ", IF(EXACT($H89, ""), "NULL", "'"&$H89&"'"), "::varchar, ", IF(EXACT($B89, ""), "NULL", "'"&$B89&"'"), "::bigint);")) -> PERFORM "SchData-OLTP-Master"."Func_TblContactNumber_SET"(varSystemLoginSession::bigint, null::bigint, null::varchar, null::timestamptz, null::timestamptz, null::varchar, varInstitutionBranchID::bigint, varBaseCurrencyID::bigint, 223000000000002::bigint, '+62 838-2329-6661'::varchar, NULL::varchar, 'Suyanto'::varchar, '25000000000428'::bigint);
C90: =IF(EXACT($B90, ""), "", IF((($B90 - MOD($B90, 1000000000000))/1000000000000)=25, CONCATENATE("Person - ", VLOOKUP($B90, [1]DataLookUp!$B$4:$C$2000, 2, FALSE)), IF((($B90 - MOD($B90, 1000000000000))/1000000000000)=124, CONCATENATE("Institution - ", VLOOKUP($B90, '[2]DataLookUp - InstitutionBranch'!$B$4:$C$2000, 2, FALSE)), ""))) | D90: 223000000000002 | E90: =IF(EXACT($D90, ""), "", VLOOKUP($D90, 'REF - ContactNumberType'!$B$4:$C$10, 2, FALSE)) -> Mobile Phone | F90: +62 817-4941-066 | H90: Anna S. Haryadi | J90: =J89 + IF(EXACT(K90, ""), 0, 1) -> 286000000000087 | K90: =IF(EXACT(F90, ""), "", CONCATENATE("PERFORM ""SchData-OLTP-Master"".""Func_TblContactNumber_SET""(varSystemLoginSession::bigint, null::bigint, null::varchar, null::timestamptz, null::timestamptz, null::varchar, varInstitutionBranchID::bigint, varBaseCurrencyID::bigint, ", IF(EXACT($D90, ""), "NULL", ""&$D90&""), "::bigint, ", IF(EXACT($F90, ""), "NULL", "'"&$F90&"'"), "::varchar, ", IF(EXACT($G90, ""), "NULL", "'"&$G90&"'"), "::varchar, ", IF(EXACT($H90, ""), "NULL", "'"&$H90&"'"), "::varchar, ", IF(EXACT($B90, ""), "NULL", "'"&$B90&"'"), "::bigint);")) -> PERFORM "SchData-OLTP-Master"."Func_TblContactNumber_SET"(varSystemLoginSession::bigint, null::bigint, null::varchar, null::timestamptz, null::timestamptz, null::varchar, varInstitutionBranchID::bigint, varBaseCurrencyID::bigint, 223000000000002::bigint, '+62 817-4941-066'::varchar, NULL::varchar, 'Anna S. Haryadi'::varchar, NULL::bigint);
B91: 25000000000252 | C91: =IF(EXACT($B91, ""), "", IF((($B91 - MOD($B91, 1000000000000))/1000000000000)=25, CONCATENATE("Person - ", VLOOKUP($B91, [1]DataLookUp!$B$4:$C$2000, 2, FALSE)), IF((($B91 - MOD($B91, 1000000000000))/1000000000000)=124, CONCATENATE("Institution - ", VLOOKUP($B91, '[2]DataLookUp - InstitutionBranch'!$B$4:$C$2000, 2, FALSE)), ""))) -> Person - Kiki Mustikawati | D91: 223000000000002 | E91: =IF(EXACT($D91, ""), "", VLOOKUP($D91, 'REF - ContactNumberType'!$B$4:$C$10, 2, FALSE)) -> Mobile Phone | F91: +62 815-1420-0068 | H91: Kiki Mustikawati | J91: =J90 + IF(EXACT(K91, ""), 0, 1) -> 286000000000088 | K91: =IF(EXACT(F91, ""), "", CONCATENATE("PERFORM ""SchData-OLTP-Master"".""Func_TblContactNumber_SET""(varSystemLoginSession::bigint, null::bigint, null::varchar, null::timestamptz, null::timestamptz, null::varchar, varInstitutionBranchID::bigint, varBaseCurrencyID::bigint, ", IF(EXACT($D91, ""), "NULL", ""&$D91&""), "::bigint, ", IF(EXACT($F91, ""), "NULL", "'"&$F91&"'"), "::varchar, ", IF(EXACT($G91, ""), "NULL", "'"&$G91&"'"), "::varchar, ", IF(EXACT($H91, ""), "NULL", "'"&$H91&"'"), "::varchar, ", IF(EXACT($B91, ""), "NULL", "'"&$B91&"'"), "::bigint);")) -> PERFORM "SchData-OLTP-Master"."Func_TblContactNumber_SET"(varSystemLoginSession::bigint, null::bigint, null::varchar, null::timestamptz, null::timestamptz, null::varchar, varInstitutionBranchID::bigint, varBaseCurrencyID::bigint, 223000000000002::bigint, '+62 815-1420-0068'::varchar, NULL::varchar, 'Kiki Mustikawati'::varchar, '25000000000252'::bigint);
B92: 25000000000235 | C92: =IF(EXACT($B92, ""), "", IF((($B92 - MOD($B92, 1000000000000))/1000000000000)=25, CONCATENATE("Person - ", VLOOKUP($B92, [1]DataLookUp!$B$4:$C$2000, 2, FALSE)), IF((($B92 - MOD($B92, 1000000000000))/1000000000000)=124, CONCATENATE("Institution - ", VLOOKUP($B92, '[2]DataLookUp - InstitutionBranch'!$B$4:$C$2000, 2, FALSE)), ""))) -> Person - Joko Wiyono | D92: 223000000000002 | E92: =IF(EXACT($D92, ""), "", VLOOKUP($D92, 'REF - ContactNumberType'!$B$4:$C$10, 2, FALSE)) -> Mobile Phone | F92: +62 896-9470-0522 | H92: Joko Wiyono | J92: =J91 + IF(EXACT(K92, ""), 0, 1) -> 286000000000089 | K92: =IF(EXACT(F92, ""), "", CONCATENATE("PERFORM ""SchData-OLTP-Master"".""Func_TblContactNumber_SET""(varSystemLoginSession::bigint, null::bigint, null::varchar, null::timestamptz, null::timestamptz, null::varchar, varInstitutionBranchID::bigint, varBaseCurrencyID::bigint, ", IF(EXACT($D92, ""), "NULL", ""&$D92&""), "::bigint, ", IF(EXACT($F92, ""), "NULL", "'"&$F92&"'"), "::varchar, ", IF(EXACT($G92, ""), "NULL", "'"&$G92&"'"), "::varchar, ", IF(EXACT($H92, ""), "NULL", "'"&$H92&"'"), "::varchar, ", IF(EXACT($B92, ""), "NULL", "'"&$B92&"'"), "::bigint);")) -> PERFORM "SchData-OLTP-Master"."Func_TblContactNumber_SET"(varSystemLoginSession::bigint, null::bigint, null::varchar, null::timestamptz, null::timestamptz, null::varchar, varInstitutionBranchID::bigint, varBaseCurrencyID::bigint, 223000000000002::bigint, '+62 896-9470-0522'::varchar, NULL::varchar, 'Joko Wiyono'::varchar, '25000000000235'::bigint);
B93: 25000000000287 | C93: =IF(EXACT($B93, ""), "", IF((($B93 - MOD($B93, 1000000000000))/1000000000000)=25, CONCATENATE("Person - ", VLOOKUP($B93, [1]DataLookUp!$B$4:$C$2000, 2, FALSE)), IF((($B93 - MOD($B93, 1000000000000))/1000000000000)=124, CONCATENATE("Institution - ", VLOOKUP($B93, '[2]DataLookUp - InstitutionBranch'!$B$4:$C$2000, 2, FALSE)), ""))) -> Person - Mochamad Samman | D93: 223000000000002 | E93: =IF(EXACT($D93, ""), "", VLOOKUP($D93, 'REF - ContactNumberType'!$B$4:$C$10, 2, FALSE)) -> Mobile Phone | F93: +62 857-7788-4428 | H93: Mochamad Samman | J93: =J92 + IF(EXACT(K93, ""), 0, 1) -> 286000000000090 | K93: =IF(EXACT(F93, ""), "", CONCATENATE("PERFORM ""SchData-OLTP-Master"".""Func_TblContactNumber_SET""(varSystemLoginSession::bigint, null::bigint, null::varchar, null::timestamptz, null::timestamptz, null::varchar, varInstitutionBranchID::bigint, varBaseCurrencyID::bigint, ", IF(EXACT($D93, ""), "NULL", ""&$D93&""), "::bigint, ", IF(EXACT($F93, ""), "NULL", "'"&$F93&"'"), "::varchar, ", IF(EXACT($G93, ""), "NULL", "'"&$G93&"'"), "::varchar, ", IF(EXACT($H93, ""), "NULL", "'"&$H93&"'"), "::varchar, ", IF(EXACT($B93, ""), "NULL", "'"&$B93&"'"), "::bigint);")) -> PERFORM "SchData-OLTP-Master"."Func_TblContactNumber_SET"(varSystemLoginSession::bigint, null::bigint, null::varchar, null::timestamptz, null::timestamptz, null::varchar, varInstitutionBranchID::bigint, varBaseCurrencyID::bigint, 223000000000002::bigint, '+62 857-7788-4428'::varchar, NULL::varchar, 'Mochamad Samman'::varchar, '25000000000287'::bigint);
B94: 25000000000002 | C94: =IF(EXACT($B94, ""), "", IF((($B94 - MOD($B94, 1000000000000))/1000000000000)=25, CONCATENATE("Person - ", VLOOKUP($B94, [1]DataLookUp!$B$4:$C$2000, 2, FALSE)), IF((($B94 - MOD($B94, 1000000000000))/1000000000000)=124, CONCATENATE("Institution - ", VLOOKUP($B94, '[2]DataLookUp - InstitutionBranch'!$B$4:$C$2000, 2, FALSE)), ""))) -> Person - Abdul Karim | D94: 223000000000002 | E94: =IF(EXACT($D94, ""), "", VLOOKUP($D94, 'REF - ContactNumberType'!$B$4:$C$10, 2, FALSE)) -> Mobile Phone | F94: +62 812-1361-2811 | H94: Abdul Karim | J94: =J93 + IF(EXACT(K94, ""), 0, 1) -> 286000000000091 | K94: =IF(EXACT(F94, ""), "", CONCATENATE("PERFORM ""SchData-OLTP-Master"".""Func_TblContactNumber_SET""(varSystemLoginSession::bigint, null::bigint, null::varchar, null::timestamptz, null::timestamptz, null::varchar, varInstitutionBranchID::bigint, varBaseCurrencyID::bigint, ", IF(EXACT($D94, ""), "NULL", ""&$D94&""), "::bigint, ", IF(EXACT($F94, ""), "NULL", "'"&$F94&"'"), "::varchar, ", IF(EXACT($G94, ""), "NULL", "'"&$G94&"'"), "::varchar, ", IF(EXACT($H94, ""), "NULL", "'"&$H94&"'"), "::varchar, ", IF(EXACT($B94, ""), "NULL", "'"&$B94&"'"), "::bigint);")) -> PERFORM "SchData-OLTP-Master"."Func_TblContactNumber_SET"(varSystemLoginSession::bigint, null::bigint, null::varchar, null::timestamptz, null::timestamptz, null::varchar, varInstitutionBranchID::bigint, varBaseCurrencyID::bigint, 223000000000002::bigint, '+62 812-1361-2811'::varchar, NULL::varchar, 'Abdul Karim'::varchar, '25000000000002'::bigint);
B95: 25000000000343 | C95: =IF(EXACT($B95, ""), "", IF((($B95 - MOD($B95, 1000000000000))/1000000000000)=25, CONCATENATE("Person - ", VLOOKUP($B95, [1]DataLookUp!$B$4:$C$2000, 2, FALSE)), IF((($B95 - MOD($B95, 1000000000000))/1000000000000)=124, CONCATENATE("Institution - ", VLOOKUP($B95, '[2]DataLookUp - InstitutionBranch'!$B$4:$C$2000, 2, FALSE)), ""))) -> Person - Rangga Darmawan | D95: 223000000000002 | E95: =IF(EXACT($D95, ""), "", VLOOKUP($D95, 'REF - ContactNumberType'!$B$4:$C$10, 2, FALSE)) -> Mobile Phone | F95: +62 895-1078-0429 | H95: Rangga Darmawan | J95: =J94 + IF(EXACT(K95, ""), 0, 1) -> 286000000000092 | K95: =IF(EXACT(F95, ""), "", CONCATENATE("PERFORM ""SchData-OLTP-Master"".""Func_TblContactNumber_SET""(varSystemLoginSession::bigint, null::bigint, null::varchar, null::timestamptz, null::timestamptz, null::varchar, varInstitutionBranchID::bigint, varBaseCurrencyID::bigint, ", IF(EXACT($D95, ""), "NULL", ""&$D95&""), "::bigint, ", IF(EXACT($F95, ""), "NULL", "'"&$F95&"'"), "::varchar, ", IF(EXACT($G95, ""), "NULL", "'"&$G95&"'"), "::varchar, ", IF(EXACT($H95, ""), "NULL", "'"&$H95&"'"), "::varchar, ", IF(EXACT($B95, ""), "NULL", "'"&$B95&"'"), "::bigint);")) -> PERFORM "SchData-OLTP-Master"."Func_TblContactNumber_SET"(varSystemLoginSession::bigint, null::bigint, null::varchar, null::timestamptz, null::timestamptz, null::varchar, varInstitutionBranchID::bigint, varBaseCurrencyID::bigint, 223000000000002::bigint, '+62 895-1078-0429'::varchar, NULL::varchar, 'Rangga Darmawan'::varchar, '25000000000343'::bigint);
C96: =IF(EXACT($B96, ""), "", IF((($B96 - MOD($B96, 1000000000000))/1000000000000)=25, CONCATENATE("Person - ", VLOOKUP($B96, [1]DataLookUp!$B$4:$C$2000, 2, FALSE)), IF((($B96 - MOD($B96, 1000000000000))/1000000000000)=124, CONCATENATE("Institution - ", VLOOKUP($B96, '[2]DataLookUp - InstitutionBranch'!$B$4:$C$2000, 2, FALSE)), ""))) | D96: 223000000000002 | E96: =IF(EXACT($D96, ""), "", VLOOKUP($D96, 'REF - ContactNumberType'!$B$4:$C$10, 2, FALSE)) -> Mobile Phone | F96: +62 813-1713-1650 | H96: Dwi Kristianto | J96: =J95 + IF(EXACT(K96, ""), 0, 1) -> 286000000000093 | K96: =IF(EXACT(F96, ""), "", CONCATENATE("PERFORM ""SchData-OLTP-Master"".""Func_TblContactNumber_SET""(varSystemLoginSession::bigint, null::bigint, null::varchar, null::timestamptz, null::timestamptz, null::varchar, varInstitutionBranchID::bigint, varBaseCurrencyID::bigint, ", IF(EXACT($D96, ""), "NULL", ""&$D96&""), "::bigint, ", IF(EXACT($F96, ""), "NULL", "'"&$F96&"'"), "::varchar, ", IF(EXACT($G96, ""), "NULL", "'"&$G96&"'"), "::varchar, ", IF(EXACT($H96, ""), "NULL", "'"&$H96&"'"), "::varchar, ", IF(EXACT($B96, ""), "NULL", "'"&$B96&"'"), "::bigint);")) -> PERFORM "SchData-OLTP-Master"."Func_TblContactNumber_SET"(varSystemLoginSession::bigint, null::bigint, null::varchar, null::timestamptz, null::timestamptz, null::varchar, varInstitutionBranchID::bigint, varBaseCurrencyID::bigint, 223000000000002::bigint, '+62 813-1713-1650'::varchar, NULL::varchar, 'Dwi Kristianto'::varchar, NULL::bigint);
C97: =IF(EXACT($B97, ""), "", IF((($B97 - MOD($B97, 1000000000000))/1000000000000)=25, CONCATENATE("Person - ", VLOOKUP($B97, [1]DataLookUp!$B$4:$C$2000, 2, FALSE)), IF((($B97 - MOD($B97, 1000000000000))/1000000000000)=124, CONCATENATE("Institution - ", VLOOKUP($B97, '[2]DataLookUp - InstitutionBranch'!$B$4:$C$2000, 2, FALSE)), ""))) | D97: 223000000000002 | E97: =IF(EXACT($D97, ""), "", VLOOKUP($D97, 'REF - ContactNumberType'!$B$4:$C$10, 2, FALSE)) -> Mobile Phone | F97: +62 813-6191-3004 | H97: Jusuf Gandi Lumban Tobing | J97: =J96 + IF(EXACT(K97, ""), 0, 1) -> 286000000000094 | K97: =IF(EXACT(F97, ""), "", CONCATENATE("PERFORM ""SchData-OLTP-Master"".""Func_TblContactNumber_SET""(varSystemLoginSession::bigint, null::bigint, null::varchar, null::timestamptz, null::timestamptz, null::varchar, varInstitutionBranchID::bigint, varBaseCurrencyID::bigint, ", IF(EXACT($D97, ""), "NULL", ""&$D97&""), "::bigint, ", IF(EXACT($F97, ""), "NULL", "'"&$F97&"'"), "::varchar, ", IF(EXACT($G97, ""), "NULL", "'"&$G97&"'"), "::varchar, ", IF(EXACT($H97, ""), "NULL", "'"&$H97&"'"), "::varchar, ", IF(EXACT($B97, ""), "NULL", "'"&$B97&"'"), "::bigint);")) -> PERFORM "SchData-OLTP-Master"."Func_TblContactNumber_SET"(varSystemLoginSession::bigint, null::bigint, null::varchar, null::timestamptz, null::timestamptz, null::varchar, varInstitutionBranchID::bigint, varBaseCurrencyID::bigint, 223000000000002::bigint, '+62 813-6191-3004'::varchar, NULL::varchar, 'Jusuf Gandi Lumban Tobing'::varchar, NULL::bigint);
C98: =IF(EXACT($B98, ""), "", IF((($B98 - MOD($B98, 1000000000000))/1000000000000)=25, CONCATENATE("Person - ", VLOOKUP($B98, [1]DataLookUp!$B$4:$C$2000, 2, FALSE)), IF((($B98 - MOD($B98, 1000000000000))/1000000000000)=124, CONCATENATE("Institution - ", VLOOKUP($B98, '[2]DataLookUp - InstitutionBranch'!$B$4:$C$2000, 2, FALSE)), ""))) | D98: 223000000000002 | E98: =IF(EXACT($D98, ""), "", VLOOKUP($D98, 'REF - ContactNumberType'!$B$4:$C$10, 2, FALSE)) -> Mobile Phone | F98: +62 813-1942-6812 | H98: Herman | J98: =J97 + IF(EXACT(K98, ""), 0, 1) -> 286000000000095 | K98: =IF(EXACT(F98, ""), "", CONCATENATE("PERFORM ""SchData-OLTP-Master"".""Func_TblContactNumber_SET""(varSystemLoginSession::bigint, null::bigint, null::varchar, null::timestamptz, null::timestamptz, null::varchar, varInstitutionBranchID::bigint, varBaseCurrencyID::bigint, ", IF(EXACT($D98, ""), "NULL", ""&$D98&""), "::bigint, ", IF(EXACT($F98, ""), "NULL", "'"&$F98&"'"), "::varchar, ", IF(EXACT($G98, ""), "NULL", "'"&$G98&"'"), "::varchar, ", IF(EXACT($H98, ""), "NULL", "'"&$H98&"'"), "::varchar, ", IF(EXACT($B98, ""), "NULL", "'"&$B98&"'"), "::bigint);")) -> PERFORM "SchData-OLTP-Master"."Func_TblContactNumber_SET"(varSystemLoginSession::bigint, null::bigint, null::varchar, null::timestamptz, null::timestamptz, null::varchar, varInstitutionBranchID::bigint, varBaseCurrencyID::bigint, 223000000000002::bigint, '+62 813-1942-6812'::varchar, NULL::varchar, 'Herman'::varchar, NULL::bigint);
B99: 25000000000282 | C99: =IF(EXACT($B99, ""), "", IF((($B99 - MOD($B99, 1000000000000))/1000000000000)=25, CONCATENATE("Person - ", VLOOKUP($B99, [1]DataLookUp!$B$4:$C$2000, 2, FALSE)), IF((($B99 - MOD($B99, 1000000000000))/1000000000000)=124, CONCATENATE("Institution - ", VLOOKUP($B99, '[2]DataLookUp - InstitutionBranch'!$B$4:$C$2000, 2, FALSE)), ""))) -> Person - Mhd Syahputra | D99: 223000000000002 | E99: =IF(EXACT($D99, ""), "", VLOOKUP($D99, 'REF - ContactNumberType'!$B$4:$C$10, 2, FALSE)) -> Mobile Phone | F99: +62 821-6221-3821 | H99: Mhd Syahputra | J99: =J98 + IF(EXACT(K99, ""), 0, 1) -> 286000000000096 | K99: =IF(EXACT(F99, ""), "", CONCATENATE("PERFORM ""SchData-OLTP-Master"".""Func_TblContactNumber_SET""(varSystemLoginSession::bigint, null::bigint, null::varchar, null::timestamptz, null::timestamptz, null::varchar, varInstitutionBranchID::bigint, varBaseCurrencyID::bigint, ", IF(EXACT($D99, ""), "NULL", ""&$D99&""), "::bigint, ", IF(EXACT($F99, ""), "NULL", "'"&$F99&"'"), "::varchar, ", IF(EXACT($G99, ""), "NULL", "'"&$G99&"'"), "::varchar, ", IF(EXACT($H99, ""), "NULL", "'"&$H99&"'"), "::varchar, ", IF(EXACT($B99, ""), "NULL", "'"&$B99&"'"), "::bigint);")) -> PERFORM "SchData-OLTP-Master"."Func_TblContactNumber_SET"(varSystemLoginSession::bigint, null::bigint, null::varchar, null::timestamptz, null::timestamptz, null::varchar, varInstitutionBranchID::bigint, varBaseCurrencyID::bigint, 223000000000002::bigint, '+62 821-6221-3821'::varchar, NULL::varchar, 'Mhd Syahputra'::varchar, '25000000000282'::bigint);
B100: 25000000000178 | C100: =IF(EXACT($B100, ""), "", IF((($B100 - MOD($B100, 1000000000000))/1000000000000)=25, CONCATENATE("Person - ", VLOOKUP($B100, [1]DataLookUp!$B$4:$C$2000, 2, FALSE)), IF((($B100 - MOD($B100, 1000000000000))/1000000000000)=124, CONCATENATE("Institution - ", VLOOKUP($B100, '[2]DataLookUp - InstitutionBranch'!$B$4:$C$2000, 2, FALSE)), ""))) -> Person - Harlen Amudi Purba | D100: 223000000000002 | E100: =IF(EXACT($D100, ""), "", VLOOKUP($D100, 'REF - ContactNumberType'!$B$4:$C$10, 2, FALSE)) -> Mobile Phone | F100: +62 823-6942-8777 | H100: Harlen Amudi Purba | J100: =J99 + IF(EXACT(K100, ""), 0, 1) -> 286000000000097 | K100: =IF(EXACT(F100, ""), "", CONCATENATE("PERFORM ""SchData-OLTP-Master"".""Func_TblContactNumber_SET""(varSystemLoginSession::bigint, null::bigint, null::varchar, null::timestamptz, null::timestamptz, null::varchar, varInstitutionBranchID::bigint, varBaseCurrencyID::bigint, ", IF(EXACT($D100, ""), "NULL", ""&$D100&""), "::bigint, ", IF(EXACT($F100, ""), "NULL", "'"&$F100&"'"), "::varchar, ", IF(EXACT($G100, ""), "NULL", "'"&$G100&"'"), "::varchar, ", IF(EXACT($H100, ""), "NULL", "'"&$H100&"'"), "::varchar, ", IF(EXACT($B100, ""), "NULL", "'"&$B100&"'"), "::bigint);")) -> PERFORM "SchData-OLTP-Master"."Func_TblContactNumber_SET"(varSystemLoginSession::bigint, null::bigint, null::varchar, null::timestamptz, null::timestamptz, null::varchar, varInstitutionBranchID::bigint, varBaseCurrencyID::bigint, 223000000000002::bigint, '+62 823-6942-8777'::varchar, NULL::varchar, 'Harlen Amudi Purba'::varchar, '25000000000178'::bigint);
C101: =IF(EXACT($B101, ""), "", IF((($B101 - MOD($B101, 1000000000000))/1000000000000)=25, CONCATENATE("Person - ", VLOOKUP($B101, [1]DataLookUp!$B$4:$C$2000, 2, FALSE)), IF((($B101 - MOD($B101, 1000000000000))/1000000000000)=124, CONCATENATE("Institution - ", VLOOKUP($B101, '[2]DataLookUp - InstitutionBranch'!$B$4:$C$2000, 2, FALSE)), ""))) | D101: 223000000000002 | E101: =IF(EXACT($D101, ""), "", VLOOKUP($D101, 'REF - ContactNumberType'!$B$4:$C$10, 2, FALSE)) -> Mobile Phone | F101: +62 856-0933-4286 | H101: M Ridho Pramudia | J101: =J100 + IF(EXACT(K101, ""), 0, 1) -> 286000000000098 | K101: =IF(EXACT(F101, ""), "", CONCATENATE("PERFORM ""SchData-OLTP-Master"".""Func_TblContactNumber_SET""(varSystemLoginSession::bigint, null::bigint, null::varchar, null::timestamptz, null::timestamptz, null::varchar, varInstitutionBranchID::bigint, varBaseCurrencyID::bigint, ", IF(EXACT($D101, ""), "NULL", ""&$D101&""), "::bigint, ", IF(EXACT($F101, ""), "NULL", "'"&$F101&"'"), "::varchar, ", IF(EXACT($G101, ""), "NULL", "'"&$G101&"'"), "::varchar, ", IF(EXACT($H101, ""), "NULL", "'"&$H101&"'"), "::varchar, ", IF(EXACT($B101, ""), "NULL", "'"&$B101&"'"), "::bigint);")) -> PERFORM "SchData-OLTP-Master"."Func_TblContactNumber_SET"(varSystemLoginSession::bigint, null::bigint, null::varchar, null::timestamptz, null::timestamptz, null::varchar, varInstitutionBranchID::bigint, varBaseCurrencyID::bigint, 223000000000002::bigint, '+62 856-0933-4286'::varchar, NULL::varchar, 'M Ridho Pramudia'::varchar, NULL::bigint);
B102: 25000000000125 | C102: =IF(EXACT($B102, ""), "", IF((($B102 - MOD($B102, 1000000000000))/1000000000000)=25, CONCATENATE("Person - ", VLOOKUP($B102, [1]DataLookUp!$B$4:$C$2000, 2, FALSE)), IF((($B102 - MOD($B102, 1000000000000))/1000000000000)=124, CONCATENATE("Institution - ", VLOOKUP($B102, '[2]DataLookUp - InstitutionBranch'!$B$4:$C$2000, 2, FALSE)), ""))) -> Person - Eka Purwanti | D102: 223000000000002 | E102: =IF(EXACT($D102, ""), "", VLOOKUP($D102, 'REF - ContactNumberType'!$B$4:$C$10, 2, FALSE)) -> Mobile Phone | F102: +62 878-8167-4480 | H102: Eka Purwanti | J102: =J101 + IF(EXACT(K102, ""), 0, 1) -> 286000000000099 | K102: =IF(EXACT(F102, ""), "", CONCATENATE("PERFORM ""SchData-OLTP-Master"".""Func_TblContactNumber_SET""(varSystemLoginSession::bigint, null::bigint, null::varchar, null::timestamptz, null::timestamptz, null::varchar, varInstitutionBranchID::bigint, varBaseCurrencyID::bigint, ", IF(EXACT($D102, ""), "NULL", ""&$D102&""), "::bigint, ", IF(EXACT($F102, ""), "NULL", "'"&$F102&"'"), "::varchar, ", IF(EXACT($G102, ""), "NULL", "'"&$G102&"'"), "::varchar, ", IF(EXACT($H102, ""), "NULL", "'"&$H102&"'"), "::varchar, ", IF(EXACT($B102, ""), "NULL", "'"&$B102&"'"), "::bigint);")) -> PERFORM "SchData-OLTP-Master"."Func_TblContactNumber_SET"(varSystemLoginSession::bigint, null::bigint, null::varchar, null::timestamptz, null::timestamptz, null::varchar, varInstitutionBranchID::bigint, varBaseCurrencyID::bigint, 223000000000002::bigint, '+62 878-8167-4480'::varchar, NULL::varchar, 'Eka Purwanti'::varchar, '25000000000125'::bigint);
B103: 25000000000255 | C103: =IF(EXACT($B103, ""), "", IF((($B103 - MOD($B103, 1000000000000))/1000000000000)=25, CONCATENATE("Person - ", VLOOKUP($B103, [1]DataLookUp!$B$4:$C$2000, 2, FALSE)), IF((($B103 - MOD($B103, 1000000000000))/1000000000000)=124, CONCATENATE("Institution - ", VLOOKUP($B103, '[2]DataLookUp - InstitutionBranch'!$B$4:$C$2000, 2, FALSE)), ""))) -> Person - Krisnawan | D103: 223000000000002 | E103: =IF(EXACT($D103, ""), "", VLOOKUP($D103, 'REF - ContactNumberType'!$B$4:$C$10, 2, FALSE)) -> Mobile Phone | F103: +62 811-133-616 | H103: Krisnawan | J103: =J102 + IF(EXACT(K103, ""), 0, 1) -> 286000000000100 | K103: =IF(EXACT(F103, ""), "", CONCATENATE("PERFORM ""SchData-OLTP-Master"".""Func_TblContactNumber_SET""(varSystemLoginSession::bigint, null::bigint, null::varchar, null::timestamptz, null::timestamptz, null::varchar, varInstitutionBranchID::bigint, varBaseCurrencyID::bigint, ", IF(EXACT($D103, ""), "NULL", ""&$D103&""), "::bigint, ", IF(EXACT($F103, ""), "NULL", "'"&$F103&"'"), "::varchar, ", IF(EXACT($G103, ""), "NULL", "'"&$G103&"'"), "::varchar, ", IF(EXACT($H103, ""), "NULL", "'"&$H103&"'"), "::varchar, ", IF(EXACT($B103, ""), "NULL", "'"&$B103&"'"), "::bigint);")) -> PERFORM "SchData-OLTP-Master"."Func_TblContactNumber_SET"(varSystemLoginSession::bigint, null::bigint, null::varchar, null::timestamptz, null::timestamptz, null::varchar, varInstitutionBranchID::bigint, varBaseCurrencyID::bigint, 223000000000002::bigint, '+62 811-133-616'::varchar, NULL::varchar, 'Krisnawan'::varchar, '25000000000255'::bigint);
B104: 25000000000150 | C104: =IF(EXACT($B104, ""), "", IF((($B104 - MOD($B104, 1000000000000))/1000000000000)=25, CONCATENATE("Person - ", VLOOKUP($B104, [1]DataLookUp!$B$4:$C$2000, 2, FALSE)), IF((($B104 - MOD($B104, 1000000000000))/1000000000000)=124, CONCATENATE("Institution - ", VLOOKUP($B104, '[2]DataLookUp - InstitutionBranch'!$B$4:$C$2000, 2, FALSE)), ""))) -> Person - Febryan Mahsyar | D104: 223000000000002 | E104: =IF(EXACT($D104, ""), "", VLOOKUP($D104, 'REF - ContactNumberType'!$B$4:$C$10, 2, FALSE)) -> Mobile Phone | F104: +62 895-0210-7482 | H104: Febryan Mahsyar | J104: =J103 + IF(EXACT(K104, ""), 0, 1) -> 286000000000101 | K104: =IF(EXACT(F104, ""), "", CONCATENATE("PERFORM ""SchData-OLTP-Master"".""Func_TblContactNumber_SET""(varSystemLoginSession::bigint, null::bigint, null::varchar, null::timestamptz, null::timestamptz, null::varchar, varInstitutionBranchID::bigint, varBaseCurrencyID::bigint, ", IF(EXACT($D104, ""), "NULL", ""&$D104&""), "::bigint, ", IF(EXACT($F104, ""), "NULL", "'"&$F104&"'"), "::varchar, ", IF(EXACT($G104, ""), "NULL", "'"&$G104&"'"), "::varchar, ", IF(EXACT($H104, ""), "NULL", "'"&$H104&"'"), "::varchar, ", IF(EXACT($B104, ""), "NULL", "'"&$B104&"'"), "::bigint);")) -> PERFORM "SchData-OLTP-Master"."Func_TblContactNumber_SET"(varSystemLoginSession::bigint, null::bigint, null::varchar, null::timestamptz, null::timestamptz, null::varchar, varInstitutionBranchID::bigint, varBaseCurrencyID::bigint, 223000000000002::bigint, '+62 895-0210-7482'::varchar, NULL::varchar, 'Febryan Mahsyar'::varchar, '25000000000150'::bigint);
B105: 25000000000507 | C105: =IF(EXACT($B105, ""), "", IF((($B105 - MOD($B105, 1000000000000))/1000000000000)=25, CONCATENATE("Person - ", VLOOKUP($B105, [1]DataLookUp!$B$4:$C$2000, 2, FALSE)), IF((($B105 - MOD($B105, 1000000000000))/1000000000000)=124, CONCATENATE("Institution - ", VLOOKUP($B105, '[2]DataLookUp - InstitutionBranch'!$B$4:$C$2000, 2, FALSE)), ""))) -> Person - Khamim Taryono | D105: 223000000000002 | E105: =IF(EXACT($D105, ""), "", VLOOKUP($D105, 'REF - ContactNumberType'!$B$4:$C$10, 2, FALSE)) -> Mobile Phone | F105: +62 813-8426-4004 | H105: Khamim Taryono | J105: =J104 + IF(EXACT(K105, ""), 0, 1) -> 286000000000102 | K105: =IF(EXACT(F105, ""), "", CONCATENATE("PERFORM ""SchData-OLTP-Master"".""Func_TblContactNumber_SET""(varSystemLoginSession::bigint, null::bigint, null::varchar, null::timestamptz, null::timestamptz, null::varchar, varInstitutionBranchID::bigint, varBaseCurrencyID::bigint, ", IF(EXACT($D105, ""), "NULL", ""&$D105&""), "::bigint, ", IF(EXACT($F105, ""), "NULL", "'"&$F105&"'"), "::varchar, ", IF(EXACT($G105, ""), "NULL", "'"&$G105&"'"), "::varchar, ", IF(EXACT($H105, ""), "NULL", "'"&$H105&"'"), "::varchar, ", IF(EXACT($B105, ""), "NULL", "'"&$B105&"'"), "::bigint);")) -> PERFORM "SchData-OLTP-Master"."Func_TblContactNumber_SET"(varSystemLoginSession::bigint, null::bigint, null::varchar, null::timestamptz, null::timestamptz, null::varchar, varInstitutionBranchID::bigint, varBaseCurrencyID::bigint, 223000000000002::bigint, '+62 813-8426-4004'::varchar, NULL::varchar, 'Khamim Taryono'::varchar, '25000000000507'::bigint);
B106: 25000000000101 | C106: =IF(EXACT($B106, ""), "", IF((($B106 - MOD($B106, 1000000000000))/1000000000000)=25, CONCATENATE("Person - ", VLOOKUP($B106, [1]DataLookUp!$B$4:$C$2000, 2, FALSE)), IF((($B106 - MOD($B106, 1000000000000))/1000000000000)=124, CONCATENATE("Institution - ", VLOOKUP($B106, '[2]DataLookUp - InstitutionBranch'!$B$4:$C$2000, 2, FALSE)), ""))) -> Person - Desi Herawati | D106: 223000000000002 | E106: =IF(EXACT($D106, ""), "", VLOOKUP($D106, 'REF - ContactNumberType'!$B$4:$C$10, 2, FALSE)) -> Mobile Phone | F106: +62 856-786-1993 | H106: Desi Herawati | J106: =J105 + IF(EXACT(K106, ""), 0, 1) -> 286000000000103 | K106: =IF(EXACT(F106, ""), "", CONCATENATE("PERFORM ""SchData-OLTP-Master"".""Func_TblContactNumber_SET""(varSystemLoginSession::bigint, null::bigint, null::varchar, null::timestamptz, null::timestamptz, null::varchar, varInstitutionBranchID::bigint, varBaseCurrencyID::bigint, ", IF(EXACT($D106, ""), "NULL", ""&$D106&""), "::bigint, ", IF(EXACT($F106, ""), "NULL", "'"&$F106&"'"), "::varchar, ", IF(EXACT($G106, ""), "NULL", "'"&$G106&"'"), "::varchar, ", IF(EXACT($H106, ""), "NULL", "'"&$H106&"'"), "::varchar, ", IF(EXACT($B106, ""), "NULL", "'"&$B106&"'"), "::bigint);")) -> PERFORM "SchData-OLTP-Master"."Func_TblContactNumber_SET"(varSystemLoginSession::bigint, null::bigint, null::varchar, null::timestamptz, null::timestamptz, null::varchar, varInstitutionBranchID::bigint, varBaseCurrencyID::bigint, 223000000000002::bigint, '+62 856-786-1993'::varchar, NULL::varchar, 'Desi Herawati'::varchar, '25000000000101'::bigint);
B107: 25000000000552 | C107: =IF(EXACT($B107, ""), "", IF((($B107 - MOD($B107, 1000000000000))/1000000000000)=25, CONCATENATE("Person - ", VLOOKUP($B107, [1]DataLookUp!$B$4:$C$2000, 2, FALSE)), IF((($B107 - MOD($B107, 1000000000000))/1000000000000)=124, CONCATENATE("Institution - ", VLOOKUP($B107, '[2]DataLookUp - InstitutionBranch'!$B$4:$C$2000, 2, FALSE)), ""))) -> Person - Aldi Rizaldi | D107: 223000000000002 | E107: =IF(EXACT($D107, ""), "", VLOOKUP($D107, 'REF - ContactNumberType'!$B$4:$C$10, 2, FALSE)) -> Mobile Phone | F107: +62 813-1095-1811 | H107: Aldi Rizaldi | J107: =J106 + IF(EXACT(K107, ""), 0, 1) -> 286000000000104 | K107: =IF(EXACT(F107, ""), "", CONCATENATE("PERFORM ""SchData-OLTP-Master"".""Func_TblContactNumber_SET""(varSystemLoginSession::bigint, null::bigint, null::varchar, null::timestamptz, null::timestamptz, null::varchar, varInstitutionBranchID::bigint, varBaseCurrencyID::bigint, ", IF(EXACT($D107, ""), "NULL", ""&$D107&""), "::bigint, ", IF(EXACT($F107, ""), "NULL", "'"&$F107&"'"), "::varchar, ", IF(EXACT($G107, ""), "NULL", "'"&$G107&"'"), "::varchar, ", IF(EXACT($H107, ""), "NULL", "'"&$H107&"'"), "::varchar, ", IF(EXACT($B107, ""), "NULL", "'"&$B107&"'"), "::bigint);")) -> PERFORM "SchData-OLTP-Master"."Func_TblContactNumber_SET"(varSystemLoginSession::bigint, null::bigint, null::varchar, null::timestamptz, null::timestamptz, null::varchar, varInstitutionBranchID::bigint, varBaseCurrencyID::bigint, 223000000000002::bigint, '+62 813-1095-1811'::varchar, NULL::varchar, 'Aldi Rizaldi'::varchar, '25000000000552'::bigint);
C108: =IF(EXACT($B108, ""), "", IF((($B108 - MOD($B108, 1000000000000))/1000000000000)=25, CONCATENATE("Person - ", VLOOKUP($B108, [1]DataLookUp!$B$4:$C$2000, 2, FALSE)), IF((($B108 - MOD($B108, 1000000000000))/1000000000000)=124, CONCATENATE("Institution - ", VLOOKUP($B108, '[2]DataLookUp - InstitutionBranch'!$B$4:$C$2000, 2, FALSE)), ""))) | D108: 223000000000002 | E108: =IF(EXACT($D108, ""), "", VLOOKUP($D108, 'REF - ContactNumberType'!$B$4:$C$10, 2, FALSE)) -> Mobile Phone | F108: +62 815-7300-5652 | H108: Habib Abdullah Wahab Muharram | J108: =J107 + IF(EXACT(K108, ""), 0, 1) -> 286000000000105 | K108: =IF(EXACT(F108, ""), "", CONCATENATE("PERFORM ""SchData-OLTP-Master"".""Func_TblContactNumber_SET""(varSystemLoginSession::bigint, null::bigint, null::varchar, null::timestamptz, null::timestamptz, null::varchar, varInstitutionBranchID::bigint, varBaseCurrencyID::bigint, ", IF(EXACT($D108, ""), "NULL", ""&$D108&""), "::bigint, ", IF(EXACT($F108, ""), "NULL", "'"&$F108&"'"), "::varchar, ", IF(EXACT($G108, ""), "NULL", "'"&$G108&"'"), "::varchar, ", IF(EXACT($H108, ""), "NULL", "'"&$H108&"'"), "::varchar, ", IF(EXACT($B108, ""), "NULL", "'"&$B108&"'"), "::bigint);")) -> PERFORM "SchData-OLTP-Master"."Func_TblContactNumber_SET"(varSystemLoginSession::bigint, null::bigint, null::varchar, null::timestamptz, null::timestamptz, null::varchar, varInstitutionBranchID::bigint, varBaseCurrencyID::bigint, 223000000000002::bigint, '+62 815-7300-5652'::varchar, NULL::varchar, 'Habib Abdullah Wahab Muharram'::varchar, NULL::bigint);
B109: 25000000000004 | C109: =IF(EXACT($B109, ""), "", IF((($B109 - MOD($B109, 1000000000000))/1000000000000)=25, CONCATENATE("Person - ", VLOOKUP($B109, [1]DataLookUp!$B$4:$C$2000, 2, FALSE)), IF((($B109 - MOD($B109, 1000000000000))/1000000000000)=124, CONCATENATE("Institution - ", VLOOKUP($B109, '[2]DataLookUp - InstitutionBranch'!$B$4:$C$2000, 2, FALSE)), ""))) -> Person - Abdul Risan | D109: 223000000000002 | E109: =IF(EXACT($D109, ""), "", VLOOKUP($D109, 'REF - ContactNumberType'!$B$4:$C$10, 2, FALSE)) -> Mobile Phone | F109: +62 812-8098-7170 | H109: Abdul Risan | J109: =J108 + IF(EXACT(K109, ""), 0, 1) -> 286000000000106 | K109: =IF(EXACT(F109, ""), "", CONCATENATE("PERFORM ""SchData-OLTP-Master"".""Func_TblContactNumber_SET""(varSystemLoginSession::bigint, null::bigint, null::varchar, null::timestamptz, null::timestamptz, null::varchar, varInstitutionBranchID::bigint, varBaseCurrencyID::bigint, ", IF(EXACT($D109, ""), "NULL", ""&$D109&""), "::bigint, ", IF(EXACT($F109, ""), "NULL", "'"&$F109&"'"), "::varchar, ", IF(EXACT($G109, ""), "NULL", "'"&$G109&"'"), "::varchar, ", IF(EXACT($H109, ""), "NULL", "'"&$H109&"'"), "::varchar, ", IF(EXACT($B109, ""), "NULL", "'"&$B109&"'"), "::bigint);")) -> PERFORM "SchData-OLTP-Master"."Func_TblContactNumber_SET"(varSystemLoginSession::bigint, null::bigint, null::varchar, null::timestamptz, null::timestamptz, null::varchar, varInstitutionBranchID::bigint, varBaseCurrencyID::bigint, 223000000000002::bigint, '+62 812-8098-7170'::varchar, NULL::varchar, 'Abdul Risan'::varchar, '25000000000004'::bigint);
...

Sheet DataLookUp
B2: Sys_PID | C2: Contact Number
B4: =IF(EXACT(SEED!$F4, ""), "", SEED!$J4) -> 286000000000001 | C4: =IF(EXACT($B4, ""), "", CONCATENATE(SUBSTITUTE(SEED!$F4, "-", ""), " (", SEED!$E4, IF(EXACT(SEED!$C4, ""), "", CONCATENATE(" ►", SEED!$C4)), ")")) -> +62 87877923708 (Mobile Phone ►Person - Khafid Fahrurrozi)
B5: =IF(EXACT(SEED!$F5, ""), "", SEED!$J5) -> 286000000000002 | C5: =IF(EXACT($B5, ""), "", CONCATENATE(SUBSTITUTE(SEED!$F5, "-", ""), " (", SEED!$E5, IF(EXACT(SEED!$C5, ""), "", CONCATENATE(" ►", SEED!$C5)), ")")) -> +62 81293974227 (Mobile Phone)
B6: =IF(EXACT(SEED!$F6, ""), "", SEED!$J6) -> 286000000000003 | C6: =IF(EXACT($B6, ""), "", CONCATENATE(SUBSTITUTE(SEED!$F6, "-", ""), " (", SEED!$E6, IF(EXACT(SEED!$C6, ""), "", CONCATENATE(" ►", SEED!$C6)), ")")) -> +62 85694010438 (Mobile Phone ►Person - Rian Yushak)
B7: =IF(EXACT(SEED!$F7, ""), "", SEED!$J7) -> 286000000000004 | C7: =IF(EXACT($B7, ""), "", CONCATENATE(SUBSTITUTE(SEED!$F7, "-", ""), " (", SEED!$E7, IF(EXACT(SEED!$C7, ""), "", CONCATENATE(" ►", SEED!$C7)), ")")) -> +62 89682261128 (Mobile Phone)
B8: =IF(EXACT(SEED!$F8, ""), "", SEED!$J8) -> 286000000000005 | C8: =IF(EXACT($B8, ""), "", CONCATENATE(SUBSTITUTE(SEED!$F8, "-", ""), " (", SEED!$E8, IF(EXACT(SEED!$C8, ""), "", CONCATENATE(" ►", SEED!$C8)), ")")) -> +62 83870090020 (Mobile Phone)
B9: =IF(EXACT(SEED!$F9, ""), "", SEED!$J9) -> 286000000000006 | C9: =IF(EXACT($B9, ""), "", CONCATENATE(SUBSTITUTE(SEED!$F9, "-", ""), " (", SEED!$E9, IF(EXACT(SEED!$C9, ""), "", CONCATENATE(" ►", SEED!$C9)), ")")) -> +62 81295924499 (Mobile Phone ►Person - Ardi)
B10: =IF(EXACT(SEED!$F10, ""), "", SEED!$J10) -> 286000000000007 | C10: =IF(EXACT($B10, ""), "", CONCATENATE(SUBSTITUTE(SEED!$F10, "-", ""), " (", SEED!$E10, IF(EXACT(SEED!$C10, ""), "", CONCATENATE(" ►", SEED!$C10)), ")")) -> +62 85721623338 (Mobile Phone ►Person - Erwin Firmansyah)
B11: =IF(EXACT(SEED!$F11, ""), "", SEED!$J11) -> 286000000000008 | C11: =IF(EXACT($B11, ""), "", CONCATENATE(SUBSTITUTE(SEED!$F11, "-", ""), " (", SEED!$E11, IF(EXACT(SEED!$C11, ""), "", CONCATENATE(" ►", SEED!$C11)), ")")) -> +62 81384284951 (Mobile Phone ►Person - Paryanto)
B12: =IF(EXACT(SEED!$F12, ""), "", SEED!$J12) -> 286000000000009 | C12: =IF(EXACT($B12, ""), "", CONCATENATE(SUBSTITUTE(SEED!$F12, "-", ""), " (", SEED!$E12, IF(EXACT(SEED!$C12, ""), "", CONCATENATE(" ►", SEED!$C12)), ")")) -> +62 83873752989 (Mobile Phone)
B13: =IF(EXACT(SEED!$F13, ""), "", SEED!$J13) -> 286000000000010 | C13: =IF(EXACT($B13, ""), "", CONCATENATE(SUBSTITUTE(SEED!$F13, "-", ""), " (", SEED!$E13, IF(EXACT(SEED!$C13, ""), "", CONCATENATE(" ►", SEED!$C13)), ")")) -> +62 82260920555 (Mobile Phone)
B14: =IF(EXACT(SEED!$F14, ""), "", SEED!$J14) -> 286000000000011 | C14: =IF(EXACT($B14, ""), "", CONCATENATE(SUBSTITUTE(SEED!$F14, "-", ""), " (", SEED!$E14, IF(EXACT(SEED!$C14, ""), "", CONCATENATE(" ►", SEED!$C14)), ")")) -> +62 82251313575 (Mobile Phone ►Person - Anggit Ismiyanto)
B15: =IF(EXACT(SEED!$F15, ""), "", SEED!$J15) -> 286000000000012 | C15: =IF(EXACT($B15, ""), "", CONCATENATE(SUBSTITUTE(SEED!$F15, "-", ""), " (", SEED!$E15, IF(EXACT(SEED!$C15, ""), "", CONCATENATE(" ►", SEED!$C15)), ")")) -> +62 81245192298 (Mobile Phone ►Person - Firman Akbar)
... B757: =IF(EXACT(SEED!$F757, ""), "", SEED!$J757) | C757: =IF(EXACT($B757, ""), "", CONCATENATE(SUBSTITUTE(SEED!$F757, "-", ""), " (", SEED!$E757, IF(EXACT(SEED!$C757, ""), "", CONCATENATE(" ►", SEED!$C757)), ")"))

Sheet REF - ContactNumberType
B2: Sys_PID | C2: Name
B4: 223000000000001 | C4: Others
B5: 223000000000002 | C5: Mobile Phone
B6: 223000000000003 | C6: Home Phone
B7: 223000000000004 | C7: Office Phone
B8: 223000000000005 | C8: Faximile
B9: 223000000000006 | C9: Pager

Sheet Sheet1
B4: 25000000000001 | C4: Abdollah Syani Siregar
B5: 25000000000002 | C5: Abdul Karim
B6: 25000000000003 | C6: Abdul Rahman Sitompul
B7: 25000000000004 | C7: Abdul Risan
B8: 25000000000005 | C8: Abdullah Nabil
B9: 25000000000006 | C9: Adhitya Danar
B10: 25000000000007 | C10: Adi Ruswandi
B11: 25000000000008 | C11: Adietya Dharmawan
B12: 25000000000009 | C12: Aditya Yudha Prawira
B13: 25000000000010 | C13: Adli Margie
B14: 25000000000011 | C14: Afrida Eka Putri
B15: 25000000000012 | C15: Agnes Sutedja
... B617: 25000000000614 | C617: Timotius Tabun
