Workbook

Sheet MAIN
B2: Person Real Name | C2: User Name | D2: User Password | F2: SYS_PID Prediction | G2: SQL Syntax | H2: Bulk SQL Syntax
F3: 4000000000000
B4: SysEngine | C4: SysEngine | D4: 748159263 | F4: =F3 + IF(EXACT(G4, ""), 0, 1) -> 4000000000001 | G4: =IF(EXACT(B4, ""), "", CONCATENATE("PERFORM ""SchSysConfig"".""Func_TblDBObject_User_SET""(varSystemLoginSession, varInstitutionBranchID, varBaseCurrencyID, '", B4, "', ", IF(EXACT(C4, ""), "null", CONCATENATE("'", C4, "'")), ", ", IF(EXACT(D4, ""), "''", CONCATENATE("'", D4, "'")), ");")) -> PERFORM "SchSysConfig"."Func_TblDBObject_User_SET"(varSystemLoginSession, varInstitutionBranchID, varBaseCurrencyID, 'SysEngine', 'SysEngine', '748159263'); | H4: =CONCATENATE( "varSQL := varSQL || (CASE WHEN (varSQL = '') THEN '' ELSE ', ' END) || (SELECT JSON_BUILD_OBJECT (", "'recordID', NULL::bigint,", "'entities', ", "JSON_BUILD_OBJECT (", "'sysLoginSession_RefID', varSystemLoginSession::bigint,", "'sysDataAnnotation', NULL::varchar,", "'sysDataSetDateTimeTZ', NULL::timestamptz,", "'sysDataValidityStartDateTimeTZ', NULL::timestamptz,", "'sysDataValidityFinishDateTimeTZ', NULL::timestamptz,", "'sysPartitionRemovableRecordKey_RefID', NULL::bigint,", "'sysBranch_RefID', varInstitutionBranchID::bigint,", "'sysBaseCurrency_RefID',varBaseCurrencyID::bigint,", "'personName', ", IF(EXACT($B4, ""), "null", CONCATENATE("'", SUBSTITUTE($B4, "'", "\'"), "'")), "::varchar,", "'userName', ", IF(EXACT($C4, ""), "null", CONCATENATE("'", SUBSTITUTE($C4, "'", "\'"), "'")), "::varchar,", "'userName', DECODE(", IF(EXACT($D4, ""), "null", CONCATENATE("'", SUBSTITUTE($D4, "'", "\'"), "'")), "::varchar, 'hex'),", "'passwordShadow', MD5(", IF(EXACT($D4, ""), "null", CONCATENATE("'", SUBSTITUTE($D4, "'", "\'"), "'")), "::varchar)", ")))::varchar;") -> varSQL := varSQL || (CASE WHEN (varSQL = '') THEN '' ELSE ', ' END) || (SELECT JSON_BUILD_OBJECT ('recordID', NULL::bigint,'entities', JSON_BUILD_OBJECT ('sysLoginSession_RefID', varSystemLoginSession::bigint,'sysDataAnnotation', NULL::varchar,'sysDataSetDateTimeTZ', NULL::timestamptz,'sysDataValidityStartDateTimeTZ', NULL::timestamptz,'sysDataValidityFinishDateTimeTZ', NULL::timestamptz,'sysPartitionRemovableRecordKey_RefID', NULL::bigint,'sysBranch_RefID', varInstitutionBranchID::bigint,'sysBaseCurrency_RefID',varBaseCurrencyID::bigint,'personName', 'SysEngine'::varchar,'userName', 'SysEngine'::varchar,'userName', DECODE('748159263'::varchar, 'hex'),'passwordShadow', MD5('748159263'::varchar))))::varchar;
B5: SysAdmin | C5: SysAdmin | D5: 748159263 | F5: =F4 + IF(EXACT(G5, ""), 0, 1) -> 4000000000002 | G5: =IF(EXACT(B5, ""), "", CONCATENATE("PERFORM ""SchSysConfig"".""Func_TblDBObject_User_SET""(varSystemLoginSession, varInstitutionBranchID, varBaseCurrencyID, '", B5, "', ", IF(EXACT(C5, ""), "null", CONCATENATE("'", C5, "'")), ", ", IF(EXACT(D5, ""), "''", CONCATENATE("'", D5, "'")), ");")) -> PERFORM "SchSysConfig"."Func_TblDBObject_User_SET"(varSystemLoginSession, varInstitutionBranchID, varBaseCurrencyID, 'SysAdmin', 'SysAdmin', '748159263'); | H5: =CONCATENATE( "varSQL := varSQL || (CASE WHEN (varSQL = '') THEN '' ELSE ', ' END) || (SELECT JSON_BUILD_OBJECT (", "'recordID', NULL::bigint,", "'entities', ", "JSON_BUILD_OBJECT (", "'sysLoginSession_RefID', varSystemLoginSession::bigint,", "'sysDataAnnotation', NULL::varchar,", "'sysDataSetDateTimeTZ', NULL::timestamptz,", "'sysDataValidityStartDateTimeTZ', NULL::timestamptz,", "'sysDataValidityFinishDateTimeTZ', NULL::timestamptz,", "'sysPartitionRemovableRecordKey_RefID', NULL::bigint,", "'sysBranch_RefID', varInstitutionBranchID::bigint,", "'sysBaseCurrency_RefID',varBaseCurrencyID::bigint,", "'personName', ", IF(EXACT($B5, ""), "null", CONCATENATE("'", SUBSTITUTE($B5, "'", "\'"), "'")), "::varchar,", "'userName', ", IF(EXACT($C5, ""), "null", CONCATENATE("'", SUBSTITUTE($C5, "'", "\'"), "'")), "::varchar,", "'userName', DECODE(", IF(EXACT($D5, ""), "null", CONCATENATE("'", SUBSTITUTE($D5, "'", "\'"), "'")), "::varchar, 'hex'),", "'passwordShadow', MD5(", IF(EXACT($D5, ""), "null", CONCATENATE("'", SUBSTITUTE($D5, "'", "\'"), "'")), "::varchar)", ")))::varchar;") -> varSQL := varSQL || (CASE WHEN (varSQL = '') THEN '' ELSE ', ' END) || (SELECT JSON_BUILD_OBJECT ('recordID', NULL::bigint,'entities', JSON_BUILD_OBJECT ('sysLoginSession_RefID', varSystemLoginSession::bigint,'sysDataAnnotation', NULL::varchar,'sysDataSetDateTimeTZ', NULL::timestamptz,'sysDataValidityStartDateTimeTZ', NULL::timestamptz,'sysDataValidityFinishDateTimeTZ', NULL::timestamptz,'sysPartitionRemovableRecordKey_RefID', NULL::bigint,'sysBranch_RefID', varInstitutionBranchID::bigint,'sysBaseCurrency_RefID',varBaseCurrencyID::bigint,'personName', 'SysAdmin'::varchar,'userName', 'SysAdmin'::varchar,'userName', DECODE('748159263'::varchar, 'hex'),'passwordShadow', MD5('748159263'::varchar))))::varchar;
B6: (LDAP) astam | C6: User_Astam | F6: =F5 + IF(EXACT(G6, ""), 0, 1) -> 4000000000003 | G6: =IF(EXACT(B6, ""), "", CONCATENATE("PERFORM ""SchSysConfig"".""Func_TblDBObject_User_SET""(varSystemLoginSession, varInstitutionBranchID, varBaseCurrencyID, '", B6, "', ", IF(EXACT(C6, ""), "null", CONCATENATE("'", C6, "'")), ", ", IF(EXACT(D6, ""), "''", CONCATENATE("'", D6, "'")), ");")) -> PERFORM "SchSysConfig"."Func_TblDBObject_User_SET"(varSystemLoginSession, varInstitutionBranchID, varBaseCurrencyID, '(LDAP) astam', 'User_Astam', ''); | H6: =CONCATENATE( "varSQL := varSQL || (CASE WHEN (varSQL = '') THEN '' ELSE ', ' END) || (SELECT JSON_BUILD_OBJECT (", "'recordID', NULL::bigint,", "'entities', ", "JSON_BUILD_OBJECT (", "'sysLoginSession_RefID', varSystemLoginSession::bigint,", "'sysDataAnnotation', NULL::varchar,", "'sysDataSetDateTimeTZ', NULL::timestamptz,", "'sysDataValidityStartDateTimeTZ', NULL::timestamptz,", "'sysDataValidityFinishDateTimeTZ', NULL::timestamptz,", "'sysPartitionRemovableRecordKey_RefID', NULL::bigint,", "'sysBranch_RefID', varInstitutionBranchID::bigint,", "'sysBaseCurrency_RefID',varBaseCurrencyID::bigint,", "'personName', ", IF(EXACT($B6, ""), "null", CONCATENATE("'", SUBSTITUTE($B6, "'", "\'"), "'")), "::varchar,", "'userName', ", IF(EXACT($C6, ""), "null", CONCATENATE("'", SUBSTITUTE($C6, "'", "\'"), "'")), "::varchar,", "'userName', DECODE(", IF(EXACT($D6, ""), "null", CONCATENATE("'", SUBSTITUTE($D6, "'", "\'"), "'")), "::varchar, 'hex'),", "'passwordShadow', MD5(", IF(EXACT($D6, ""), "null", CONCATENATE("'", SUBSTITUTE($D6, "'", "\'"), "'")), "::varchar)", ")))::varchar;") -> varSQL := varSQL || (CASE WHEN (varSQL = '') THEN '' ELSE ', ' END) || (SELECT JSON_BUILD_OBJECT ('recordID', NULL::bigint,'entities', JSON_BUILD_OBJECT ('sysLoginSession_RefID', varSystemLoginSession::bigint,'sysDataAnnotation', NULL::varchar,'sysDataSetDateTimeTZ', NULL::timestamptz,'sysDataValidityStartDateTimeTZ', NULL::timestamptz,'sysDataValidityFinishDateTimeTZ', NULL::timestamptz,'sysPartitionRemovableRecordKey_RefID', NULL::bigint,'sysBranch_RefID', varInstitutionBranchID::bigint,'sysBaseCurrency_RefID',varBaseCurrencyID::bigint,'personName', '(LDAP) astam'::varchar,'userName', 'User_Astam'::varchar,'userName', DECODE(null::varchar, 'hex'),'passwordShadow', MD5(null::varchar))))::varchar;
B7: (LDAP) hasrul | C7: User_Hasrul | F7: =F6 + IF(EXACT(G7, ""), 0, 1) -> 4000000000004 | G7: =IF(EXACT(B7, ""), "", CONCATENATE("PERFORM ""SchSysConfig"".""Func_TblDBObject_User_SET""(varSystemLoginSession, varInstitutionBranchID, varBaseCurrencyID, '", B7, "', ", IF(EXACT(C7, ""), "null", CONCATENATE("'", C7, "'")), ", ", IF(EXACT(D7, ""), "''", CONCATENATE("'", D7, "'")), ");")) -> PERFORM "SchSysConfig"."Func_TblDBObject_User_SET"(varSystemLoginSession, varInstitutionBranchID, varBaseCurrencyID, '(LDAP) hasrul', 'User_Hasrul', '');
B8: (LDAP) irma | C8: User_Irma | F8: =F7 + IF(EXACT(G8, ""), 0, 1) -> 4000000000005 | G8: =IF(EXACT(B8, ""), "", CONCATENATE("PERFORM ""SchSysConfig"".""Func_TblDBObject_User_SET""(varSystemLoginSession, varInstitutionBranchID, varBaseCurrencyID, '", B8, "', ", IF(EXACT(C8, ""), "null", CONCATENATE("'", C8, "'")), ", ", IF(EXACT(D8, ""), "''", CONCATENATE("'", D8, "'")), ");")) -> PERFORM "SchSysConfig"."Func_TblDBObject_User_SET"(varSystemLoginSession, varInstitutionBranchID, varBaseCurrencyID, '(LDAP) irma', 'User_Irma', '');
B9: (LDAP) lina | C9: User_Lina | F9: =F8 + IF(EXACT(G9, ""), 0, 1) -> 4000000000006 | G9: =IF(EXACT(B9, ""), "", CONCATENATE("PERFORM ""SchSysConfig"".""Func_TblDBObject_User_SET""(varSystemLoginSession, varInstitutionBranchID, varBaseCurrencyID, '", B9, "', ", IF(EXACT(C9, ""), "null", CONCATENATE("'", C9, "'")), ", ", IF(EXACT(D9, ""), "''", CONCATENATE("'", D9, "'")), ");")) -> PERFORM "SchSysConfig"."Func_TblDBObject_User_SET"(varSystemLoginSession, varInstitutionBranchID, varBaseCurrencyID, '(LDAP) lina', 'User_Lina', '');
B10: (LDAP) dadi | C10: User_Dadi | F10: =F9 + IF(EXACT(G10, ""), 0, 1) -> 4000000000007 | G10: =IF(EXACT(B10, ""), "", CONCATENATE("PERFORM ""SchSysConfig"".""Func_TblDBObject_User_SET""(varSystemLoginSession, varInstitutionBranchID, varBaseCurrencyID, '", B10, "', ", IF(EXACT(C10, ""), "null", CONCATENATE("'", C10, "'")), ", ", IF(EXACT(D10, ""), "''", CONCATENATE("'", D10, "'")), ");")) -> PERFORM "SchSysConfig"."Func_TblDBObject_User_SET"(varSystemLoginSession, varInstitutionBranchID, varBaseCurrencyID, '(LDAP) dadi', 'User_Dadi', '');
B11: (LDAP) irvan | C11: User_Irvan | F11: =F10 + IF(EXACT(G11, ""), 0, 1) -> 4000000000008 | G11: =IF(EXACT(B11, ""), "", CONCATENATE("PERFORM ""SchSysConfig"".""Func_TblDBObject_User_SET""(varSystemLoginSession, varInstitutionBranchID, varBaseCurrencyID, '", B11, "', ", IF(EXACT(C11, ""), "null", CONCATENATE("'", C11, "'")), ", ", IF(EXACT(D11, ""), "''", CONCATENATE("'", D11, "'")), ");")) -> PERFORM "SchSysConfig"."Func_TblDBObject_User_SET"(varSystemLoginSession, varInstitutionBranchID, varBaseCurrencyID, '(LDAP) irvan', 'User_Irvan', '');
B12: (LDAP) christianto | C12: User_Christianto | F12: =F11 + IF(EXACT(G12, ""), 0, 1) -> 4000000000009 | G12: =IF(EXACT(B12, ""), "", CONCATENATE("PERFORM ""SchSysConfig"".""Func_TblDBObject_User_SET""(varSystemLoginSession, varInstitutionBranchID, varBaseCurrencyID, '", B12, "', ", IF(EXACT(C12, ""), "null", CONCATENATE("'", C12, "'")), ", ", IF(EXACT(D12, ""), "''", CONCATENATE("'", D12, "'")), ");")) -> PERFORM "SchSysConfig"."Func_TblDBObject_User_SET"(varSystemLoginSession, varInstitutionBranchID, varBaseCurrencyID, '(LDAP) christianto', 'User_Christianto', '');
B13: (LDAP) setiadi | C13: User_Setiadi | F13: =F12 + IF(EXACT(G13, ""), 0, 1) -> 4000000000010 | G13: =IF(EXACT(B13, ""), "", CONCATENATE("PERFORM ""SchSysConfig"".""Func_TblDBObject_User_SET""(varSystemLoginSession, varInstitutionBranchID, varBaseCurrencyID, '", B13, "', ", IF(EXACT(C13, ""), "null", CONCATENATE("'", C13, "'")), ", ", IF(EXACT(D13, ""), "''", CONCATENATE("'", D13, "'")), ");")) -> PERFORM "SchSysConfig"."Func_TblDBObject_User_SET"(varSystemLoginSession, varInstitutionBranchID, varBaseCurrencyID, '(LDAP) setiadi', 'User_Setiadi', '');
B14: (LDAP) ucok | C14: User_Ucok | F14: =F13 + IF(EXACT(G14, ""), 0, 1) -> 4000000000011 | G14: =IF(EXACT(B14, ""), "", CONCATENATE("PERFORM ""SchSysConfig"".""Func_TblDBObject_User_SET""(varSystemLoginSession, varInstitutionBranchID, varBaseCurrencyID, '", B14, "', ", IF(EXACT(C14, ""), "null", CONCATENATE("'", C14, "'")), ", ", IF(EXACT(D14, ""), "''", CONCATENATE("'", D14, "'")), ");")) -> PERFORM "SchSysConfig"."Func_TblDBObject_User_SET"(varSystemLoginSession, varInstitutionBranchID, varBaseCurrencyID, '(LDAP) ucok', 'User_Ucok', '');
B15: (LDAP) kornel | C15: User_Kornel | F15: =F14 + IF(EXACT(G15, ""), 0, 1) -> 4000000000012 | G15: =IF(EXACT(B15, ""), "", CONCATENATE("PERFORM ""SchSysConfig"".""Func_TblDBObject_User_SET""(varSystemLoginSession, varInstitutionBranchID, varBaseCurrencyID, '", B15, "', ", IF(EXACT(C15, ""), "null", CONCATENATE("'", C15, "'")), ", ", IF(EXACT(D15, ""), "''", CONCATENATE("'", D15, "'")), ");")) -> PERFORM "SchSysConfig"."Func_TblDBObject_User_SET"(varSystemLoginSession, varInstitutionBranchID, varBaseCurrencyID, '(LDAP) kornel', 'User_Kornel', '');
B16: (LDAP) ernawati | C16: User_Ernawati | F16: =F15 + IF(EXACT(G16, ""), 0, 1) -> 4000000000013 | G16: =IF(EXACT(B16, ""), "", CONCATENATE("PERFORM ""SchSysConfig"".""Func_TblDBObject_User_SET""(varSystemLoginSession, varInstitutionBranchID, varBaseCurrencyID, '", B16, "', ", IF(EXACT(C16, ""), "null", CONCATENATE("'", C16, "'")), ", ", IF(EXACT(D16, ""), "''", CONCATENATE("'", D16, "'")), ");")) -> PERFORM "SchSysConfig"."Func_TblDBObject_User_SET"(varSystemLoginSession, varInstitutionBranchID, varBaseCurrencyID, '(LDAP) ernawati', 'User_Ernawati', '');
B17: (LDAP) hendri | C17: User_Hendri | F17: =F16 + IF(EXACT(G17, ""), 0, 1) -> 4000000000014 | G17: =IF(EXACT(B17, ""), "", CONCATENATE("PERFORM ""SchSysConfig"".""Func_TblDBObject_User_SET""(varSystemLoginSession, varInstitutionBranchID, varBaseCurrencyID, '", B17, "', ", IF(EXACT(C17, ""), "null", CONCATENATE("'", C17, "'")), ", ", IF(EXACT(D17, ""), "''", CONCATENATE("'", D17, "'")), ");")) -> PERFORM "SchSysConfig"."Func_TblDBObject_User_SET"(varSystemLoginSession, varInstitutionBranchID, varBaseCurrencyID, '(LDAP) hendri', 'User_Hendri', '');
B18: (LDAP) iskandarsyah | C18: User_Iskandarsyah | F18: =F17 + IF(EXACT(G18, ""), 0, 1) -> 4000000000015 | G18: =IF(EXACT(B18, ""), "", CONCATENATE("PERFORM ""SchSysConfig"".""Func_TblDBObject_User_SET""(varSystemLoginSession, varInstitutionBranchID, varBaseCurrencyID, '", B18, "', ", IF(EXACT(C18, ""), "null", CONCATENATE("'", C18, "'")), ", ", IF(EXACT(D18, ""), "''", CONCATENATE("'", D18, "'")), ");")) -> PERFORM "SchSysConfig"."Func_TblDBObject_User_SET"(varSystemLoginSession, varInstitutionBranchID, varBaseCurrencyID, '(LDAP) iskandarsyah', 'User_Iskandarsyah', '');
... B622: (LDAP) dian.tri | C622: User_DianTri | F622: =F621 + IF(EXACT(G622, ""), 0, 1) -> 4000000000619 | G622: =IF(EXACT(B622, ""), "", CONCATENATE("PERFORM ""SchSysConfig"".""Func_TblDBObject_User_SET""(varSystemLoginSession, varInstitutionBranchID, varBaseCurrencyID, '", B622, "', ", IF(EXACT(C622, ""), "null", CONCATENATE("'", C622, "'")), ", ", IF(EXACT(D622, ""), "''", CONCATENATE("'", D622, "'")), ");")) -> PERFORM "SchSysConfig"."Func_TblDBObject_User_SET"(varSystemLoginSession, varInstitutionBranchID, varBaseCurrencyID, '(LDAP) dian.tri', 'User_DianTri', '');
F623: =F617 + IF(EXACT(G623, ""), 0, 1) -> 4000000000614 | G623: =IF(EXACT(B623, ""), "", CONCATENATE("PERFORM ""SchSysConfig"".""Func_TblDBObject_User_SET""(varSystemLoginSession, varInstitutionBranchID, varBaseCurrencyID, '", B623, "', ", IF(EXACT(C623, ""), "null", CONCATENATE("'", C623, "'")), ", ", IF(EXACT(D623, ""), "''", CONCATENATE("'", D623, "'")), ");"))

Sheet DataLookUp
B2: SYS_PID | C2: =MAIN!B2 -> Person Real Name | D2: =MAIN!C2 -> User Name
B4: =IF(EXACT(MAIN!$G4, ""), "", MAIN!$F4) -> 4000000000001 | C4: =IF(EXACT(MAIN!$G4, ""), "", MAIN!$B4) -> SysEngine | D4: =IF(EXACT(MAIN!$G4, ""), "", MAIN!$C4) -> SysEngine
B5: =IF(EXACT(MAIN!$G5, ""), "", MAIN!$F5) -> 4000000000002 | C5: =IF(EXACT(MAIN!$G5, ""), "", MAIN!$B5) -> SysAdmin | D5: =IF(EXACT(MAIN!$G5, ""), "", MAIN!$C5) -> SysAdmin
B6: =IF(EXACT(MAIN!$G6, ""), "", MAIN!$F6) -> 4000000000003 | C6: =IF(EXACT(MAIN!$G6, ""), "", MAIN!$B6) -> (LDAP) astam | D6: =IF(EXACT(MAIN!$G6, ""), "", MAIN!$C6) -> User_Astam
B7: =IF(EXACT(MAIN!$G7, ""), "", MAIN!$F7) -> 4000000000004 | C7: =IF(EXACT(MAIN!$G7, ""), "", MAIN!$B7) -> (LDAP) hasrul | D7: =IF(EXACT(MAIN!$G7, ""), "", MAIN!$C7) -> User_Hasrul
B8: =IF(EXACT(MAIN!$G8, ""), "", MAIN!$F8) -> 4000000000005 | C8: =IF(EXACT(MAIN!$G8, ""), "", MAIN!$B8) -> (LDAP) irma | D8: =IF(EXACT(MAIN!$G8, ""), "", MAIN!$C8) -> User_Irma
B9: =IF(EXACT(MAIN!$G9, ""), "", MAIN!$F9) -> 4000000000006 | C9: =IF(EXACT(MAIN!$G9, ""), "", MAIN!$B9) -> (LDAP) lina | D9: =IF(EXACT(MAIN!$G9, ""), "", MAIN!$C9) -> User_Lina
B10: =IF(EXACT(MAIN!$G10, ""), "", MAIN!$F10) -> 4000000000007 | C10: =IF(EXACT(MAIN!$G10, ""), "", MAIN!$B10) -> (LDAP) dadi | D10: =IF(EXACT(MAIN!$G10, ""), "", MAIN!$C10) -> User_Dadi
B11: =IF(EXACT(MAIN!$G11, ""), "", MAIN!$F11) -> 4000000000008 | C11: =IF(EXACT(MAIN!$G11, ""), "", MAIN!$B11) -> (LDAP) irvan | D11: =IF(EXACT(MAIN!$G11, ""), "", MAIN!$C11) -> User_Irvan
B12: =IF(EXACT(MAIN!$G12, ""), "", MAIN!$F12) -> 4000000000009 | C12: =IF(EXACT(MAIN!$G12, ""), "", MAIN!$B12) -> (LDAP) christianto | D12: =IF(EXACT(MAIN!$G12, ""), "", MAIN!$C12) -> User_Christianto
B13: =IF(EXACT(MAIN!$G13, ""), "", MAIN!$F13) -> 4000000000010 | C13: =IF(EXACT(MAIN!$G13, ""), "", MAIN!$B13) -> (LDAP) setiadi | D13: =IF(EXACT(MAIN!$G13, ""), "", MAIN!$C13) -> User_Setiadi
B14: =IF(EXACT(MAIN!$G14, ""), "", MAIN!$F14) -> 4000000000011 | C14: =IF(EXACT(MAIN!$G14, ""), "", MAIN!$B14) -> (LDAP) ucok | D14: =IF(EXACT(MAIN!$G14, ""), "", MAIN!$C14) -> User_Ucok
B15: =IF(EXACT(MAIN!$G15, ""), "", MAIN!$F15) -> 4000000000012 | C15: =IF(EXACT(MAIN!$G15, ""), "", MAIN!$B15) -> (LDAP) kornel | D15: =IF(EXACT(MAIN!$G15, ""), "", MAIN!$C15) -> User_Kornel
... B617: =IF(EXACT(MAIN!$G617, ""), "", MAIN!$F617) -> 4000000000614 | C617: =IF(EXACT(MAIN!$G617, ""), "", MAIN!$B617) -> (LDAP) amar.abdilah | D617: =IF(EXACT(MAIN!$G617, ""), "", MAIN!$C617) -> User_AmarAbdilah
B618: =IF(EXACT(MAIN!$G623, ""), "", MAIN!$F623) | C618: =IF(EXACT(MAIN!$G623, ""), "", MAIN!$B623) | D618: =IF(EXACT(MAIN!$G623, ""), "", MAIN!$C623)
