Workbook

Sheet MAIN
B2: User Role Group Name | C2: Organization Department Ref ID | D2: Organization Department Name | F2: SYS_PID Prediction | G2: SQL Syntax
F3: 252000000000000
B4: System | C4: 111000000000001 | D4: =IF(EXACT(C4, ""), "", VLOOKUP(C4, '[1]MAIN - OrgDepartment'!$C$3:$D$26, 2, FALSE)) -> Non Department | F4: =F3 + IF(EXACT(G4, ""), 0, 1) -> 252000000000001 | G4: =IF(AND(EXACT(B4, ""), EXACT(C4, "")), "", CONCATENATE("PERFORM ""SchSysConfig"".""Func_TblAppObject_UserRole_SET""(varSystemLoginSession, null::bigint, null::varchar, null::timestamptz, null::timestamptz, null::varchar, varInstitutionBranchID, varBaseCurrencyID, ", (IF(EXACT(B4, ""), "NULL", CONCATENATE("'", B4, "'"))),"::varchar);")) -> PERFORM "SchSysConfig"."Func_TblAppObject_UserRole_SET"(varSystemLoginSession, null::bigint, null::varchar, null::timestamptz, null::timestamptz, null::varchar, varInstitutionBranchID, varBaseCurrencyID, 'System'::varchar); | I4: =IF(EXACT($G4, ""), "", CONCATENATE( "varSQL := varSQL || (CASE WHEN (varSQL = '') THEN '' ELSE ', ' END) || (SELECT JSON_BUILD_OBJECT (", "'recordID', NULL::bigint,", "'entities', ", "JSON_BUILD_OBJECT (", "'sysLoginSession_RefID', varSystemLoginSession::bigint,", "'sysDataAnnotation', NULL::varchar,", "'sysDataSetDateTimeTZ', NULL::timestamptz,", "'sysDataValidityStartDateTimeTZ', NULL::timestamptz,", "'sysDataValidityFinishDateTimeTZ', NULL::timestamptz,", "'sysPartitionRemovableRecordKey_RefID', NULL::bigint,", "'sysBranch_RefID', varInstitutionBranchID::bigint,", "'sysBaseCurrency_RefID',varBaseCurrencyID::bigint,", "'organizationalDepartment_RefID', ", IF(EXACT($C4, ""), "null", CONCATENATE("'", SUBSTITUTE($C4, "'", "\'"), "'")), "::bigint, ", "'name', ", IF(EXACT($B4, ""), "null", CONCATENATE("'", SUBSTITUTE($B4, "'", "\'"), "'")), "::varchar", ")))::varchar;")) -> varSQL := varSQL || (CASE WHEN (varSQL = '') THEN '' ELSE ', ' END) || (SELECT JSON_BUILD_OBJECT ('recordID', NULL::bigint,'entities', JSON_BUILD_OBJECT ('sysLoginSession_RefID', varSystemLoginSession::bigint,'sysDataAnnotation', NULL::varchar,'sysDataSetDateTimeTZ', NULL::timestamptz,'sysDataValidityStartDateTimeTZ', NULL::timestamptz,'sysDataValidityFinishDateTimeTZ', NULL::timestamptz,'sysPartitionRemovableRecordKey_RefID', NULL::bigint,'sysBranch_RefID', varInstitutionBranchID::bigint,'sysBaseCurrency_RefID',varBaseCurrencyID::bigint,'organizationalDepartment_RefID', '111000000000001'::bigint, 'name', 'System'::varchar)))::varchar;
B5: External | C5: 111000000000001 | D5: =IF(EXACT(C5, ""), "", VLOOKUP(C5, '[1]MAIN - OrgDepartment'!$C$3:$D$26, 2, FALSE)) -> Non Department | F5: =F4 + IF(EXACT(G5, ""), 0, 1) -> 252000000000002 | G5: =IF(AND(EXACT(B5, ""), EXACT(C5, "")), "", CONCATENATE("PERFORM ""SchSysConfig"".""Func_TblAppObject_UserRole_SET""(varSystemLoginSession, null::bigint, null::varchar, null::timestamptz, null::timestamptz, null::varchar, varInstitutionBranchID, varBaseCurrencyID, ", (IF(EXACT(B5, ""), "NULL", CONCATENATE("'", B5, "'"))),"::varchar);")) -> PERFORM "SchSysConfig"."Func_TblAppObject_UserRole_SET"(varSystemLoginSession, null::bigint, null::varchar, null::timestamptz, null::timestamptz, null::varchar, varInstitutionBranchID, varBaseCurrencyID, 'External'::varchar); | I5: =IF(EXACT($G5, ""), "", CONCATENATE( "varSQL := varSQL || (CASE WHEN (varSQL = '') THEN '' ELSE ', ' END) || (SELECT JSON_BUILD_OBJECT (", "'recordID', NULL::bigint,", "'entities', ", "JSON_BUILD_OBJECT (", "'sysLoginSession_RefID', varSystemLoginSession::bigint,", "'sysDataAnnotation', NULL::varchar,", "'sysDataSetDateTimeTZ', NULL::timestamptz,", "'sysDataValidityStartDateTimeTZ', NULL::timestamptz,", "'sysDataValidityFinishDateTimeTZ', NULL::timestamptz,", "'sysPartitionRemovableRecordKey_RefID', NULL::bigint,", "'sysBranch_RefID', varInstitutionBranchID::bigint,", "'sysBaseCurrency_RefID',varBaseCurrencyID::bigint,", "'organizationalDepartment_RefID', ", IF(EXACT($C5, ""), "null", CONCATENATE("'", SUBSTITUTE($C5, "'", "\'"), "'")), "::bigint, ", "'name', ", IF(EXACT($B5, ""), "null", CONCATENATE("'", SUBSTITUTE($B5, "'", "\'"), "'")), "::varchar", ")))::varchar;")) -> varSQL := varSQL || (CASE WHEN (varSQL = '') THEN '' ELSE ', ' END) || (SELECT JSON_BUILD_OBJECT ('recordID', NULL::bigint,'entities', JSON_BUILD_OBJECT ('sysLoginSession_RefID', varSystemLoginSession::bigint,'sysDataAnnotation', NULL::varchar,'sysDataSetDateTimeTZ', NULL::timestamptz,'sysDataValidityStartDateTimeTZ', NULL::timestamptz,'sysDataValidityFinishDateTimeTZ', NULL::timestamptz,'sysPartitionRemovableRecordKey_RefID', NULL::bigint,'sysBranch_RefID', varInstitutionBranchID::bigint,'sysBaseCurrency_RefID',varBaseCurrencyID::bigint,'organizationalDepartment_RefID', '111000000000001'::bigint, 'name', 'External'::varchar)))::varchar;
B6: Board Of Director | C6: 111000000000001 | D6: =IF(EXACT(C6, ""), "", VLOOKUP(C6, '[1]MAIN - OrgDepartment'!$C$3:$D$26, 2, FALSE)) -> Non Department | F6: =F5 + IF(EXACT(G6, ""), 0, 1) -> 252000000000003 | G6: =IF(AND(EXACT(B6, ""), EXACT(C6, "")), "", CONCATENATE("PERFORM ""SchSysConfig"".""Func_TblAppObject_UserRole_SET""(varSystemLoginSession, null::bigint, null::varchar, null::timestamptz, null::timestamptz, null::varchar, varInstitutionBranchID, varBaseCurrencyID, ", (IF(EXACT(B6, ""), "NULL", CONCATENATE("'", B6, "'"))),"::varchar);")) -> PERFORM "SchSysConfig"."Func_TblAppObject_UserRole_SET"(varSystemLoginSession, null::bigint, null::varchar, null::timestamptz, null::timestamptz, null::varchar, varInstitutionBranchID, varBaseCurrencyID, 'Board Of Director'::varchar); | I6: =IF(EXACT($G6, ""), "", CONCATENATE( "varSQL := varSQL || (CASE WHEN (varSQL = '') THEN '' ELSE ', ' END) || (SELECT JSON_BUILD_OBJECT (", "'recordID', NULL::bigint,", "'entities', ", "JSON_BUILD_OBJECT (", "'sysLoginSession_RefID', varSystemLoginSession::bigint,", "'sysDataAnnotation', NULL::varchar,", "'sysDataSetDateTimeTZ', NULL::timestamptz,", "'sysDataValidityStartDateTimeTZ', NULL::timestamptz,", "'sysDataValidityFinishDateTimeTZ', NULL::timestamptz,", "'sysPartitionRemovableRecordKey_RefID', NULL::bigint,", "'sysBranch_RefID', varInstitutionBranchID::bigint,", "'sysBaseCurrency_RefID',varBaseCurrencyID::bigint,", "'organizationalDepartment_RefID', ", IF(EXACT($C6, ""), "null", CONCATENATE("'", SUBSTITUTE($C6, "'", "\'"), "'")), "::bigint, ", "'name', ", IF(EXACT($B6, ""), "null", CONCATENATE("'", SUBSTITUTE($B6, "'", "\'"), "'")), "::varchar", ")))::varchar;")) -> varSQL := varSQL || (CASE WHEN (varSQL = '') THEN '' ELSE ', ' END) || (SELECT JSON_BUILD_OBJECT ('recordID', NULL::bigint,'entities', JSON_BUILD_OBJECT ('sysLoginSession_RefID', varSystemLoginSession::bigint,'sysDataAnnotation', NULL::varchar,'sysDataSetDateTimeTZ', NULL::timestamptz,'sysDataValidityStartDateTimeTZ', NULL::timestamptz,'sysDataValidityFinishDateTimeTZ', NULL::timestamptz,'sysPartitionRemovableRecordKey_RefID', NULL::bigint,'sysBranch_RefID', varInstitutionBranchID::bigint,'sysBaseCurrency_RefID',varBaseCurrencyID::bigint,'organizationalDepartment_RefID', '111000000000001'::bigint, 'name', 'Board Of Director'::varchar)))::varchar;
B7: Board Of Comissioner | C7: 111000000000001 | D7: =IF(EXACT(C7, ""), "", VLOOKUP(C7, '[1]MAIN - OrgDepartment'!$C$3:$D$26, 2, FALSE)) -> Non Department | F7: =F6 + IF(EXACT(G7, ""), 0, 1) -> 252000000000004 | G7: =IF(AND(EXACT(B7, ""), EXACT(C7, "")), "", CONCATENATE("PERFORM ""SchSysConfig"".""Func_TblAppObject_UserRole_SET""(varSystemLoginSession, null::bigint, null::varchar, null::timestamptz, null::timestamptz, null::varchar, varInstitutionBranchID, varBaseCurrencyID, ", (IF(EXACT(B7, ""), "NULL", CONCATENATE("'", B7, "'"))),"::varchar);")) -> PERFORM "SchSysConfig"."Func_TblAppObject_UserRole_SET"(varSystemLoginSession, null::bigint, null::varchar, null::timestamptz, null::timestamptz, null::varchar, varInstitutionBranchID, varBaseCurrencyID, 'Board Of Comissioner'::varchar); | I7: =IF(EXACT($G7, ""), "", CONCATENATE( "varSQL := varSQL || (CASE WHEN (varSQL = '') THEN '' ELSE ', ' END) || (SELECT JSON_BUILD_OBJECT (", "'recordID', NULL::bigint,", "'entities', ", "JSON_BUILD_OBJECT (", "'sysLoginSession_RefID', varSystemLoginSession::bigint,", "'sysDataAnnotation', NULL::varchar,", "'sysDataSetDateTimeTZ', NULL::timestamptz,", "'sysDataValidityStartDateTimeTZ', NULL::timestamptz,", "'sysDataValidityFinishDateTimeTZ', NULL::timestamptz,", "'sysPartitionRemovableRecordKey_RefID', NULL::bigint,", "'sysBranch_RefID', varInstitutionBranchID::bigint,", "'sysBaseCurrency_RefID',varBaseCurrencyID::bigint,", "'organizationalDepartment_RefID', ", IF(EXACT($C7, ""), "null", CONCATENATE("'", SUBSTITUTE($C7, "'", "\'"), "'")), "::bigint, ", "'name', ", IF(EXACT($B7, ""), "null", CONCATENATE("'", SUBSTITUTE($B7, "'", "\'"), "'")), "::varchar", ")))::varchar;")) -> varSQL := varSQL || (CASE WHEN (varSQL = '') THEN '' ELSE ', ' END) || (SELECT JSON_BUILD_OBJECT ('recordID', NULL::bigint,'entities', JSON_BUILD_OBJECT ('sysLoginSession_RefID', varSystemLoginSession::bigint,'sysDataAnnotation', NULL::varchar,'sysDataSetDateTimeTZ', NULL::timestamptz,'sysDataValidityStartDateTimeTZ', NULL::timestamptz,'sysDataValidityFinishDateTimeTZ', NULL::timestamptz,'sysPartitionRemovableRecordKey_RefID', NULL::bigint,'sysBranch_RefID', varInstitutionBranchID::bigint,'sysBaseCurrency_RefID',varBaseCurrencyID::bigint,'organizationalDepartment_RefID', '111000000000001'::bigint, 'name', 'Board Of Comissioner'::varchar)))::varchar;
B8: Top Level Management | C8: 111000000000001 | D8: =IF(EXACT(C8, ""), "", VLOOKUP(C8, '[1]MAIN - OrgDepartment'!$C$3:$D$26, 2, FALSE)) -> Non Department | F8: =F7 + IF(EXACT(G8, ""), 0, 1) -> 252000000000005 | G8: =IF(AND(EXACT(B8, ""), EXACT(C8, "")), "", CONCATENATE("PERFORM ""SchSysConfig"".""Func_TblAppObject_UserRole_SET""(varSystemLoginSession, null::bigint, null::varchar, null::timestamptz, null::timestamptz, null::varchar, varInstitutionBranchID, varBaseCurrencyID, ", (IF(EXACT(B8, ""), "NULL", CONCATENATE("'", B8, "'"))),"::varchar);")) -> PERFORM "SchSysConfig"."Func_TblAppObject_UserRole_SET"(varSystemLoginSession, null::bigint, null::varchar, null::timestamptz, null::timestamptz, null::varchar, varInstitutionBranchID, varBaseCurrencyID, 'Top Level Management'::varchar); | I8: =IF(EXACT($G8, ""), "", CONCATENATE( "varSQL := varSQL || (CASE WHEN (varSQL = '') THEN '' ELSE ', ' END) || (SELECT JSON_BUILD_OBJECT (", "'recordID', NULL::bigint,", "'entities', ", "JSON_BUILD_OBJECT (", "'sysLoginSession_RefID', varSystemLoginSession::bigint,", "'sysDataAnnotation', NULL::varchar,", "'sysDataSetDateTimeTZ', NULL::timestamptz,", "'sysDataValidityStartDateTimeTZ', NULL::timestamptz,", "'sysDataValidityFinishDateTimeTZ', NULL::timestamptz,", "'sysPartitionRemovableRecordKey_RefID', NULL::bigint,", "'sysBranch_RefID', varInstitutionBranchID::bigint,", "'sysBaseCurrency_RefID',varBaseCurrencyID::bigint,", "'organizationalDepartment_RefID', ", IF(EXACT($C8, ""), "null", CONCATENATE("'", SUBSTITUTE($C8, "'", "\'"), "'")), "::bigint, ", "'name', ", IF(EXACT($B8, ""), "null", CONCATENATE("'", SUBSTITUTE($B8, "'", "\'"), "'")), "::varchar", ")))::varchar;")) -> varSQL := varSQL || (CASE WHEN (varSQL = '') THEN '' ELSE ', ' END) || (SELECT JSON_BUILD_OBJECT ('recordID', NULL::bigint,'entities', JSON_BUILD_OBJECT ('sysLoginSession_RefID', varSystemLoginSession::bigint,'sysDataAnnotation', NULL::varchar,'sysDataSetDateTimeTZ', NULL::timestamptz,'sysDataValidityStartDateTimeTZ', NULL::timestamptz,'sysDataValidityFinishDateTimeTZ', NULL::timestamptz,'sysPartitionRemovableRecordKey_RefID', NULL::bigint,'sysBranch_RefID', varInstitutionBranchID::bigint,'sysBaseCurrency_RefID',varBaseCurrencyID::bigint,'organizationalDepartment_RefID', '111000000000001'::bigint, 'name', 'Top Level Management'::varchar)))::varchar;
C9: 111000000000002 | D9: =IF(EXACT(C9, ""), "", VLOOKUP(C9, '[1]MAIN - OrgDepartment'!$C$3:$D$26, 2, FALSE)) -> Business Development | F9: =F8 + IF(EXACT(G9, ""), 0, 1) -> 252000000000006 | G9: =IF(AND(EXACT(B9, ""), EXACT(C9, "")), "", CONCATENATE("PERFORM ""SchSysConfig"".""Func_TblAppObject_UserRole_SET""(varSystemLoginSession, null::bigint, null::varchar, null::timestamptz, null::timestamptz, null::varchar, varInstitutionBranchID, varBaseCurrencyID, ", (IF(EXACT(B9, ""), "NULL", CONCATENATE("'", B9, "'"))),"::varchar);")) -> PERFORM "SchSysConfig"."Func_TblAppObject_UserRole_SET"(varSystemLoginSession, null::bigint, null::varchar, null::timestamptz, null::timestamptz, null::varchar, varInstitutionBranchID, varBaseCurrencyID, NULL::varchar); | I9: =IF(EXACT($G9, ""), "", CONCATENATE( "varSQL := varSQL || (CASE WHEN (varSQL = '') THEN '' ELSE ', ' END) || (SELECT JSON_BUILD_OBJECT (", "'recordID', NULL::bigint,", "'entities', ", "JSON_BUILD_OBJECT (", "'sysLoginSession_RefID', varSystemLoginSession::bigint,", "'sysDataAnnotation', NULL::varchar,", "'sysDataSetDateTimeTZ', NULL::timestamptz,", "'sysDataValidityStartDateTimeTZ', NULL::timestamptz,", "'sysDataValidityFinishDateTimeTZ', NULL::timestamptz,", "'sysPartitionRemovableRecordKey_RefID', NULL::bigint,", "'sysBranch_RefID', varInstitutionBranchID::bigint,", "'sysBaseCurrency_RefID',varBaseCurrencyID::bigint,", "'organizationalDepartment_RefID', ", IF(EXACT($C9, ""), "null", CONCATENATE("'", SUBSTITUTE($C9, "'", "\'"), "'")), "::bigint, ", "'name', ", IF(EXACT($B9, ""), "null", CONCATENATE("'", SUBSTITUTE($B9, "'", "\'"), "'")), "::varchar", ")))::varchar;")) -> varSQL := varSQL || (CASE WHEN (varSQL = '') THEN '' ELSE ', ' END) || (SELECT JSON_BUILD_OBJECT ('recordID', NULL::bigint,'entities', JSON_BUILD_OBJECT ('sysLoginSession_RefID', varSystemLoginSession::bigint,'sysDataAnnotation', NULL::varchar,'sysDataSetDateTimeTZ', NULL::timestamptz,'sysDataValidityStartDateTimeTZ', NULL::timestamptz,'sysDataValidityFinishDateTimeTZ', NULL::timestamptz,'sysPartitionRemovableRecordKey_RefID', NULL::bigint,'sysBranch_RefID', varInstitutionBranchID::bigint,'sysBaseCurrency_RefID',varBaseCurrencyID::bigint,'organizationalDepartment_RefID', '111000000000002'::bigint, 'name', null::varchar)))::varchar;
C10: 111000000000003 | D10: =IF(EXACT(C10, ""), "", VLOOKUP(C10, '[1]MAIN - OrgDepartment'!$C$3:$D$26, 2, FALSE)) -> Information Technology | F10: =F9 + IF(EXACT(G10, ""), 0, 1) -> 252000000000007 | G10: =IF(AND(EXACT(B10, ""), EXACT(C10, "")), "", CONCATENATE("PERFORM ""SchSysConfig"".""Func_TblAppObject_UserRole_SET""(varSystemLoginSession, null::bigint, null::varchar, null::timestamptz, null::timestamptz, null::varchar, varInstitutionBranchID, varBaseCurrencyID, ", (IF(EXACT(B10, ""), "NULL", CONCATENATE("'", B10, "'"))),"::varchar);")) -> PERFORM "SchSysConfig"."Func_TblAppObject_UserRole_SET"(varSystemLoginSession, null::bigint, null::varchar, null::timestamptz, null::timestamptz, null::varchar, varInstitutionBranchID, varBaseCurrencyID, NULL::varchar); | I10: =IF(EXACT($G10, ""), "", CONCATENATE( "varSQL := varSQL || (CASE WHEN (varSQL = '') THEN '' ELSE ', ' END) || (SELECT JSON_BUILD_OBJECT (", "'recordID', NULL::bigint,", "'entities', ", "JSON_BUILD_OBJECT (", "'sysLoginSession_RefID', varSystemLoginSession::bigint,", "'sysDataAnnotation', NULL::varchar,", "'sysDataSetDateTimeTZ', NULL::timestamptz,", "'sysDataValidityStartDateTimeTZ', NULL::timestamptz,", "'sysDataValidityFinishDateTimeTZ', NULL::timestamptz,", "'sysPartitionRemovableRecordKey_RefID', NULL::bigint,", "'sysBranch_RefID', varInstitutionBranchID::bigint,", "'sysBaseCurrency_RefID',varBaseCurrencyID::bigint,", "'organizationalDepartment_RefID', ", IF(EXACT($C10, ""), "null", CONCATENATE("'", SUBSTITUTE($C10, "'", "\'"), "'")), "::bigint, ", "'name', ", IF(EXACT($B10, ""), "null", CONCATENATE("'", SUBSTITUTE($B10, "'", "\'"), "'")), "::varchar", ")))::varchar;")) -> varSQL := varSQL || (CASE WHEN (varSQL = '') THEN '' ELSE ', ' END) || (SELECT JSON_BUILD_OBJECT ('recordID', NULL::bigint,'entities', JSON_BUILD_OBJECT ('sysLoginSession_RefID', varSystemLoginSession::bigint,'sysDataAnnotation', NULL::varchar,'sysDataSetDateTimeTZ', NULL::timestamptz,'sysDataValidityStartDateTimeTZ', NULL::timestamptz,'sysDataValidityFinishDateTimeTZ', NULL::timestamptz,'sysPartitionRemovableRecordKey_RefID', NULL::bigint,'sysBranch_RefID', varInstitutionBranchID::bigint,'sysBaseCurrency_RefID',varBaseCurrencyID::bigint,'organizationalDepartment_RefID', '111000000000003'::bigint, 'name', null::varchar)))::varchar;
C11: 111000000000004 | D11: =IF(EXACT(C11, ""), "", VLOOKUP(C11, '[1]MAIN - OrgDepartment'!$C$3:$D$26, 2, FALSE)) -> Sales & Marketing | F11: =F10 + IF(EXACT(G11, ""), 0, 1) -> 252000000000008 | G11: =IF(AND(EXACT(B11, ""), EXACT(C11, "")), "", CONCATENATE("PERFORM ""SchSysConfig"".""Func_TblAppObject_UserRole_SET""(varSystemLoginSession, null::bigint, null::varchar, null::timestamptz, null::timestamptz, null::varchar, varInstitutionBranchID, varBaseCurrencyID, ", (IF(EXACT(B11, ""), "NULL", CONCATENATE("'", B11, "'"))),"::varchar);")) -> PERFORM "SchSysConfig"."Func_TblAppObject_UserRole_SET"(varSystemLoginSession, null::bigint, null::varchar, null::timestamptz, null::timestamptz, null::varchar, varInstitutionBranchID, varBaseCurrencyID, NULL::varchar); | I11: =IF(EXACT($G11, ""), "", CONCATENATE( "varSQL := varSQL || (CASE WHEN (varSQL = '') THEN '' ELSE ', ' END) || (SELECT JSON_BUILD_OBJECT (", "'recordID', NULL::bigint,", "'entities', ", "JSON_BUILD_OBJECT (", "'sysLoginSession_RefID', varSystemLoginSession::bigint,", "'sysDataAnnotation', NULL::varchar,", "'sysDataSetDateTimeTZ', NULL::timestamptz,", "'sysDataValidityStartDateTimeTZ', NULL::timestamptz,", "'sysDataValidityFinishDateTimeTZ', NULL::timestamptz,", "'sysPartitionRemovableRecordKey_RefID', NULL::bigint,", "'sysBranch_RefID', varInstitutionBranchID::bigint,", "'sysBaseCurrency_RefID',varBaseCurrencyID::bigint,", "'organizationalDepartment_RefID', ", IF(EXACT($C11, ""), "null", CONCATENATE("'", SUBSTITUTE($C11, "'", "\'"), "'")), "::bigint, ", "'name', ", IF(EXACT($B11, ""), "null", CONCATENATE("'", SUBSTITUTE($B11, "'", "\'"), "'")), "::varchar", ")))::varchar;")) -> varSQL := varSQL || (CASE WHEN (varSQL = '') THEN '' ELSE ', ' END) || (SELECT JSON_BUILD_OBJECT ('recordID', NULL::bigint,'entities', JSON_BUILD_OBJECT ('sysLoginSession_RefID', varSystemLoginSession::bigint,'sysDataAnnotation', NULL::varchar,'sysDataSetDateTimeTZ', NULL::timestamptz,'sysDataValidityStartDateTimeTZ', NULL::timestamptz,'sysDataValidityFinishDateTimeTZ', NULL::timestamptz,'sysPartitionRemovableRecordKey_RefID', NULL::bigint,'sysBranch_RefID', varInstitutionBranchID::bigint,'sysBaseCurrency_RefID',varBaseCurrencyID::bigint,'organizationalDepartment_RefID', '111000000000004'::bigint, 'name', null::varchar)))::varchar;
C12: 111000000000005 | D12: =IF(EXACT(C12, ""), "", VLOOKUP(C12, '[1]MAIN - OrgDepartment'!$C$3:$D$26, 2, FALSE)) -> Finance & Accounting | F12: =F11 + IF(EXACT(G12, ""), 0, 1) -> 252000000000009 | G12: =IF(AND(EXACT(B12, ""), EXACT(C12, "")), "", CONCATENATE("PERFORM ""SchSysConfig"".""Func_TblAppObject_UserRole_SET""(varSystemLoginSession, null::bigint, null::varchar, null::timestamptz, null::timestamptz, null::varchar, varInstitutionBranchID, varBaseCurrencyID, ", (IF(EXACT(B12, ""), "NULL", CONCATENATE("'", B12, "'"))),"::varchar);")) -> PERFORM "SchSysConfig"."Func_TblAppObject_UserRole_SET"(varSystemLoginSession, null::bigint, null::varchar, null::timestamptz, null::timestamptz, null::varchar, varInstitutionBranchID, varBaseCurrencyID, NULL::varchar); | I12: =IF(EXACT($G12, ""), "", CONCATENATE( "varSQL := varSQL || (CASE WHEN (varSQL = '') THEN '' ELSE ', ' END) || (SELECT JSON_BUILD_OBJECT (", "'recordID', NULL::bigint,", "'entities', ", "JSON_BUILD_OBJECT (", "'sysLoginSession_RefID', varSystemLoginSession::bigint,", "'sysDataAnnotation', NULL::varchar,", "'sysDataSetDateTimeTZ', NULL::timestamptz,", "'sysDataValidityStartDateTimeTZ', NULL::timestamptz,", "'sysDataValidityFinishDateTimeTZ', NULL::timestamptz,", "'sysPartitionRemovableRecordKey_RefID', NULL::bigint,", "'sysBranch_RefID', varInstitutionBranchID::bigint,", "'sysBaseCurrency_RefID',varBaseCurrencyID::bigint,", "'organizationalDepartment_RefID', ", IF(EXACT($C12, ""), "null", CONCATENATE("'", SUBSTITUTE($C12, "'", "\'"), "'")), "::bigint, ", "'name', ", IF(EXACT($B12, ""), "null", CONCATENATE("'", SUBSTITUTE($B12, "'", "\'"), "'")), "::varchar", ")))::varchar;")) -> varSQL := varSQL || (CASE WHEN (varSQL = '') THEN '' ELSE ', ' END) || (SELECT JSON_BUILD_OBJECT ('recordID', NULL::bigint,'entities', JSON_BUILD_OBJECT ('sysLoginSession_RefID', varSystemLoginSession::bigint,'sysDataAnnotation', NULL::varchar,'sysDataSetDateTimeTZ', NULL::timestamptz,'sysDataValidityStartDateTimeTZ', NULL::timestamptz,'sysDataValidityFinishDateTimeTZ', NULL::timestamptz,'sysPartitionRemovableRecordKey_RefID', NULL::bigint,'sysBranch_RefID', varInstitutionBranchID::bigint,'sysBaseCurrency_RefID',varBaseCurrencyID::bigint,'organizationalDepartment_RefID', '111000000000005'::bigint, 'name', null::varchar)))::varchar;
C13: 111000000000006 | D13: =IF(EXACT(C13, ""), "", VLOOKUP(C13, '[1]MAIN - OrgDepartment'!$C$3:$D$26, 2, FALSE)) -> Human Resource Development | F13: =F12 + IF(EXACT(G13, ""), 0, 1) -> 252000000000010 | G13: =IF(AND(EXACT(B13, ""), EXACT(C13, "")), "", CONCATENATE("PERFORM ""SchSysConfig"".""Func_TblAppObject_UserRole_SET""(varSystemLoginSession, null::bigint, null::varchar, null::timestamptz, null::timestamptz, null::varchar, varInstitutionBranchID, varBaseCurrencyID, ", (IF(EXACT(B13, ""), "NULL", CONCATENATE("'", B13, "'"))),"::varchar);")) -> PERFORM "SchSysConfig"."Func_TblAppObject_UserRole_SET"(varSystemLoginSession, null::bigint, null::varchar, null::timestamptz, null::timestamptz, null::varchar, varInstitutionBranchID, varBaseCurrencyID, NULL::varchar); | I13: =IF(EXACT($G13, ""), "", CONCATENATE( "varSQL := varSQL || (CASE WHEN (varSQL = '') THEN '' ELSE ', ' END) || (SELECT JSON_BUILD_OBJECT (", "'recordID', NULL::bigint,", "'entities', ", "JSON_BUILD_OBJECT (", "'sysLoginSession_RefID', varSystemLoginSession::bigint,", "'sysDataAnnotation', NULL::varchar,", "'sysDataSetDateTimeTZ', NULL::timestamptz,", "'sysDataValidityStartDateTimeTZ', NULL::timestamptz,", "'sysDataValidityFinishDateTimeTZ', NULL::timestamptz,", "'sysPartitionRemovableRecordKey_RefID', NULL::bigint,", "'sysBranch_RefID', varInstitutionBranchID::bigint,", "'sysBaseCurrency_RefID',varBaseCurrencyID::bigint,", "'organizationalDepartment_RefID', ", IF(EXACT($C13, ""), "null", CONCATENATE("'", SUBSTITUTE($C13, "'", "\'"), "'")), "::bigint, ", "'name', ", IF(EXACT($B13, ""), "null", CONCATENATE("'", SUBSTITUTE($B13, "'", "\'"), "'")), "::varchar", ")))::varchar;")) -> varSQL := varSQL || (CASE WHEN (varSQL = '') THEN '' ELSE ', ' END) || (SELECT JSON_BUILD_OBJECT ('recordID', NULL::bigint,'entities', JSON_BUILD_OBJECT ('sysLoginSession_RefID', varSystemLoginSession::bigint,'sysDataAnnotation', NULL::varchar,'sysDataSetDateTimeTZ', NULL::timestamptz,'sysDataValidityStartDateTimeTZ', NULL::timestamptz,'sysDataValidityFinishDateTimeTZ', NULL::timestamptz,'sysPartitionRemovableRecordKey_RefID', NULL::bigint,'sysBranch_RefID', varInstitutionBranchID::bigint,'sysBaseCurrency_RefID',varBaseCurrencyID::bigint,'organizationalDepartment_RefID', '111000000000006'::bigint, 'name', null::varchar)))::varchar;
C14: 111000000000007 | D14: =IF(EXACT(C14, ""), "", VLOOKUP(C14, '[1]MAIN - OrgDepartment'!$C$3:$D$26, 2, FALSE)) -> Health Safety Environment | F14: =F13 + IF(EXACT(G14, ""), 0, 1) -> 252000000000011 | G14: =IF(AND(EXACT(B14, ""), EXACT(C14, "")), "", CONCATENATE("PERFORM ""SchSysConfig"".""Func_TblAppObject_UserRole_SET""(varSystemLoginSession, null::bigint, null::varchar, null::timestamptz, null::timestamptz, null::varchar, varInstitutionBranchID, varBaseCurrencyID, ", (IF(EXACT(B14, ""), "NULL", CONCATENATE("'", B14, "'"))),"::varchar);")) -> PERFORM "SchSysConfig"."Func_TblAppObject_UserRole_SET"(varSystemLoginSession, null::bigint, null::varchar, null::timestamptz, null::timestamptz, null::varchar, varInstitutionBranchID, varBaseCurrencyID, NULL::varchar); | I14: =IF(EXACT($G14, ""), "", CONCATENATE( "varSQL := varSQL || (CASE WHEN (varSQL = '') THEN '' ELSE ', ' END) || (SELECT JSON_BUILD_OBJECT (", "'recordID', NULL::bigint,", "'entities', ", "JSON_BUILD_OBJECT (", "'sysLoginSession_RefID', varSystemLoginSession::bigint,", "'sysDataAnnotation', NULL::varchar,", "'sysDataSetDateTimeTZ', NULL::timestamptz,", "'sysDataValidityStartDateTimeTZ', NULL::timestamptz,", "'sysDataValidityFinishDateTimeTZ', NULL::timestamptz,", "'sysPartitionRemovableRecordKey_RefID', NULL::bigint,", "'sysBranch_RefID', varInstitutionBranchID::bigint,", "'sysBaseCurrency_RefID',varBaseCurrencyID::bigint,", "'organizationalDepartment_RefID', ", IF(EXACT($C14, ""), "null", CONCATENATE("'", SUBSTITUTE($C14, "'", "\'"), "'")), "::bigint, ", "'name', ", IF(EXACT($B14, ""), "null", CONCATENATE("'", SUBSTITUTE($B14, "'", "\'"), "'")), "::varchar", ")))::varchar;")) -> varSQL := varSQL || (CASE WHEN (varSQL = '') THEN '' ELSE ', ' END) || (SELECT JSON_BUILD_OBJECT ('recordID', NULL::bigint,'entities', JSON_BUILD_OBJECT ('sysLoginSession_RefID', varSystemLoginSession::bigint,'sysDataAnnotation', NULL::varchar,'sysDataSetDateTimeTZ', NULL::timestamptz,'sysDataValidityStartDateTimeTZ', NULL::timestamptz,'sysDataValidityFinishDateTimeTZ', NULL::timestamptz,'sysPartitionRemovableRecordKey_RefID', NULL::bigint,'sysBranch_RefID', varInstitutionBranchID::bigint,'sysBaseCurrency_RefID',varBaseCurrencyID::bigint,'organizationalDepartment_RefID', '111000000000007'::bigint, 'name', null::varchar)))::varchar;
C15: 111000000000008 | D15: =IF(EXACT(C15, ""), "", VLOOKUP(C15, '[1]MAIN - OrgDepartment'!$C$3:$D$26, 2, FALSE)) -> Logistics & Warehouse | F15: =F14 + IF(EXACT(G15, ""), 0, 1) -> 252000000000012 | G15: =IF(AND(EXACT(B15, ""), EXACT(C15, "")), "", CONCATENATE("PERFORM ""SchSysConfig"".""Func_TblAppObject_UserRole_SET""(varSystemLoginSession, null::bigint, null::varchar, null::timestamptz, null::timestamptz, null::varchar, varInstitutionBranchID, varBaseCurrencyID, ", (IF(EXACT(B15, ""), "NULL", CONCATENATE("'", B15, "'"))),"::varchar);")) -> PERFORM "SchSysConfig"."Func_TblAppObject_UserRole_SET"(varSystemLoginSession, null::bigint, null::varchar, null::timestamptz, null::timestamptz, null::varchar, varInstitutionBranchID, varBaseCurrencyID, NULL::varchar); | I15: =IF(EXACT($G15, ""), "", CONCATENATE( "varSQL := varSQL || (CASE WHEN (varSQL = '') THEN '' ELSE ', ' END) || (SELECT JSON_BUILD_OBJECT (", "'recordID', NULL::bigint,", "'entities', ", "JSON_BUILD_OBJECT (", "'sysLoginSession_RefID', varSystemLoginSession::bigint,", "'sysDataAnnotation', NULL::varchar,", "'sysDataSetDateTimeTZ', NULL::timestamptz,", "'sysDataValidityStartDateTimeTZ', NULL::timestamptz,", "'sysDataValidityFinishDateTimeTZ', NULL::timestamptz,", "'sysPartitionRemovableRecordKey_RefID', NULL::bigint,", "'sysBranch_RefID', varInstitutionBranchID::bigint,", "'sysBaseCurrency_RefID',varBaseCurrencyID::bigint,", "'organizationalDepartment_RefID', ", IF(EXACT($C15, ""), "null", CONCATENATE("'", SUBSTITUTE($C15, "'", "\'"), "'")), "::bigint, ", "'name', ", IF(EXACT($B15, ""), "null", CONCATENATE("'", SUBSTITUTE($B15, "'", "\'"), "'")), "::varchar", ")))::varchar;")) -> varSQL := varSQL || (CASE WHEN (varSQL = '') THEN '' ELSE ', ' END) || (SELECT JSON_BUILD_OBJECT ('recordID', NULL::bigint,'entities', JSON_BUILD_OBJECT ('sysLoginSession_RefID', varSystemLoginSession::bigint,'sysDataAnnotation', NULL::varchar,'sysDataSetDateTimeTZ', NULL::timestamptz,'sysDataValidityStartDateTimeTZ', NULL::timestamptz,'sysDataValidityFinishDateTimeTZ', NULL::timestamptz,'sysPartitionRemovableRecordKey_RefID', NULL::bigint,'sysBranch_RefID', varInstitutionBranchID::bigint,'sysBaseCurrency_RefID',varBaseCurrencyID::bigint,'organizationalDepartment_RefID', '111000000000008'::bigint, 'name', null::varchar)))::varchar;
C16: 111000000000009 | D16: =IF(EXACT(C16, ""), "", VLOOKUP(C16, '[1]MAIN - OrgDepartment'!$C$3:$D$26, 2, FALSE)) -> Legal | F16: =F15 + IF(EXACT(G16, ""), 0, 1) -> 252000000000013 | G16: =IF(AND(EXACT(B16, ""), EXACT(C16, "")), "", CONCATENATE("PERFORM ""SchSysConfig"".""Func_TblAppObject_UserRole_SET""(varSystemLoginSession, null::bigint, null::varchar, null::timestamptz, null::timestamptz, null::varchar, varInstitutionBranchID, varBaseCurrencyID, ", (IF(EXACT(B16, ""), "NULL", CONCATENATE("'", B16, "'"))),"::varchar);")) -> PERFORM "SchSysConfig"."Func_TblAppObject_UserRole_SET"(varSystemLoginSession, null::bigint, null::varchar, null::timestamptz, null::timestamptz, null::varchar, varInstitutionBranchID, varBaseCurrencyID, NULL::varchar); | I16: =IF(EXACT($G16, ""), "", CONCATENATE( "varSQL := varSQL || (CASE WHEN (varSQL = '') THEN '' ELSE ', ' END) || (SELECT JSON_BUILD_OBJECT (", "'recordID', NULL::bigint,", "'entities', ", "JSON_BUILD_OBJECT (", "'sysLoginSession_RefID', varSystemLoginSession::bigint,", "'sysDataAnnotation', NULL::varchar,", "'sysDataSetDateTimeTZ', NULL::timestamptz,", "'sysDataValidityStartDateTimeTZ', NULL::timestamptz,", "'sysDataValidityFinishDateTimeTZ', NULL::timestamptz,", "'sysPartitionRemovableRecordKey_RefID', NULL::bigint,", "'sysBranch_RefID', varInstitutionBranchID::bigint,", "'sysBaseCurrency_RefID',varBaseCurrencyID::bigint,", "'organizationalDepartment_RefID', ", IF(EXACT($C16, ""), "null", CONCATENATE("'", SUBSTITUTE($C16, "'", "\'"), "'")), "::bigint, ", "'name', ", IF(EXACT($B16, ""), "null", CONCATENATE("'", SUBSTITUTE($B16, "'", "\'"), "'")), "::varchar", ")))::varchar;")) -> varSQL := varSQL || (CASE WHEN (varSQL = '') THEN '' ELSE ', ' END) || (SELECT JSON_BUILD_OBJECT ('recordID', NULL::bigint,'entities', JSON_BUILD_OBJECT ('sysLoginSession_RefID', varSystemLoginSession::bigint,'sysDataAnnotation', NULL::varchar,'sysDataSetDateTimeTZ', NULL::timestamptz,'sysDataValidityStartDateTimeTZ', NULL::timestamptz,'sysDataValidityFinishDateTimeTZ', NULL::timestamptz,'sysPartitionRemovableRecordKey_RefID', NULL::bigint,'sysBranch_RefID', varInstitutionBranchID::bigint,'sysBaseCurrency_RefID',varBaseCurrencyID::bigint,'organizationalDepartment_RefID', '111000000000009'::bigint, 'name', null::varchar)))::varchar;
C17: 111000000000010 | D17: =IF(EXACT(C17, ""), "", VLOOKUP(C17, '[1]MAIN - OrgDepartment'!$C$3:$D$26, 2, FALSE)) -> Tools & Asset Management | F17: =F16 + IF(EXACT(G17, ""), 0, 1) -> 252000000000014 | G17: =IF(AND(EXACT(B17, ""), EXACT(C17, "")), "", CONCATENATE("PERFORM ""SchSysConfig"".""Func_TblAppObject_UserRole_SET""(varSystemLoginSession, null::bigint, null::varchar, null::timestamptz, null::timestamptz, null::varchar, varInstitutionBranchID, varBaseCurrencyID, ", (IF(EXACT(B17, ""), "NULL", CONCATENATE("'", B17, "'"))),"::varchar);")) -> PERFORM "SchSysConfig"."Func_TblAppObject_UserRole_SET"(varSystemLoginSession, null::bigint, null::varchar, null::timestamptz, null::timestamptz, null::varchar, varInstitutionBranchID, varBaseCurrencyID, NULL::varchar); | I17: =IF(EXACT($G17, ""), "", CONCATENATE( "varSQL := varSQL || (CASE WHEN (varSQL = '') THEN '' ELSE ', ' END) || (SELECT JSON_BUILD_OBJECT (", "'recordID', NULL::bigint,", "'entities', ", "JSON_BUILD_OBJECT (", "'sysLoginSession_RefID', varSystemLoginSession::bigint,", "'sysDataAnnotation', NULL::varchar,", "'sysDataSetDateTimeTZ', NULL::timestamptz,", "'sysDataValidityStartDateTimeTZ', NULL::timestamptz,", "'sysDataValidityFinishDateTimeTZ', NULL::timestamptz,", "'sysPartitionRemovableRecordKey_RefID', NULL::bigint,", "'sysBranch_RefID', varInstitutionBranchID::bigint,", "'sysBaseCurrency_RefID',varBaseCurrencyID::bigint,", "'organizationalDepartment_RefID', ", IF(EXACT($C17, ""), "null", CONCATENATE("'", SUBSTITUTE($C17, "'", "\'"), "'")), "::bigint, ", "'name', ", IF(EXACT($B17, ""), "null", CONCATENATE("'", SUBSTITUTE($B17, "'", "\'"), "'")), "::varchar", ")))::varchar;")) -> varSQL := varSQL || (CASE WHEN (varSQL = '') THEN '' ELSE ', ' END) || (SELECT JSON_BUILD_OBJECT ('recordID', NULL::bigint,'entities', JSON_BUILD_OBJECT ('sysLoginSession_RefID', varSystemLoginSession::bigint,'sysDataAnnotation', NULL::varchar,'sysDataSetDateTimeTZ', NULL::timestamptz,'sysDataValidityStartDateTimeTZ', NULL::timestamptz,'sysDataValidityFinishDateTimeTZ', NULL::timestamptz,'sysPartitionRemovableRecordKey_RefID', NULL::bigint,'sysBranch_RefID', varInstitutionBranchID::bigint,'sysBaseCurrency_RefID',varBaseCurrencyID::bigint,'organizationalDepartment_RefID', '111000000000010'::bigint, 'name', null::varchar)))::varchar;
C18: 111000000000011 | D18: =IF(EXACT(C18, ""), "", VLOOKUP(C18, '[1]MAIN - OrgDepartment'!$C$3:$D$26, 2, FALSE)) -> Project | F18: =F17 + IF(EXACT(G18, ""), 0, 1) -> 252000000000015 | G18: =IF(AND(EXACT(B18, ""), EXACT(C18, "")), "", CONCATENATE("PERFORM ""SchSysConfig"".""Func_TblAppObject_UserRole_SET""(varSystemLoginSession, null::bigint, null::varchar, null::timestamptz, null::timestamptz, null::varchar, varInstitutionBranchID, varBaseCurrencyID, ", (IF(EXACT(B18, ""), "NULL", CONCATENATE("'", B18, "'"))),"::varchar);")) -> PERFORM "SchSysConfig"."Func_TblAppObject_UserRole_SET"(varSystemLoginSession, null::bigint, null::varchar, null::timestamptz, null::timestamptz, null::varchar, varInstitutionBranchID, varBaseCurrencyID, NULL::varchar); | I18: =IF(EXACT($G18, ""), "", CONCATENATE( "varSQL := varSQL || (CASE WHEN (varSQL = '') THEN '' ELSE ', ' END) || (SELECT JSON_BUILD_OBJECT (", "'recordID', NULL::bigint,", "'entities', ", "JSON_BUILD_OBJECT (", "'sysLoginSession_RefID', varSystemLoginSession::bigint,", "'sysDataAnnotation', NULL::varchar,", "'sysDataSetDateTimeTZ', NULL::timestamptz,", "'sysDataValidityStartDateTimeTZ', NULL::timestamptz,", "'sysDataValidityFinishDateTimeTZ', NULL::timestamptz,", "'sysPartitionRemovableRecordKey_RefID', NULL::bigint,", "'sysBranch_RefID', varInstitutionBranchID::bigint,", "'sysBaseCurrency_RefID',varBaseCurrencyID::bigint,", "'organizationalDepartment_RefID', ", IF(EXACT($C18, ""), "null", CONCATENATE("'", SUBSTITUTE($C18, "'", "\'"), "'")), "::bigint, ", "'name', ", IF(EXACT($B18, ""), "null", CONCATENATE("'", SUBSTITUTE($B18, "'", "\'"), "'")), "::varchar", ")))::varchar;")) -> varSQL := varSQL || (CASE WHEN (varSQL = '') THEN '' ELSE ', ' END) || (SELECT JSON_BUILD_OBJECT ('recordID', NULL::bigint,'entities', JSON_BUILD_OBJECT ('sysLoginSession_RefID', varSystemLoginSession::bigint,'sysDataAnnotation', NULL::varchar,'sysDataSetDateTimeTZ', NULL::timestamptz,'sysDataValidityStartDateTimeTZ', NULL::timestamptz,'sysDataValidityFinishDateTimeTZ', NULL::timestamptz,'sysPartitionRemovableRecordKey_RefID', NULL::bigint,'sysBranch_RefID', varInstitutionBranchID::bigint,'sysBaseCurrency_RefID',varBaseCurrencyID::bigint,'organizationalDepartment_RefID', '111000000000011'::bigint, 'name', null::varchar)))::varchar;
C19: 111000000000012 | D19: =IF(EXACT(C19, ""), "", VLOOKUP(C19, '[1]MAIN - OrgDepartment'!$C$3:$D$26, 2, FALSE)) -> Procurement | F19: =F18 + IF(EXACT(G19, ""), 0, 1) -> 252000000000016 | G19: =IF(AND(EXACT(B19, ""), EXACT(C19, "")), "", CONCATENATE("PERFORM ""SchSysConfig"".""Func_TblAppObject_UserRole_SET""(varSystemLoginSession, null::bigint, null::varchar, null::timestamptz, null::timestamptz, null::varchar, varInstitutionBranchID, varBaseCurrencyID, ", (IF(EXACT(B19, ""), "NULL", CONCATENATE("'", B19, "'"))),"::varchar);")) -> PERFORM "SchSysConfig"."Func_TblAppObject_UserRole_SET"(varSystemLoginSession, null::bigint, null::varchar, null::timestamptz, null::timestamptz, null::varchar, varInstitutionBranchID, varBaseCurrencyID, NULL::varchar); | I19: =IF(EXACT($G19, ""), "", CONCATENATE( "varSQL := varSQL || (CASE WHEN (varSQL = '') THEN '' ELSE ', ' END) || (SELECT JSON_BUILD_OBJECT (", "'recordID', NULL::bigint,", "'entities', ", "JSON_BUILD_OBJECT (", "'sysLoginSession_RefID', varSystemLoginSession::bigint,", "'sysDataAnnotation', NULL::varchar,", "'sysDataSetDateTimeTZ', NULL::timestamptz,", "'sysDataValidityStartDateTimeTZ', NULL::timestamptz,", "'sysDataValidityFinishDateTimeTZ', NULL::timestamptz,", "'sysPartitionRemovableRecordKey_RefID', NULL::bigint,", "'sysBranch_RefID', varInstitutionBranchID::bigint,", "'sysBaseCurrency_RefID',varBaseCurrencyID::bigint,", "'organizationalDepartment_RefID', ", IF(EXACT($C19, ""), "null", CONCATENATE("'", SUBSTITUTE($C19, "'", "\'"), "'")), "::bigint, ", "'name', ", IF(EXACT($B19, ""), "null", CONCATENATE("'", SUBSTITUTE($B19, "'", "\'"), "'")), "::varchar", ")))::varchar;")) -> varSQL := varSQL || (CASE WHEN (varSQL = '') THEN '' ELSE ', ' END) || (SELECT JSON_BUILD_OBJECT ('recordID', NULL::bigint,'entities', JSON_BUILD_OBJECT ('sysLoginSession_RefID', varSystemLoginSession::bigint,'sysDataAnnotation', NULL::varchar,'sysDataSetDateTimeTZ', NULL::timestamptz,'sysDataValidityStartDateTimeTZ', NULL::timestamptz,'sysDataValidityFinishDateTimeTZ', NULL::timestamptz,'sysPartitionRemovableRecordKey_RefID', NULL::bigint,'sysBranch_RefID', varInstitutionBranchID::bigint,'sysBaseCurrency_RefID',varBaseCurrencyID::bigint,'organizationalDepartment_RefID', '111000000000012'::bigint, 'name', null::varchar)))::varchar;
C20: 111000000000013 | D20: =IF(EXACT(C20, ""), "", VLOOKUP(C20, '[1]MAIN - OrgDepartment'!$C$3:$D$26, 2, FALSE)) -> Civil And Mechanical Engineering | F20: =F19 + IF(EXACT(G20, ""), 0, 1) -> 252000000000017 | G20: =IF(AND(EXACT(B20, ""), EXACT(C20, "")), "", CONCATENATE("PERFORM ""SchSysConfig"".""Func_TblAppObject_UserRole_SET""(varSystemLoginSession, null::bigint, null::varchar, null::timestamptz, null::timestamptz, null::varchar, varInstitutionBranchID, varBaseCurrencyID, ", (IF(EXACT(B20, ""), "NULL", CONCATENATE("'", B20, "'"))),"::varchar);")) -> PERFORM "SchSysConfig"."Func_TblAppObject_UserRole_SET"(varSystemLoginSession, null::bigint, null::varchar, null::timestamptz, null::timestamptz, null::varchar, varInstitutionBranchID, varBaseCurrencyID, NULL::varchar); | I20: =IF(EXACT($G20, ""), "", CONCATENATE( "varSQL := varSQL || (CASE WHEN (varSQL = '') THEN '' ELSE ', ' END) || (SELECT JSON_BUILD_OBJECT (", "'recordID', NULL::bigint,", "'entities', ", "JSON_BUILD_OBJECT (", "'sysLoginSession_RefID', varSystemLoginSession::bigint,", "'sysDataAnnotation', NULL::varchar,", "'sysDataSetDateTimeTZ', NULL::timestamptz,", "'sysDataValidityStartDateTimeTZ', NULL::timestamptz,", "'sysDataValidityFinishDateTimeTZ', NULL::timestamptz,", "'sysPartitionRemovableRecordKey_RefID', NULL::bigint,", "'sysBranch_RefID', varInstitutionBranchID::bigint,", "'sysBaseCurrency_RefID',varBaseCurrencyID::bigint,", "'organizationalDepartment_RefID', ", IF(EXACT($C20, ""), "null", CONCATENATE("'", SUBSTITUTE($C20, "'", "\'"), "'")), "::bigint, ", "'name', ", IF(EXACT($B20, ""), "null", CONCATENATE("'", SUBSTITUTE($B20, "'", "\'"), "'")), "::varchar", ")))::varchar;")) -> varSQL := varSQL || (CASE WHEN (varSQL = '') THEN '' ELSE ', ' END) || (SELECT JSON_BUILD_OBJECT ('recordID', NULL::bigint,'entities', JSON_BUILD_OBJECT ('sysLoginSession_RefID', varSystemLoginSession::bigint,'sysDataAnnotation', NULL::varchar,'sysDataSetDateTimeTZ', NULL::timestamptz,'sysDataValidityStartDateTimeTZ', NULL::timestamptz,'sysDataValidityFinishDateTimeTZ', NULL::timestamptz,'sysPartitionRemovableRecordKey_RefID', NULL::bigint,'sysBranch_RefID', varInstitutionBranchID::bigint,'sysBaseCurrency_RefID',varBaseCurrencyID::bigint,'organizationalDepartment_RefID', '111000000000013'::bigint, 'name', null::varchar)))::varchar;
... C31: 111000000000024 | D31: =IF(EXACT(C31, ""), "", VLOOKUP(C31, '[1]MAIN - OrgDepartment'!$C$3:$D$26, 2, FALSE)) -> Warehouse & TAM | F31: =F30 + IF(EXACT(G31, ""), 0, 1) -> 252000000000028 | G31: =IF(AND(EXACT(B31, ""), EXACT(C31, "")), "", CONCATENATE("PERFORM ""SchSysConfig"".""Func_TblAppObject_UserRole_SET""(varSystemLoginSession, null::bigint, null::varchar, null::timestamptz, null::timestamptz, null::varchar, varInstitutionBranchID, varBaseCurrencyID, ", (IF(EXACT(B31, ""), "NULL", CONCATENATE("'", B31, "'"))),"::varchar);")) -> PERFORM "SchSysConfig"."Func_TblAppObject_UserRole_SET"(varSystemLoginSession, null::bigint, null::varchar, null::timestamptz, null::timestamptz, null::varchar, varInstitutionBranchID, varBaseCurrencyID, NULL::varchar); | I31: =IF(EXACT($G31, ""), "", CONCATENATE( "varSQL := varSQL || (CASE WHEN (varSQL = '') THEN '' ELSE ', ' END) || (SELECT JSON_BUILD_OBJECT (", "'recordID', NULL::bigint,", "'entities', ", "JSON_BUILD_OBJECT (", "'sysLoginSession_RefID', varSystemLoginSession::bigint,", "'sysDataAnnotation', NULL::varchar,", "'sysDataSetDateTimeTZ', NULL::timestamptz,", "'sysDataValidityStartDateTimeTZ', NULL::timestamptz,", "'sysDataValidityFinishDateTimeTZ', NULL::timestamptz,", "'sysPartitionRemovableRecordKey_RefID', NULL::bigint,", "'sysBranch_RefID', varInstitutionBranchID::bigint,", "'sysBaseCurrency_RefID',varBaseCurrencyID::bigint,", "'organizationalDepartment_RefID', ", IF(EXACT($C31, ""), "null", CONCATENATE("'", SUBSTITUTE($C31, "'", "\'"), "'")), "::bigint, ", "'name', ", IF(EXACT($B31, ""), "null", CONCATENATE("'", SUBSTITUTE($B31, "'", "\'"), "'")), "::varchar", ")))::varchar;")) -> varSQL := varSQL || (CASE WHEN (varSQL = '') THEN '' ELSE ', ' END) || (SELECT JSON_BUILD_OBJECT ('recordID', NULL::bigint,'entities', JSON_BUILD_OBJECT ('sysLoginSession_RefID', varSystemLoginSession::bigint,'sysDataAnnotation', NULL::varchar,'sysDataSetDateTimeTZ', NULL::timestamptz,'sysDataValidityStartDateTimeTZ', NULL::timestamptz,'sysDataValidityFinishDateTimeTZ', NULL::timestamptz,'sysPartitionRemovableRecordKey_RefID', NULL::bigint,'sysBranch_RefID', varInstitutionBranchID::bigint,'sysBaseCurrency_RefID',varBaseCurrencyID::bigint,'organizationalDepartment_RefID', '111000000000024'::bigint, 'name', null::varchar)))::varchar;
F32: =F31 + IF(EXACT(G32, ""), 0, 1) -> 252000000000028 | G32: =IF(AND(EXACT(B32, ""), EXACT(C32, "")), "", CONCATENATE("PERFORM ""SchSysConfig"".""Func_TblAppObject_UserRole_SET""(varSystemLoginSession, null::bigint, null::varchar, null::timestamptz, null::timestamptz, null::varchar, varInstitutionBranchID, varBaseCurrencyID, ", (IF(EXACT(B32, ""), "NULL", CONCATENATE("'", B32, "'"))),"::varchar);")) | I32: =IF(EXACT($G32, ""), "", CONCATENATE( "varSQL := varSQL || (CASE WHEN (varSQL = '') THEN '' ELSE ', ' END) || (SELECT JSON_BUILD_OBJECT (", "'recordID', NULL::bigint,", "'entities', ", "JSON_BUILD_OBJECT (", "'sysLoginSession_RefID', varSystemLoginSession::bigint,", "'sysDataAnnotation', NULL::varchar,", "'sysDataSetDateTimeTZ', NULL::timestamptz,", "'sysDataValidityStartDateTimeTZ', NULL::timestamptz,", "'sysDataValidityFinishDateTimeTZ', NULL::timestamptz,", "'sysPartitionRemovableRecordKey_RefID', NULL::bigint,", "'sysBranch_RefID', varInstitutionBranchID::bigint,", "'sysBaseCurrency_RefID',varBaseCurrencyID::bigint,", "'organizationalDepartment_RefID', ", IF(EXACT($C32, ""), "null", CONCATENATE("'", SUBSTITUTE($C32, "'", "\'"), "'")), "::bigint, ", "'name', ", IF(EXACT($B32, ""), "null", CONCATENATE("'", SUBSTITUTE($B32, "'", "\'"), "'")), "::varchar", ")))::varchar;"))
F33: =F32 + IF(EXACT(G33, ""), 0, 1) -> 252000000000028 | G33: =IF(AND(EXACT(B33, ""), EXACT(C33, "")), "", CONCATENATE("PERFORM ""SchSysConfig"".""Func_TblAppObject_UserRole_SET""(varSystemLoginSession, null::bigint, null::varchar, null::timestamptz, null::timestamptz, null::varchar, varInstitutionBranchID, varBaseCurrencyID, ", (IF(EXACT(B33, ""), "NULL", CONCATENATE("'", B33, "'"))),"::varchar);")) | I33: =IF(EXACT($G33, ""), "", CONCATENATE( "varSQL := varSQL || (CASE WHEN (varSQL = '') THEN '' ELSE ', ' END) || (SELECT JSON_BUILD_OBJECT (", "'recordID', NULL::bigint,", "'entities', ", "JSON_BUILD_OBJECT (", "'sysLoginSession_RefID', varSystemLoginSession::bigint,", "'sysDataAnnotation', NULL::varchar,", "'sysDataSetDateTimeTZ', NULL::timestamptz,", "'sysDataValidityStartDateTimeTZ', NULL::timestamptz,", "'sysDataValidityFinishDateTimeTZ', NULL::timestamptz,", "'sysPartitionRemovableRecordKey_RefID', NULL::bigint,", "'sysBranch_RefID', varInstitutionBranchID::bigint,", "'sysBaseCurrency_RefID',varBaseCurrencyID::bigint,", "'organizationalDepartment_RefID', ", IF(EXACT($C33, ""), "null", CONCATENATE("'", SUBSTITUTE($C33, "'", "\'"), "'")), "::bigint, ", "'name', ", IF(EXACT($B33, ""), "null", CONCATENATE("'", SUBSTITUTE($B33, "'", "\'"), "'")), "::varchar", ")))::varchar;"))

Sheet DataLookUp
B2: Sys_PID | C2: =MAIN!B2 -> User Role Group Name
B4: =IF(AND(EXACT(MAIN!$B4, ""), EXACT(MAIN!$D4, "")), "", MAIN!$F4) -> 252000000000001 | C4: =IF(EXACT(B4, ""), "", IF(EXACT(MAIN!B4, ""), IF(EXACT(MAIN!C4, ""), "", CONCATENATE("Department - ", MAIN!D4)), MAIN!B4)) -> System
B5: =IF(AND(EXACT(MAIN!$B5, ""), EXACT(MAIN!$D5, "")), "", MAIN!$F5) -> 252000000000002 | C5: =IF(EXACT(B5, ""), "", IF(EXACT(MAIN!B5, ""), IF(EXACT(MAIN!C5, ""), "", CONCATENATE("Department - ", MAIN!D5)), MAIN!B5)) -> External
B6: =IF(AND(EXACT(MAIN!$B6, ""), EXACT(MAIN!$D6, "")), "", MAIN!$F6) -> 252000000000003 | C6: =IF(EXACT(B6, ""), "", IF(EXACT(MAIN!B6, ""), IF(EXACT(MAIN!C6, ""), "", CONCATENATE("Department - ", MAIN!D6)), MAIN!B6)) -> Board Of Director
B7: =IF(AND(EXACT(MAIN!$B7, ""), EXACT(MAIN!$D7, "")), "", MAIN!$F7) -> 252000000000004 | C7: =IF(EXACT(B7, ""), "", IF(EXACT(MAIN!B7, ""), IF(EXACT(MAIN!C7, ""), "", CONCATENATE("Department - ", MAIN!D7)), MAIN!B7)) -> Board Of Comissioner
B8: =IF(AND(EXACT(MAIN!$B8, ""), EXACT(MAIN!$D8, "")), "", MAIN!$F8) -> 252000000000005 | C8: =IF(EXACT(B8, ""), "", IF(EXACT(MAIN!B8, ""), IF(EXACT(MAIN!C8, ""), "", CONCATENATE("Department - ", MAIN!D8)), MAIN!B8)) -> Top Level Management
B9: =IF(AND(EXACT(MAIN!$B9, ""), EXACT(MAIN!$D9, "")), "", MAIN!$F9) -> 252000000000006 | C9: =IF(EXACT(B9, ""), "", IF(EXACT(MAIN!B9, ""), IF(EXACT(MAIN!C9, ""), "", CONCATENATE("Department - ", MAIN!D9)), MAIN!B9)) -> Department - Business Development
B10: =IF(AND(EXACT(MAIN!$B10, ""), EXACT(MAIN!$D10, "")), "", MAIN!$F10) -> 252000000000007 | C10: =IF(EXACT(B10, ""), "", IF(EXACT(MAIN!B10, ""), IF(EXACT(MAIN!C10, ""), "", CONCATENATE("Department - ", MAIN!D10)), MAIN!B10)) -> Department - Information Technology
B11: =IF(AND(EXACT(MAIN!$B11, ""), EXACT(MAIN!$D11, "")), "", MAIN!$F11) -> 252000000000008 | C11: =IF(EXACT(B11, ""), "", IF(EXACT(MAIN!B11, ""), IF(EXACT(MAIN!C11, ""), "", CONCATENATE("Department - ", MAIN!D11)), MAIN!B11)) -> Department - Sales & Marketing
B12: =IF(AND(EXACT(MAIN!$B12, ""), EXACT(MAIN!$D12, "")), "", MAIN!$F12) -> 252000000000009 | C12: =IF(EXACT(B12, ""), "", IF(EXACT(MAIN!B12, ""), IF(EXACT(MAIN!C12, ""), "", CONCATENATE("Department - ", MAIN!D12)), MAIN!B12)) -> Department - Finance & Accounting
B13: =IF(AND(EXACT(MAIN!$B13, ""), EXACT(MAIN!$D13, "")), "", MAIN!$F13) -> 252000000000010 | C13: =IF(EXACT(B13, ""), "", IF(EXACT(MAIN!B13, ""), IF(EXACT(MAIN!C13, ""), "", CONCATENATE("Department - ", MAIN!D13)), MAIN!B13)) -> Department - Human Resource Development
B14: =IF(AND(EXACT(MAIN!$B14, ""), EXACT(MAIN!$D14, "")), "", MAIN!$F14) -> 252000000000011 | C14: =IF(EXACT(B14, ""), "", IF(EXACT(MAIN!B14, ""), IF(EXACT(MAIN!C14, ""), "", CONCATENATE("Department - ", MAIN!D14)), MAIN!B14)) -> Department - Health Safety Environment
B15: =IF(AND(EXACT(MAIN!$B15, ""), EXACT(MAIN!$D15, "")), "", MAIN!$F15) -> 252000000000012 | C15: =IF(EXACT(B15, ""), "", IF(EXACT(MAIN!B15, ""), IF(EXACT(MAIN!C15, ""), "", CONCATENATE("Department - ", MAIN!D15)), MAIN!B15)) -> Department - Logistics & Warehouse
... B32: =IF(AND(EXACT(MAIN!$B32, ""), EXACT(MAIN!$D32, "")), "", MAIN!$F32) | C32: =IF(EXACT(B32, ""), "", IF(EXACT(MAIN!B32, ""), IF(EXACT(MAIN!C32, ""), "", CONCATENATE("Department - ", MAIN!D32)), MAIN!B32))
